lakeid,sampledate,variable,depth,value,prev_depth,prev_value,jump,reason,o2_also_nulled
ME,2022-07-13,o2sat,24.1,102.4,24,8.3,94.1,auto_bottom_jump,11
MO,2001-10-22,wtemp,21.9,21.7,21,12.7,9,auto_bottom_jump,
SP,2004-08-16,o2sat,0,102.2,,,,manual_full_profile,8.9
SP,2004-08-16,o2sat,1,107,,,,manual_full_profile,9.3
SP,2004-08-16,o2sat,2,109.3,,,,manual_full_profile,9.5
SP,2004-08-16,o2sat,3,111.8,,,,manual_full_profile,9.7
SP,2004-08-16,o2sat,4,78.4,,,,manual_full_profile,6.8
SP,2004-08-16,o2sat,5,66.9,,,,manual_full_profile,5.8
SP,2004-08-16,o2sat,6,55.3,,,,manual_full_profile,4.8
SP,2004-08-16,o2sat,7,49.5,,,,manual_full_profile,4.3
SP,2004-08-16,o2sat,8,50,,,,manual_full_profile,4.6
SP,2004-08-16,o2sat,9,49.2,,,,manual_full_profile,4.9
SP,2004-08-16,o2sat,10,47.6,,,,manual_full_profile,5
SP,2004-08-16,o2sat,11,46.3,,,,manual_full_profile,5
SP,2004-08-16,o2sat,12,43.1,,,,manual_full_profile,4.8
SP,2004-08-16,o2sat,13,37.3,,,,manual_full_profile,4.2
SP,2004-08-16,o2sat,14,32.5,,,,manual_full_profile,3.7
SP,2004-08-16,o2sat,15,27.1,,,,manual_full_profile,3.1
SP,2004-08-16,o2sat,16,20.9,,,,manual_full_profile,2.4
SP,2004-08-16,o2sat,17,7.8,,,,manual_full_profile,0.9
SP,2004-08-16,o2sat,18,6,,,,manual_full_profile,0.7
CR,2012-01-13,wtemp,0,1.5,,,,manual_crystal_mixing_experiment,
CR,2012-01-13,wtemp,1,3.2,,,,manual_crystal_mixing_experiment,
CR,2012-01-13,wtemp,2,3.9,,,,manual_crystal_mixing_experiment,
CR,2012-01-13,wtemp,3,4,,,,manual_crystal_mixing_experiment,
CR,2012-01-13,wtemp,4,4,,,,manual_crystal_mixing_experiment,
CR,2012-01-13,wtemp,5,4,,,,manual_crystal_mixing_experiment,
CR,2012-01-13,wtemp,6,4,,,,manual_crystal_mixing_experiment,
CR,2012-01-13,wtemp,7,4.1,,,,manual_crystal_mixing_experiment,
CR,2012-01-13,wtemp,8,4,,,,manual_crystal_mixing_experiment,
CR,2012-01-13,wtemp,9,4,,,,manual_crystal_mixing_experiment,
CR,2012-01-13,wtemp,10,4,,,,manual_crystal_mixing_experiment,
CR,2012-01-13,wtemp,11,4,,,,manual_crystal_mixing_experiment,
CR,2012-01-13,wtemp,12,4,,,,manual_crystal_mixing_experiment,
CR,2012-01-13,wtemp,13,4,,,,manual_crystal_mixing_experiment,
CR,2012-01-13,wtemp,14,4.1,,,,manual_crystal_mixing_experiment,
CR,2012-01-13,wtemp,15,4.1,,,,manual_crystal_mixing_experiment,
CR,2012-01-13,wtemp,16,4.3,,,,manual_crystal_mixing_experiment,
CR,2012-01-13,wtemp,17,4.4,,,,manual_crystal_mixing_experiment,
CR,2012-01-13,wtemp,18,4.6,,,,manual_crystal_mixing_experiment,
CR,2012-02-24,wtemp,0,0.9,,,,manual_crystal_mixing_experiment,
CR,2012-02-24,wtemp,1,2.4,,,,manual_crystal_mixing_experiment,
CR,2012-02-24,wtemp,2,3.7,,,,manual_crystal_mixing_experiment,
CR,2012-02-24,wtemp,3,3.9,,,,manual_crystal_mixing_experiment,
CR,2012-02-24,wtemp,4,4,,,,manual_crystal_mixing_experiment,
CR,2012-02-24,wtemp,5,4,,,,manual_crystal_mixing_experiment,
CR,2012-02-24,wtemp,6,4,,,,manual_crystal_mixing_experiment,
CR,2012-02-24,wtemp,7,4,,,,manual_crystal_mixing_experiment,
CR,2012-02-24,wtemp,8,4,,,,manual_crystal_mixing_experiment,
CR,2012-02-24,wtemp,9,4,,,,manual_crystal_mixing_experiment,
CR,2012-02-24,wtemp,10,4,,,,manual_crystal_mixing_experiment,
CR,2012-02-24,wtemp,11,4,,,,manual_crystal_mixing_experiment,
CR,2012-02-24,wtemp,12,4,,,,manual_crystal_mixing_experiment,
CR,2012-02-24,wtemp,13,4.1,,,,manual_crystal_mixing_experiment,
CR,2012-02-24,wtemp,14,4.2,,,,manual_crystal_mixing_experiment,
CR,2012-02-24,wtemp,15,4.3,,,,manual_crystal_mixing_experiment,
CR,2012-02-24,wtemp,16,4.4,,,,manual_crystal_mixing_experiment,
CR,2012-02-24,wtemp,17,4.5,,,,manual_crystal_mixing_experiment,
CR,2012-02-24,wtemp,18,4.6,,,,manual_crystal_mixing_experiment,
CR,2012-04-05,wtemp,0,7.7,,,,manual_crystal_mixing_experiment,
CR,2012-04-05,wtemp,1,7.6,,,,manual_crystal_mixing_experiment,
CR,2012-04-05,wtemp,2,7.4,,,,manual_crystal_mixing_experiment,
CR,2012-04-05,wtemp,3,7.3,,,,manual_crystal_mixing_experiment,
CR,2012-04-05,wtemp,4,7.2,,,,manual_crystal_mixing_experiment,
CR,2012-04-05,wtemp,5,7.1,,,,manual_crystal_mixing_experiment,
CR,2012-04-05,wtemp,6,7,,,,manual_crystal_mixing_experiment,
CR,2012-04-05,wtemp,7,6.9,,,,manual_crystal_mixing_experiment,
CR,2012-04-05,wtemp,8,6.8,,,,manual_crystal_mixing_experiment,
CR,2012-04-05,wtemp,9,6.7,,,,manual_crystal_mixing_experiment,
CR,2012-04-05,wtemp,10,6.7,,,,manual_crystal_mixing_experiment,
CR,2012-04-05,wtemp,11,6.5,,,,manual_crystal_mixing_experiment,
CR,2012-04-05,wtemp,12,6.4,,,,manual_crystal_mixing_experiment,
CR,2012-04-05,wtemp,13,6.1,,,,manual_crystal_mixing_experiment,
CR,2012-04-05,wtemp,14,6.1,,,,manual_crystal_mixing_experiment,
CR,2012-04-05,wtemp,15,5.9,,,,manual_crystal_mixing_experiment,
CR,2012-04-05,wtemp,16,5.7,,,,manual_crystal_mixing_experiment,
CR,2012-04-05,wtemp,17,5.6,,,,manual_crystal_mixing_experiment,
CR,2012-04-05,wtemp,18,5.5,,,,manual_crystal_mixing_experiment,
CR,2012-04-18,wtemp,0,8.1,,,,manual_crystal_mixing_experiment,
CR,2012-04-18,wtemp,1,8.1,,,,manual_crystal_mixing_experiment,
CR,2012-04-18,wtemp,2,8,,,,manual_crystal_mixing_experiment,
CR,2012-04-18,wtemp,3,8,,,,manual_crystal_mixing_experiment,
CR,2012-04-18,wtemp,4,8,,,,manual_crystal_mixing_experiment,
CR,2012-04-18,wtemp,5,7.9,,,,manual_crystal_mixing_experiment,
CR,2012-04-18,wtemp,6,7.9,,,,manual_crystal_mixing_experiment,
CR,2012-04-18,wtemp,7,7.9,,,,manual_crystal_mixing_experiment,
CR,2012-04-18,wtemp,8,7.9,,,,manual_crystal_mixing_experiment,
CR,2012-04-18,wtemp,9,7.8,,,,manual_crystal_mixing_experiment,
CR,2012-04-18,wtemp,10,7.8,,,,manual_crystal_mixing_experiment,
CR,2012-04-18,wtemp,11,7.8,,,,manual_crystal_mixing_experiment,
CR,2012-04-18,wtemp,12,7.8,,,,manual_crystal_mixing_experiment,
CR,2012-04-18,wtemp,13,7.8,,,,manual_crystal_mixing_experiment,
CR,2012-04-18,wtemp,14,7.6,,,,manual_crystal_mixing_experiment,
CR,2012-04-18,wtemp,15,7.5,,,,manual_crystal_mixing_experiment,
CR,2012-04-18,wtemp,16,7,,,,manual_crystal_mixing_experiment,
CR,2012-04-18,wtemp,17,6.9,,,,manual_crystal_mixing_experiment,
CR,2012-05-04,wtemp,0,12.3,,,,manual_crystal_mixing_experiment,
CR,2012-05-04,wtemp,1,12.2,,,,manual_crystal_mixing_experiment,
CR,2012-05-04,wtemp,2,11.6,,,,manual_crystal_mixing_experiment,
CR,2012-05-04,wtemp,3,11.2,,,,manual_crystal_mixing_experiment,
CR,2012-05-04,wtemp,4,10.9,,,,manual_crystal_mixing_experiment,
CR,2012-05-04,wtemp,5,10.6,,,,manual_crystal_mixing_experiment,
CR,2012-05-04,wtemp,6,10.2,,,,manual_crystal_mixing_experiment,
CR,2012-05-04,wtemp,7,9.6,,,,manual_crystal_mixing_experiment,
CR,2012-05-04,wtemp,8,9.4,,,,manual_crystal_mixing_experiment,
CR,2012-05-04,wtemp,9,9.3,,,,manual_crystal_mixing_experiment,
CR,2012-05-04,wtemp,10,9.1,,,,manual_crystal_mixing_experiment,
CR,2012-05-04,wtemp,11,8.7,,,,manual_crystal_mixing_experiment,
CR,2012-05-04,wtemp,12,8.6,,,,manual_crystal_mixing_experiment,
CR,2012-05-04,wtemp,13,8.5,,,,manual_crystal_mixing_experiment,
CR,2012-05-04,wtemp,14,8.4,,,,manual_crystal_mixing_experiment,
CR,2012-05-04,wtemp,15,8.3,,,,manual_crystal_mixing_experiment,
CR,2012-05-04,wtemp,16,8.3,,,,manual_crystal_mixing_experiment,
CR,2012-05-04,wtemp,17,8.3,,,,manual_crystal_mixing_experiment,
CR,2012-05-04,wtemp,18,8.2,,,,manual_crystal_mixing_experiment,
CR,2012-05-17,wtemp,0,15.1,,,,manual_crystal_mixing_experiment,
CR,2012-05-17,wtemp,1,15,,,,manual_crystal_mixing_experiment,
CR,2012-05-17,wtemp,2,14.9,,,,manual_crystal_mixing_experiment,
CR,2012-05-17,wtemp,3,14.6,,,,manual_crystal_mixing_experiment,
CR,2012-05-17,wtemp,4,14.4,,,,manual_crystal_mixing_experiment,
CR,2012-05-17,wtemp,5,14.1,,,,manual_crystal_mixing_experiment,
CR,2012-05-17,wtemp,6,13.5,,,,manual_crystal_mixing_experiment,
CR,2012-05-17,wtemp,7,12.6,,,,manual_crystal_mixing_experiment,
CR,2012-05-17,wtemp,8,11.9,,,,manual_crystal_mixing_experiment,
CR,2012-05-17,wtemp,9,11.3,,,,manual_crystal_mixing_experiment,
CR,2012-05-17,wtemp,10,10.7,,,,manual_crystal_mixing_experiment,
CR,2012-05-17,wtemp,11,10.2,,,,manual_crystal_mixing_experiment,
CR,2012-05-17,wtemp,12,9.9,,,,manual_crystal_mixing_experiment,
CR,2012-05-17,wtemp,13,9.7,,,,manual_crystal_mixing_experiment,
CR,2012-05-17,wtemp,14,9.2,,,,manual_crystal_mixing_experiment,
CR,2012-05-17,wtemp,15,9.2,,,,manual_crystal_mixing_experiment,
CR,2012-05-17,wtemp,16,9.1,,,,manual_crystal_mixing_experiment,
CR,2012-05-17,wtemp,17,9.1,,,,manual_crystal_mixing_experiment,
CR,2012-05-17,wtemp,18,9,,,,manual_crystal_mixing_experiment,
CR,2012-06-01,wtemp,0,16.5,,,,manual_crystal_mixing_experiment,
CR,2012-06-01,wtemp,1,16.3,,,,manual_crystal_mixing_experiment,
CR,2012-06-01,wtemp,2,16.3,,,,manual_crystal_mixing_experiment,
CR,2012-06-01,wtemp,3,16.2,,,,manual_crystal_mixing_experiment,
CR,2012-06-01,wtemp,4,16.1,,,,manual_crystal_mixing_experiment,
CR,2012-06-01,wtemp,5,16.1,,,,manual_crystal_mixing_experiment,
CR,2012-06-01,wtemp,6,16,,,,manual_crystal_mixing_experiment,
CR,2012-06-01,wtemp,7,15.5,,,,manual_crystal_mixing_experiment,
CR,2012-06-01,wtemp,8,14.5,,,,manual_crystal_mixing_experiment,
CR,2012-06-01,wtemp,9,14.3,,,,manual_crystal_mixing_experiment,
CR,2012-06-01,wtemp,10,13.6,,,,manual_crystal_mixing_experiment,
CR,2012-06-01,wtemp,11,12.2,,,,manual_crystal_mixing_experiment,
CR,2012-06-01,wtemp,12,11.9,,,,manual_crystal_mixing_experiment,
CR,2012-06-01,wtemp,13,11.5,,,,manual_crystal_mixing_experiment,
CR,2012-06-01,wtemp,14,11.3,,,,manual_crystal_mixing_experiment,
CR,2012-06-01,wtemp,15,11,,,,manual_crystal_mixing_experiment,
CR,2012-06-01,wtemp,16,10.9,,,,manual_crystal_mixing_experiment,
CR,2012-06-01,wtemp,17,10.8,,,,manual_crystal_mixing_experiment,
CR,2012-06-01,wtemp,18,10.8,,,,manual_crystal_mixing_experiment,
CR,2012-06-07,wtemp,0,19,,,,manual_crystal_mixing_experiment,
CR,2012-06-07,wtemp,1,18.7,,,,manual_crystal_mixing_experiment,
CR,2012-06-07,wtemp,2,18.4,,,,manual_crystal_mixing_experiment,
CR,2012-06-07,wtemp,3,17.9,,,,manual_crystal_mixing_experiment,
CR,2012-06-07,wtemp,4,17.6,,,,manual_crystal_mixing_experiment,
CR,2012-06-07,wtemp,5,17.2,,,,manual_crystal_mixing_experiment,
CR,2012-06-07,wtemp,6,16.5,,,,manual_crystal_mixing_experiment,
CR,2012-06-07,wtemp,7,16.1,,,,manual_crystal_mixing_experiment,
CR,2012-06-07,wtemp,8,15.7,,,,manual_crystal_mixing_experiment,
CR,2012-06-07,wtemp,9,14.6,,,,manual_crystal_mixing_experiment,
CR,2012-06-07,wtemp,10,13.9,,,,manual_crystal_mixing_experiment,
CR,2012-06-07,wtemp,11,13.3,,,,manual_crystal_mixing_experiment,
CR,2012-06-07,wtemp,12,13,,,,manual_crystal_mixing_experiment,
CR,2012-06-07,wtemp,13,12.5,,,,manual_crystal_mixing_experiment,
CR,2012-06-07,wtemp,14,11.8,,,,manual_crystal_mixing_experiment,
CR,2012-06-07,wtemp,15,11.6,,,,manual_crystal_mixing_experiment,
CR,2012-06-07,wtemp,16,11.5,,,,manual_crystal_mixing_experiment,
CR,2012-06-07,wtemp,17,11.5,,,,manual_crystal_mixing_experiment,
CR,2012-06-07,wtemp,18,11.4,,,,manual_crystal_mixing_experiment,
CR,2012-06-12,wtemp,0,19.7,,,,manual_crystal_mixing_experiment,
CR,2012-06-12,wtemp,1,19.7,,,,manual_crystal_mixing_experiment,
CR,2012-06-12,wtemp,2,19.7,,,,manual_crystal_mixing_experiment,
CR,2012-06-12,wtemp,3,19.7,,,,manual_crystal_mixing_experiment,
CR,2012-06-12,wtemp,4,19.7,,,,manual_crystal_mixing_experiment,
CR,2012-06-12,wtemp,5,19.5,,,,manual_crystal_mixing_experiment,
CR,2012-06-12,wtemp,6,18.1,,,,manual_crystal_mixing_experiment,
CR,2012-06-12,wtemp,7,17,,,,manual_crystal_mixing_experiment,
CR,2012-06-12,wtemp,8,16,,,,manual_crystal_mixing_experiment,
CR,2012-06-12,wtemp,9,15.4,,,,manual_crystal_mixing_experiment,
CR,2012-06-12,wtemp,10,15,,,,manual_crystal_mixing_experiment,
CR,2012-06-12,wtemp,11,14.3,,,,manual_crystal_mixing_experiment,
CR,2012-06-12,wtemp,12,13.6,,,,manual_crystal_mixing_experiment,
CR,2012-06-12,wtemp,13,13.2,,,,manual_crystal_mixing_experiment,
CR,2012-06-12,wtemp,14,12.7,,,,manual_crystal_mixing_experiment,
CR,2012-06-12,wtemp,15,12.5,,,,manual_crystal_mixing_experiment,
CR,2012-06-12,wtemp,16,12.3,,,,manual_crystal_mixing_experiment,
CR,2012-06-12,wtemp,17,12.3,,,,manual_crystal_mixing_experiment,
CR,2012-06-12,wtemp,18,12.2,,,,manual_crystal_mixing_experiment,
CR,2012-06-21,wtemp,0,20.9,,,,manual_crystal_mixing_experiment,
CR,2012-06-21,wtemp,1,20.9,,,,manual_crystal_mixing_experiment,
CR,2012-06-21,wtemp,2,20.8,,,,manual_crystal_mixing_experiment,
CR,2012-06-21,wtemp,3,20.6,,,,manual_crystal_mixing_experiment,
CR,2012-06-21,wtemp,4,19.7,,,,manual_crystal_mixing_experiment,
CR,2012-06-21,wtemp,5,19.2,,,,manual_crystal_mixing_experiment,
CR,2012-06-21,wtemp,6,18.7,,,,manual_crystal_mixing_experiment,
CR,2012-06-21,wtemp,7,18,,,,manual_crystal_mixing_experiment,
CR,2012-06-21,wtemp,8,17.5,,,,manual_crystal_mixing_experiment,
CR,2012-06-21,wtemp,9,17,,,,manual_crystal_mixing_experiment,
CR,2012-06-21,wtemp,10,16.4,,,,manual_crystal_mixing_experiment,
CR,2012-06-21,wtemp,11,15.3,,,,manual_crystal_mixing_experiment,
CR,2012-06-21,wtemp,12,14.9,,,,manual_crystal_mixing_experiment,
CR,2012-06-21,wtemp,13,14.7,,,,manual_crystal_mixing_experiment,
CR,2012-06-21,wtemp,14,14.4,,,,manual_crystal_mixing_experiment,
CR,2012-06-21,wtemp,15,14.1,,,,manual_crystal_mixing_experiment,
CR,2012-06-21,wtemp,16,14.1,,,,manual_crystal_mixing_experiment,
CR,2012-06-21,wtemp,17,14,,,,manual_crystal_mixing_experiment,
CR,2012-06-21,wtemp,18,13.8,,,,manual_crystal_mixing_experiment,
CR,2012-06-28,wtemp,0,22.4,,,,manual_crystal_mixing_experiment,
CR,2012-06-28,wtemp,1,22.4,,,,manual_crystal_mixing_experiment,
CR,2012-06-28,wtemp,2,22.3,,,,manual_crystal_mixing_experiment,
CR,2012-06-28,wtemp,3,21.3,,,,manual_crystal_mixing_experiment,
CR,2012-06-28,wtemp,4,20.9,,,,manual_crystal_mixing_experiment,
CR,2012-06-28,wtemp,5,20.7,,,,manual_crystal_mixing_experiment,
CR,2012-06-28,wtemp,6,20.2,,,,manual_crystal_mixing_experiment,
CR,2012-06-28,wtemp,7,19.7,,,,manual_crystal_mixing_experiment,
CR,2012-06-28,wtemp,8,18.4,,,,manual_crystal_mixing_experiment,
CR,2012-06-28,wtemp,9,18.2,,,,manual_crystal_mixing_experiment,
CR,2012-06-28,wtemp,10,17.2,,,,manual_crystal_mixing_experiment,
CR,2012-06-28,wtemp,11,16.4,,,,manual_crystal_mixing_experiment,
CR,2012-06-28,wtemp,12,16,,,,manual_crystal_mixing_experiment,
CR,2012-06-28,wtemp,13,15.6,,,,manual_crystal_mixing_experiment,
CR,2012-06-28,wtemp,14,15.3,,,,manual_crystal_mixing_experiment,
CR,2012-06-28,wtemp,15,15.1,,,,manual_crystal_mixing_experiment,
CR,2012-06-28,wtemp,16,14.9,,,,manual_crystal_mixing_experiment,
CR,2012-06-28,wtemp,17,14.8,,,,manual_crystal_mixing_experiment,
CR,2012-06-28,wtemp,18,14.8,,,,manual_crystal_mixing_experiment,
CR,2012-07-04,wtemp,0,25.7,,,,manual_crystal_mixing_experiment,
CR,2012-07-04,wtemp,1,24.8,,,,manual_crystal_mixing_experiment,
CR,2012-07-04,wtemp,2,24.5,,,,manual_crystal_mixing_experiment,
CR,2012-07-04,wtemp,3,23.8,,,,manual_crystal_mixing_experiment,
CR,2012-07-04,wtemp,4,23,,,,manual_crystal_mixing_experiment,
CR,2012-07-04,wtemp,5,22.4,,,,manual_crystal_mixing_experiment,
CR,2012-07-04,wtemp,6,21.7,,,,manual_crystal_mixing_experiment,
CR,2012-07-04,wtemp,7,20.8,,,,manual_crystal_mixing_experiment,
CR,2012-07-04,wtemp,8,19.9,,,,manual_crystal_mixing_experiment,
CR,2012-07-04,wtemp,9,18.4,,,,manual_crystal_mixing_experiment,
CR,2012-07-04,wtemp,10,17.9,,,,manual_crystal_mixing_experiment,
CR,2012-07-04,wtemp,11,17.3,,,,manual_crystal_mixing_experiment,
CR,2012-07-04,wtemp,12,16.8,,,,manual_crystal_mixing_experiment,
CR,2012-07-04,wtemp,13,16.6,,,,manual_crystal_mixing_experiment,
CR,2012-07-04,wtemp,14,16.2,,,,manual_crystal_mixing_experiment,
CR,2012-07-04,wtemp,15,15.9,,,,manual_crystal_mixing_experiment,
CR,2012-07-04,wtemp,16,15.8,,,,manual_crystal_mixing_experiment,
CR,2012-07-04,wtemp,17,15.7,,,,manual_crystal_mixing_experiment,
CR,2012-07-04,wtemp,18,15.7,,,,manual_crystal_mixing_experiment,
CR,2012-07-11,wtemp,0,25.1,,,,manual_crystal_mixing_experiment,
CR,2012-07-11,wtemp,1,24.9,,,,manual_crystal_mixing_experiment,
CR,2012-07-11,wtemp,2,24.6,,,,manual_crystal_mixing_experiment,
CR,2012-07-11,wtemp,3,24.5,,,,manual_crystal_mixing_experiment,
CR,2012-07-11,wtemp,4,24.3,,,,manual_crystal_mixing_experiment,
CR,2012-07-11,wtemp,5,23.8,,,,manual_crystal_mixing_experiment,
CR,2012-07-11,wtemp,6,23.4,,,,manual_crystal_mixing_experiment,
CR,2012-07-11,wtemp,7,22.2,,,,manual_crystal_mixing_experiment,
CR,2012-07-11,wtemp,8,21,,,,manual_crystal_mixing_experiment,
CR,2012-07-11,wtemp,9,20.5,,,,manual_crystal_mixing_experiment,
CR,2012-07-11,wtemp,10,19,,,,manual_crystal_mixing_experiment,
CR,2012-07-11,wtemp,11,18.3,,,,manual_crystal_mixing_experiment,
CR,2012-07-11,wtemp,12,17.8,,,,manual_crystal_mixing_experiment,
CR,2012-07-11,wtemp,13,17.3,,,,manual_crystal_mixing_experiment,
CR,2012-07-11,wtemp,14,17.1,,,,manual_crystal_mixing_experiment,
CR,2012-07-11,wtemp,15,16.8,,,,manual_crystal_mixing_experiment,
CR,2012-07-11,wtemp,16,16.5,,,,manual_crystal_mixing_experiment,
CR,2012-07-11,wtemp,17,16.4,,,,manual_crystal_mixing_experiment,
CR,2012-07-11,wtemp,18,16.3,,,,manual_crystal_mixing_experiment,
CR,2012-07-18,wtemp,0,24.7,,,,manual_crystal_mixing_experiment,
CR,2012-07-18,wtemp,1,24.7,,,,manual_crystal_mixing_experiment,
CR,2012-07-18,wtemp,2,24.7,,,,manual_crystal_mixing_experiment,
CR,2012-07-18,wtemp,3,24.7,,,,manual_crystal_mixing_experiment,
CR,2012-07-18,wtemp,4,24.6,,,,manual_crystal_mixing_experiment,
CR,2012-07-18,wtemp,5,24.5,,,,manual_crystal_mixing_experiment,
CR,2012-07-18,wtemp,6,24.4,,,,manual_crystal_mixing_experiment,
CR,2012-07-18,wtemp,7,23.4,,,,manual_crystal_mixing_experiment,
CR,2012-07-18,wtemp,8,22.1,,,,manual_crystal_mixing_experiment,
CR,2012-07-18,wtemp,9,21.2,,,,manual_crystal_mixing_experiment,
CR,2012-07-18,wtemp,10,20.1,,,,manual_crystal_mixing_experiment,
CR,2012-07-18,wtemp,11,19.1,,,,manual_crystal_mixing_experiment,
CR,2012-07-18,wtemp,12,18.8,,,,manual_crystal_mixing_experiment,
CR,2012-07-18,wtemp,13,18.3,,,,manual_crystal_mixing_experiment,
CR,2012-07-18,wtemp,14,18,,,,manual_crystal_mixing_experiment,
CR,2012-07-18,wtemp,15,17.6,,,,manual_crystal_mixing_experiment,
CR,2012-07-18,wtemp,16,17.4,,,,manual_crystal_mixing_experiment,
CR,2012-07-18,wtemp,17,17.3,,,,manual_crystal_mixing_experiment,
CR,2012-07-18,wtemp,18,17.2,,,,manual_crystal_mixing_experiment,
CR,2012-07-26,wtemp,0,24.6,,,,manual_crystal_mixing_experiment,
CR,2012-07-26,wtemp,1,24.6,,,,manual_crystal_mixing_experiment,
CR,2012-07-26,wtemp,2,24.6,,,,manual_crystal_mixing_experiment,
CR,2012-07-26,wtemp,3,24.6,,,,manual_crystal_mixing_experiment,
CR,2012-07-26,wtemp,4,24.6,,,,manual_crystal_mixing_experiment,
CR,2012-07-26,wtemp,5,24.6,,,,manual_crystal_mixing_experiment,
CR,2012-07-26,wtemp,6,24.5,,,,manual_crystal_mixing_experiment,
CR,2012-07-26,wtemp,7,24.2,,,,manual_crystal_mixing_experiment,
CR,2012-07-26,wtemp,8,23.2,,,,manual_crystal_mixing_experiment,
CR,2012-07-26,wtemp,9,22.3,,,,manual_crystal_mixing_experiment,
CR,2012-07-26,wtemp,10,21.8,,,,manual_crystal_mixing_experiment,
CR,2012-07-26,wtemp,11,20.3,,,,manual_crystal_mixing_experiment,
CR,2012-07-26,wtemp,12,20,,,,manual_crystal_mixing_experiment,
CR,2012-07-26,wtemp,13,19.5,,,,manual_crystal_mixing_experiment,
CR,2012-07-26,wtemp,14,19.2,,,,manual_crystal_mixing_experiment,
CR,2012-07-26,wtemp,15,18.9,,,,manual_crystal_mixing_experiment,
CR,2012-07-26,wtemp,16,18.6,,,,manual_crystal_mixing_experiment,
CR,2012-07-26,wtemp,17,18.5,,,,manual_crystal_mixing_experiment,
CR,2012-07-26,wtemp,18,18.4,,,,manual_crystal_mixing_experiment,
CR,2012-08-01,wtemp,0,24.7,,,,manual_crystal_mixing_experiment,
CR,2012-08-01,wtemp,1,24.7,,,,manual_crystal_mixing_experiment,
CR,2012-08-01,wtemp,2,24.6,,,,manual_crystal_mixing_experiment,
CR,2012-08-01,wtemp,3,24.6,,,,manual_crystal_mixing_experiment,
CR,2012-08-01,wtemp,4,24.5,,,,manual_crystal_mixing_experiment,
CR,2012-08-01,wtemp,5,24.4,,,,manual_crystal_mixing_experiment,
CR,2012-08-01,wtemp,6,24.1,,,,manual_crystal_mixing_experiment,
CR,2012-08-01,wtemp,7,23.8,,,,manual_crystal_mixing_experiment,
CR,2012-08-01,wtemp,8,23.4,,,,manual_crystal_mixing_experiment,
CR,2012-08-01,wtemp,9,22.8,,,,manual_crystal_mixing_experiment,
CR,2012-08-01,wtemp,10,22.4,,,,manual_crystal_mixing_experiment,
CR,2012-08-01,wtemp,11,21,,,,manual_crystal_mixing_experiment,
CR,2012-08-01,wtemp,12,20.5,,,,manual_crystal_mixing_experiment,
CR,2012-08-01,wtemp,13,20.2,,,,manual_crystal_mixing_experiment,
CR,2012-08-01,wtemp,14,19.8,,,,manual_crystal_mixing_experiment,
CR,2012-08-01,wtemp,15,19.5,,,,manual_crystal_mixing_experiment,
CR,2012-08-01,wtemp,16,19.3,,,,manual_crystal_mixing_experiment,
CR,2012-08-01,wtemp,17,19.2,,,,manual_crystal_mixing_experiment,
CR,2012-08-01,wtemp,18,19.1,,,,manual_crystal_mixing_experiment,
CR,2012-08-08,wtemp,0,23.2,,,,manual_crystal_mixing_experiment,
CR,2012-08-08,wtemp,1,23.4,,,,manual_crystal_mixing_experiment,
CR,2012-08-08,wtemp,2,23.4,,,,manual_crystal_mixing_experiment,
CR,2012-08-08,wtemp,3,23.5,,,,manual_crystal_mixing_experiment,
CR,2012-08-08,wtemp,4,23.5,,,,manual_crystal_mixing_experiment,
CR,2012-08-08,wtemp,5,23.5,,,,manual_crystal_mixing_experiment,
CR,2012-08-08,wtemp,6,23.5,,,,manual_crystal_mixing_experiment,
CR,2012-08-08,wtemp,7,23.4,,,,manual_crystal_mixing_experiment,
CR,2012-08-08,wtemp,8,23.3,,,,manual_crystal_mixing_experiment,
CR,2012-08-08,wtemp,9,23.1,,,,manual_crystal_mixing_experiment,
CR,2012-08-08,wtemp,10,22.6,,,,manual_crystal_mixing_experiment,
CR,2012-08-08,wtemp,11,21.9,,,,manual_crystal_mixing_experiment,
CR,2012-08-08,wtemp,12,21.6,,,,manual_crystal_mixing_experiment,
CR,2012-08-08,wtemp,13,21.2,,,,manual_crystal_mixing_experiment,
CR,2012-08-08,wtemp,14,20.7,,,,manual_crystal_mixing_experiment,
CR,2012-08-08,wtemp,15,20.4,,,,manual_crystal_mixing_experiment,
CR,2012-08-08,wtemp,16,20.2,,,,manual_crystal_mixing_experiment,
CR,2012-08-08,wtemp,17,20.1,,,,manual_crystal_mixing_experiment,
CR,2012-08-08,wtemp,18,20.1,,,,manual_crystal_mixing_experiment,
CR,2012-08-16,wtemp,0,22.5,,,,manual_crystal_mixing_experiment,
CR,2012-08-16,wtemp,1,22.5,,,,manual_crystal_mixing_experiment,
CR,2012-08-16,wtemp,2,22.5,,,,manual_crystal_mixing_experiment,
CR,2012-08-16,wtemp,3,22.5,,,,manual_crystal_mixing_experiment,
CR,2012-08-16,wtemp,4,22.5,,,,manual_crystal_mixing_experiment,
CR,2012-08-16,wtemp,5,22.5,,,,manual_crystal_mixing_experiment,
CR,2012-08-16,wtemp,6,22.5,,,,manual_crystal_mixing_experiment,
CR,2012-08-16,wtemp,7,22.5,,,,manual_crystal_mixing_experiment,
CR,2012-08-16,wtemp,8,22.4,,,,manual_crystal_mixing_experiment,
CR,2012-08-16,wtemp,9,22.4,,,,manual_crystal_mixing_experiment,
CR,2012-08-16,wtemp,10,22.3,,,,manual_crystal_mixing_experiment,
CR,2012-08-16,wtemp,11,22.1,,,,manual_crystal_mixing_experiment,
CR,2012-08-16,wtemp,12,22,,,,manual_crystal_mixing_experiment,
CR,2012-08-16,wtemp,13,21.8,,,,manual_crystal_mixing_experiment,
CR,2012-08-16,wtemp,14,21.6,,,,manual_crystal_mixing_experiment,
CR,2012-08-16,wtemp,15,21.2,,,,manual_crystal_mixing_experiment,
CR,2012-08-16,wtemp,16,21.1,,,,manual_crystal_mixing_experiment,
CR,2012-08-16,wtemp,17,21,,,,manual_crystal_mixing_experiment,
CR,2012-08-16,wtemp,18,20.9,,,,manual_crystal_mixing_experiment,
CR,2012-08-22,wtemp,0,22.6,,,,manual_crystal_mixing_experiment,
CR,2012-08-22,wtemp,1,22.4,,,,manual_crystal_mixing_experiment,
CR,2012-08-22,wtemp,2,22.2,,,,manual_crystal_mixing_experiment,
CR,2012-08-22,wtemp,3,22,,,,manual_crystal_mixing_experiment,
CR,2012-08-22,wtemp,4,21.9,,,,manual_crystal_mixing_experiment,
CR,2012-08-22,wtemp,5,21.9,,,,manual_crystal_mixing_experiment,
CR,2012-08-22,wtemp,6,21.8,,,,manual_crystal_mixing_experiment,
CR,2012-08-22,wtemp,7,21.7,,,,manual_crystal_mixing_experiment,
CR,2012-08-22,wtemp,8,21.7,,,,manual_crystal_mixing_experiment,
CR,2012-08-22,wtemp,9,21.5,,,,manual_crystal_mixing_experiment,
CR,2012-08-22,wtemp,10,21.5,,,,manual_crystal_mixing_experiment,
CR,2012-08-22,wtemp,11,21.5,,,,manual_crystal_mixing_experiment,
CR,2012-08-22,wtemp,12,21.4,,,,manual_crystal_mixing_experiment,
CR,2012-08-22,wtemp,13,21.4,,,,manual_crystal_mixing_experiment,
CR,2012-08-22,wtemp,14,21.4,,,,manual_crystal_mixing_experiment,
CR,2012-08-22,wtemp,15,21.3,,,,manual_crystal_mixing_experiment,
CR,2012-08-22,wtemp,16,21.4,,,,manual_crystal_mixing_experiment,
CR,2012-08-22,wtemp,17,21.3,,,,manual_crystal_mixing_experiment,
CR,2012-08-22,wtemp,18,21.3,,,,manual_crystal_mixing_experiment,
CR,2012-09-06,wtemp,0,22.5,,,,manual_crystal_mixing_experiment,
CR,2012-09-06,wtemp,1,22.5,,,,manual_crystal_mixing_experiment,
CR,2012-09-06,wtemp,2,22.5,,,,manual_crystal_mixing_experiment,
CR,2012-09-06,wtemp,3,22.5,,,,manual_crystal_mixing_experiment,
CR,2012-09-06,wtemp,4,22.4,,,,manual_crystal_mixing_experiment,
CR,2012-09-06,wtemp,5,22.4,,,,manual_crystal_mixing_experiment,
CR,2012-09-06,wtemp,6,22.4,,,,manual_crystal_mixing_experiment,
CR,2012-09-06,wtemp,7,22.4,,,,manual_crystal_mixing_experiment,
CR,2012-09-06,wtemp,8,22.3,,,,manual_crystal_mixing_experiment,
CR,2012-09-06,wtemp,9,22.1,,,,manual_crystal_mixing_experiment,
CR,2012-09-06,wtemp,10,21.9,,,,manual_crystal_mixing_experiment,
CR,2012-09-06,wtemp,11,21.8,,,,manual_crystal_mixing_experiment,
CR,2012-09-06,wtemp,12,21.6,,,,manual_crystal_mixing_experiment,
CR,2012-09-06,wtemp,13,21.4,,,,manual_crystal_mixing_experiment,
CR,2012-09-06,wtemp,14,21.3,,,,manual_crystal_mixing_experiment,
CR,2012-09-06,wtemp,15,21.3,,,,manual_crystal_mixing_experiment,
CR,2012-09-06,wtemp,16,21.3,,,,manual_crystal_mixing_experiment,
CR,2012-09-06,wtemp,17,21.2,,,,manual_crystal_mixing_experiment,
CR,2012-09-06,wtemp,18,21.2,,,,manual_crystal_mixing_experiment,
CR,2012-09-20,wtemp,0,18.5,,,,manual_crystal_mixing_experiment,
CR,2012-09-20,wtemp,1,18.5,,,,manual_crystal_mixing_experiment,
CR,2012-09-20,wtemp,2,18.5,,,,manual_crystal_mixing_experiment,
CR,2012-09-20,wtemp,3,18.5,,,,manual_crystal_mixing_experiment,
CR,2012-09-20,wtemp,4,18.5,,,,manual_crystal_mixing_experiment,
CR,2012-09-20,wtemp,5,18.5,,,,manual_crystal_mixing_experiment,
CR,2012-09-20,wtemp,6,18.5,,,,manual_crystal_mixing_experiment,
CR,2012-09-20,wtemp,7,18.5,,,,manual_crystal_mixing_experiment,
CR,2012-09-20,wtemp,8,18.5,,,,manual_crystal_mixing_experiment,
CR,2012-09-20,wtemp,9,18.5,,,,manual_crystal_mixing_experiment,
CR,2012-09-20,wtemp,10,18.5,,,,manual_crystal_mixing_experiment,
CR,2012-09-20,wtemp,11,18.5,,,,manual_crystal_mixing_experiment,
CR,2012-09-20,wtemp,12,18.5,,,,manual_crystal_mixing_experiment,
CR,2012-09-20,wtemp,13,18.5,,,,manual_crystal_mixing_experiment,
CR,2012-09-20,wtemp,14,18.5,,,,manual_crystal_mixing_experiment,
CR,2012-09-20,wtemp,15,18.5,,,,manual_crystal_mixing_experiment,
CR,2012-09-20,wtemp,16,18.5,,,,manual_crystal_mixing_experiment,
CR,2012-09-20,wtemp,17,18.5,,,,manual_crystal_mixing_experiment,
CR,2012-09-20,wtemp,18,18.5,,,,manual_crystal_mixing_experiment,
CR,2012-10-03,wtemp,0,16.9,,,,manual_crystal_mixing_experiment,
CR,2012-10-03,wtemp,1,16.5,,,,manual_crystal_mixing_experiment,
CR,2012-10-03,wtemp,2,16.4,,,,manual_crystal_mixing_experiment,
CR,2012-10-03,wtemp,3,16.4,,,,manual_crystal_mixing_experiment,
CR,2012-10-03,wtemp,4,16.3,,,,manual_crystal_mixing_experiment,
CR,2012-10-03,wtemp,5,16.3,,,,manual_crystal_mixing_experiment,
CR,2012-10-03,wtemp,6,16.3,,,,manual_crystal_mixing_experiment,
CR,2012-10-03,wtemp,7,16.3,,,,manual_crystal_mixing_experiment,
CR,2012-10-03,wtemp,8,16.3,,,,manual_crystal_mixing_experiment,
CR,2012-10-03,wtemp,9,16.3,,,,manual_crystal_mixing_experiment,
CR,2012-10-03,wtemp,10,16.2,,,,manual_crystal_mixing_experiment,
CR,2012-10-03,wtemp,11,16.2,,,,manual_crystal_mixing_experiment,
CR,2012-10-03,wtemp,12,16.2,,,,manual_crystal_mixing_experiment,
CR,2012-10-03,wtemp,13,16.2,,,,manual_crystal_mixing_experiment,
CR,2012-10-03,wtemp,14,16.2,,,,manual_crystal_mixing_experiment,
CR,2012-10-03,wtemp,15,16.2,,,,manual_crystal_mixing_experiment,
CR,2012-10-03,wtemp,16,16.2,,,,manual_crystal_mixing_experiment,
CR,2012-10-03,wtemp,17,16.2,,,,manual_crystal_mixing_experiment,
CR,2012-10-03,wtemp,18,16.2,,,,manual_crystal_mixing_experiment,
CR,2012-10-18,wtemp,0,12,,,,manual_crystal_mixing_experiment,
CR,2012-10-18,wtemp,1,12,,,,manual_crystal_mixing_experiment,
CR,2012-10-18,wtemp,2,12,,,,manual_crystal_mixing_experiment,
CR,2012-10-18,wtemp,3,12,,,,manual_crystal_mixing_experiment,
CR,2012-10-18,wtemp,4,12,,,,manual_crystal_mixing_experiment,
CR,2012-10-18,wtemp,5,12,,,,manual_crystal_mixing_experiment,
CR,2012-10-18,wtemp,6,12,,,,manual_crystal_mixing_experiment,
CR,2012-10-18,wtemp,7,12,,,,manual_crystal_mixing_experiment,
CR,2012-10-18,wtemp,8,12,,,,manual_crystal_mixing_experiment,
CR,2012-10-18,wtemp,9,12,,,,manual_crystal_mixing_experiment,
CR,2012-10-18,wtemp,10,12,,,,manual_crystal_mixing_experiment,
CR,2012-10-18,wtemp,11,11.9,,,,manual_crystal_mixing_experiment,
CR,2012-10-18,wtemp,12,11.9,,,,manual_crystal_mixing_experiment,
CR,2012-10-18,wtemp,13,11.9,,,,manual_crystal_mixing_experiment,
CR,2012-10-18,wtemp,14,11.9,,,,manual_crystal_mixing_experiment,
CR,2012-10-18,wtemp,15,11.9,,,,manual_crystal_mixing_experiment,
CR,2012-10-18,wtemp,16,11.9,,,,manual_crystal_mixing_experiment,
CR,2012-10-18,wtemp,17,11.9,,,,manual_crystal_mixing_experiment,
CR,2012-10-18,wtemp,18,11.9,,,,manual_crystal_mixing_experiment,
CR,2012-10-31,wtemp,0,9.8,,,,manual_crystal_mixing_experiment,
CR,2012-10-31,wtemp,1,9.8,,,,manual_crystal_mixing_experiment,
CR,2012-10-31,wtemp,2,9.8,,,,manual_crystal_mixing_experiment,
CR,2012-10-31,wtemp,3,9.7,,,,manual_crystal_mixing_experiment,
CR,2012-10-31,wtemp,4,9.7,,,,manual_crystal_mixing_experiment,
CR,2012-10-31,wtemp,5,9.7,,,,manual_crystal_mixing_experiment,
CR,2012-10-31,wtemp,6,9.7,,,,manual_crystal_mixing_experiment,
CR,2012-10-31,wtemp,7,9.7,,,,manual_crystal_mixing_experiment,
CR,2012-10-31,wtemp,8,9.7,,,,manual_crystal_mixing_experiment,
CR,2012-10-31,wtemp,9,9.7,,,,manual_crystal_mixing_experiment,
CR,2012-10-31,wtemp,10,9.7,,,,manual_crystal_mixing_experiment,
CR,2012-10-31,wtemp,11,9.7,,,,manual_crystal_mixing_experiment,
CR,2012-10-31,wtemp,12,9.7,,,,manual_crystal_mixing_experiment,
CR,2012-10-31,wtemp,13,9.7,,,,manual_crystal_mixing_experiment,
CR,2012-10-31,wtemp,14,9.7,,,,manual_crystal_mixing_experiment,
CR,2012-10-31,wtemp,15,9.7,,,,manual_crystal_mixing_experiment,
CR,2012-10-31,wtemp,16,9.7,,,,manual_crystal_mixing_experiment,
CR,2012-10-31,wtemp,17,9.7,,,,manual_crystal_mixing_experiment,
CR,2012-10-31,wtemp,18,9.6,,,,manual_crystal_mixing_experiment,
CR,2012-11-14,wtemp,0,6.9,,,,manual_crystal_mixing_experiment,
CR,2012-11-14,wtemp,1,6.9,,,,manual_crystal_mixing_experiment,
CR,2012-11-14,wtemp,2,6.8,,,,manual_crystal_mixing_experiment,
CR,2012-11-14,wtemp,3,6.8,,,,manual_crystal_mixing_experiment,
CR,2012-11-14,wtemp,4,6.8,,,,manual_crystal_mixing_experiment,
CR,2012-11-14,wtemp,5,6.8,,,,manual_crystal_mixing_experiment,
CR,2012-11-14,wtemp,6,6.8,,,,manual_crystal_mixing_experiment,
CR,2012-11-14,wtemp,7,6.8,,,,manual_crystal_mixing_experiment,
CR,2012-11-14,wtemp,8,6.8,,,,manual_crystal_mixing_experiment,
CR,2012-11-14,wtemp,9,6.8,,,,manual_crystal_mixing_experiment,
CR,2012-11-14,wtemp,10,6.8,,,,manual_crystal_mixing_experiment,
CR,2012-11-14,wtemp,11,6.8,,,,manual_crystal_mixing_experiment,
CR,2012-11-14,wtemp,12,6.8,,,,manual_crystal_mixing_experiment,
CR,2012-11-14,wtemp,13,6.7,,,,manual_crystal_mixing_experiment,
CR,2012-11-14,wtemp,14,6.7,,,,manual_crystal_mixing_experiment,
CR,2012-11-14,wtemp,15,6.7,,,,manual_crystal_mixing_experiment,
CR,2012-11-14,wtemp,16,6.7,,,,manual_crystal_mixing_experiment,
CR,2012-11-14,wtemp,17,6.7,,,,manual_crystal_mixing_experiment,
CR,2012-11-14,wtemp,18,6.7,,,,manual_crystal_mixing_experiment,
CR,2013-01-16,wtemp,0,0.5,,,,manual_crystal_mixing_experiment,
CR,2013-01-16,wtemp,1,2.6,,,,manual_crystal_mixing_experiment,
CR,2013-01-16,wtemp,2,3.1,,,,manual_crystal_mixing_experiment,
CR,2013-01-16,wtemp,3,3.2,,,,manual_crystal_mixing_experiment,
CR,2013-01-16,wtemp,4,3.2,,,,manual_crystal_mixing_experiment,
CR,2013-01-16,wtemp,5,3.2,,,,manual_crystal_mixing_experiment,
CR,2013-01-16,wtemp,6,3.2,,,,manual_crystal_mixing_experiment,
CR,2013-01-16,wtemp,7,3.3,,,,manual_crystal_mixing_experiment,
CR,2013-01-16,wtemp,8,3.3,,,,manual_crystal_mixing_experiment,
CR,2013-01-16,wtemp,9,3.4,,,,manual_crystal_mixing_experiment,
CR,2013-01-16,wtemp,10,3.4,,,,manual_crystal_mixing_experiment,
CR,2013-01-16,wtemp,11,3.5,,,,manual_crystal_mixing_experiment,
CR,2013-01-16,wtemp,12,3.7,,,,manual_crystal_mixing_experiment,
CR,2013-01-16,wtemp,13,4.1,,,,manual_crystal_mixing_experiment,
CR,2013-01-16,wtemp,14,4.2,,,,manual_crystal_mixing_experiment,
CR,2013-01-16,wtemp,15,4.3,,,,manual_crystal_mixing_experiment,
CR,2013-01-16,wtemp,16,4.3,,,,manual_crystal_mixing_experiment,
CR,2013-01-16,wtemp,17,4.4,,,,manual_crystal_mixing_experiment,
CR,2013-01-16,wtemp,18,4.5,,,,manual_crystal_mixing_experiment,
CR,2013-02-26,wtemp,0,0.4,,,,manual_crystal_mixing_experiment,
CR,2013-02-26,wtemp,1,1.3,,,,manual_crystal_mixing_experiment,
CR,2013-02-26,wtemp,2,2.7,,,,manual_crystal_mixing_experiment,
CR,2013-02-26,wtemp,3,3.1,,,,manual_crystal_mixing_experiment,
CR,2013-02-26,wtemp,4,3.2,,,,manual_crystal_mixing_experiment,
CR,2013-02-26,wtemp,5,3.3,,,,manual_crystal_mixing_experiment,
CR,2013-02-26,wtemp,6,3.4,,,,manual_crystal_mixing_experiment,
CR,2013-02-26,wtemp,7,3.4,,,,manual_crystal_mixing_experiment,
CR,2013-02-26,wtemp,8,3.5,,,,manual_crystal_mixing_experiment,
CR,2013-02-26,wtemp,9,3.7,,,,manual_crystal_mixing_experiment,
CR,2013-02-26,wtemp,10,4,,,,manual_crystal_mixing_experiment,
CR,2013-02-26,wtemp,11,4.1,,,,manual_crystal_mixing_experiment,
CR,2013-02-26,wtemp,12,4.2,,,,manual_crystal_mixing_experiment,
CR,2013-02-26,wtemp,13,4.2,,,,manual_crystal_mixing_experiment,
CR,2013-02-26,wtemp,14,4.3,,,,manual_crystal_mixing_experiment,
CR,2013-02-26,wtemp,15,4.4,,,,manual_crystal_mixing_experiment,
CR,2013-02-26,wtemp,16,4.5,,,,manual_crystal_mixing_experiment,
CR,2013-02-26,wtemp,17,4.6,,,,manual_crystal_mixing_experiment,
CR,2013-03-26,wtemp,0,0.8,,,,manual_crystal_mixing_experiment,
CR,2013-03-26,wtemp,1,1.1,,,,manual_crystal_mixing_experiment,
CR,2013-03-26,wtemp,2,2.6,,,,manual_crystal_mixing_experiment,
CR,2013-03-26,wtemp,3,3.1,,,,manual_crystal_mixing_experiment,
CR,2013-03-26,wtemp,4,3.3,,,,manual_crystal_mixing_experiment,
CR,2013-03-26,wtemp,5,3.3,,,,manual_crystal_mixing_experiment,
CR,2013-03-26,wtemp,6,3.4,,,,manual_crystal_mixing_experiment,
CR,2013-03-26,wtemp,7,3.5,,,,manual_crystal_mixing_experiment,
CR,2013-03-26,wtemp,8,3.8,,,,manual_crystal_mixing_experiment,
CR,2013-03-26,wtemp,9,4,,,,manual_crystal_mixing_experiment,
CR,2013-03-26,wtemp,10,4.2,,,,manual_crystal_mixing_experiment,
CR,2013-03-26,wtemp,11,4.2,,,,manual_crystal_mixing_experiment,
CR,2013-03-26,wtemp,12,4.2,,,,manual_crystal_mixing_experiment,
CR,2013-03-26,wtemp,13,4.4,,,,manual_crystal_mixing_experiment,
CR,2013-03-26,wtemp,14,4.4,,,,manual_crystal_mixing_experiment,
CR,2013-03-26,wtemp,15,4.4,,,,manual_crystal_mixing_experiment,
CR,2013-03-26,wtemp,16,4.4,,,,manual_crystal_mixing_experiment,
CR,2013-03-26,wtemp,17,4.5,,,,manual_crystal_mixing_experiment,
CR,2013-03-26,wtemp,18,4.6,,,,manual_crystal_mixing_experiment,
CR,2013-05-14,wtemp,0,7.2,,,,manual_crystal_mixing_experiment,
CR,2013-05-14,wtemp,1,6.8,,,,manual_crystal_mixing_experiment,
CR,2013-05-14,wtemp,2,6.7,,,,manual_crystal_mixing_experiment,
CR,2013-05-14,wtemp,3,6.6,,,,manual_crystal_mixing_experiment,
CR,2013-05-14,wtemp,4,6.4,,,,manual_crystal_mixing_experiment,
CR,2013-05-14,wtemp,5,6.1,,,,manual_crystal_mixing_experiment,
CR,2013-05-14,wtemp,6,6,,,,manual_crystal_mixing_experiment,
CR,2013-05-14,wtemp,7,5.8,,,,manual_crystal_mixing_experiment,
CR,2013-05-14,wtemp,8,5.7,,,,manual_crystal_mixing_experiment,
CR,2013-05-14,wtemp,9,5.6,,,,manual_crystal_mixing_experiment,
CR,2013-05-14,wtemp,10,5.4,,,,manual_crystal_mixing_experiment,
CR,2013-05-14,wtemp,11,5.3,,,,manual_crystal_mixing_experiment,
CR,2013-05-14,wtemp,12,5.2,,,,manual_crystal_mixing_experiment,
CR,2013-05-14,wtemp,13,5,,,,manual_crystal_mixing_experiment,
CR,2013-05-14,wtemp,14,4.8,,,,manual_crystal_mixing_experiment,
CR,2013-05-14,wtemp,15,4.7,,,,manual_crystal_mixing_experiment,
CR,2013-05-14,wtemp,16,4.6,,,,manual_crystal_mixing_experiment,
CR,2013-05-14,wtemp,17,4.6,,,,manual_crystal_mixing_experiment,
CR,2013-05-14,wtemp,18,4.6,,,,manual_crystal_mixing_experiment,
CR,2013-05-31,wtemp,0,15.5,,,,manual_crystal_mixing_experiment,
CR,2013-05-31,wtemp,1,15.3,,,,manual_crystal_mixing_experiment,
CR,2013-05-31,wtemp,2,14.7,,,,manual_crystal_mixing_experiment,
CR,2013-05-31,wtemp,3,13,,,,manual_crystal_mixing_experiment,
CR,2013-05-31,wtemp,4,12,,,,manual_crystal_mixing_experiment,
CR,2013-05-31,wtemp,5,11.6,,,,manual_crystal_mixing_experiment,
CR,2013-05-31,wtemp,6,11,,,,manual_crystal_mixing_experiment,
CR,2013-05-31,wtemp,7,10.2,,,,manual_crystal_mixing_experiment,
CR,2013-05-31,wtemp,8,9.7,,,,manual_crystal_mixing_experiment,
CR,2013-05-31,wtemp,9,9.4,,,,manual_crystal_mixing_experiment,
CR,2013-05-31,wtemp,10,9,,,,manual_crystal_mixing_experiment,
CR,2013-05-31,wtemp,11,8.7,,,,manual_crystal_mixing_experiment,
CR,2013-05-31,wtemp,12,8.3,,,,manual_crystal_mixing_experiment,
CR,2013-05-31,wtemp,13,8.1,,,,manual_crystal_mixing_experiment,
CR,2013-05-31,wtemp,14,7.7,,,,manual_crystal_mixing_experiment,
CR,2013-05-31,wtemp,15,7.5,,,,manual_crystal_mixing_experiment,
CR,2013-05-31,wtemp,16,7.4,,,,manual_crystal_mixing_experiment,
CR,2013-05-31,wtemp,17,7.3,,,,manual_crystal_mixing_experiment,
CR,2013-05-31,wtemp,18,7.3,,,,manual_crystal_mixing_experiment,
CR,2013-06-05,wtemp,0,14,,,,manual_crystal_mixing_experiment,
CR,2013-06-05,wtemp,1,13.8,,,,manual_crystal_mixing_experiment,
CR,2013-06-05,wtemp,2,13.4,,,,manual_crystal_mixing_experiment,
CR,2013-06-05,wtemp,3,13.2,,,,manual_crystal_mixing_experiment,
CR,2013-06-05,wtemp,4,12.8,,,,manual_crystal_mixing_experiment,
CR,2013-06-05,wtemp,5,12.5,,,,manual_crystal_mixing_experiment,
CR,2013-06-05,wtemp,6,11.8,,,,manual_crystal_mixing_experiment,
CR,2013-06-05,wtemp,7,11.2,,,,manual_crystal_mixing_experiment,
CR,2013-06-05,wtemp,8,10.4,,,,manual_crystal_mixing_experiment,
CR,2013-06-05,wtemp,9,10.1,,,,manual_crystal_mixing_experiment,
CR,2013-06-05,wtemp,10,9.8,,,,manual_crystal_mixing_experiment,
CR,2013-06-05,wtemp,11,9.5,,,,manual_crystal_mixing_experiment,
CR,2013-06-05,wtemp,12,9.2,,,,manual_crystal_mixing_experiment,
CR,2013-06-05,wtemp,13,8.8,,,,manual_crystal_mixing_experiment,
CR,2013-06-05,wtemp,14,8.7,,,,manual_crystal_mixing_experiment,
CR,2013-06-05,wtemp,15,8.4,,,,manual_crystal_mixing_experiment,
CR,2013-06-05,wtemp,16,8.3,,,,manual_crystal_mixing_experiment,
CR,2013-06-05,wtemp,17,8.3,,,,manual_crystal_mixing_experiment,
CR,2013-06-05,wtemp,18,8.2,,,,manual_crystal_mixing_experiment,
CR,2013-06-11,wtemp,0,19.4,,,,manual_crystal_mixing_experiment,
CR,2013-06-11,wtemp,1,18.2,,,,manual_crystal_mixing_experiment,
CR,2013-06-11,wtemp,2,15.5,,,,manual_crystal_mixing_experiment,
CR,2013-06-11,wtemp,3,14,,,,manual_crystal_mixing_experiment,
CR,2013-06-11,wtemp,4,13.6,,,,manual_crystal_mixing_experiment,
CR,2013-06-11,wtemp,5,13.4,,,,manual_crystal_mixing_experiment,
CR,2013-06-11,wtemp,6,12.6,,,,manual_crystal_mixing_experiment,
CR,2013-06-11,wtemp,7,12.3,,,,manual_crystal_mixing_experiment,
CR,2013-06-11,wtemp,8,11.7,,,,manual_crystal_mixing_experiment,
CR,2013-06-11,wtemp,9,11.5,,,,manual_crystal_mixing_experiment,
CR,2013-06-11,wtemp,10,11,,,,manual_crystal_mixing_experiment,
CR,2013-06-11,wtemp,11,10.9,,,,manual_crystal_mixing_experiment,
CR,2013-06-11,wtemp,12,10.8,,,,manual_crystal_mixing_experiment,
CR,2013-06-11,wtemp,13,10.5,,,,manual_crystal_mixing_experiment,
CR,2013-06-11,wtemp,14,10.3,,,,manual_crystal_mixing_experiment,
CR,2013-06-11,wtemp,15,10.1,,,,manual_crystal_mixing_experiment,
CR,2013-06-11,wtemp,16,9.8,,,,manual_crystal_mixing_experiment,
CR,2013-06-11,wtemp,17,9.8,,,,manual_crystal_mixing_experiment,
CR,2013-06-11,wtemp,18,9.7,,,,manual_crystal_mixing_experiment,
CR,2013-06-19,wtemp,0,17.6,,,,manual_crystal_mixing_experiment,
CR,2013-06-19,wtemp,1,17.5,,,,manual_crystal_mixing_experiment,
CR,2013-06-19,wtemp,2,16.8,,,,manual_crystal_mixing_experiment,
CR,2013-06-19,wtemp,3,16.6,,,,manual_crystal_mixing_experiment,
CR,2013-06-19,wtemp,4,15.8,,,,manual_crystal_mixing_experiment,
CR,2013-06-19,wtemp,5,14.9,,,,manual_crystal_mixing_experiment,
CR,2013-06-19,wtemp,6,13.7,,,,manual_crystal_mixing_experiment,
CR,2013-06-19,wtemp,7,13,,,,manual_crystal_mixing_experiment,
CR,2013-06-19,wtemp,8,12.5,,,,manual_crystal_mixing_experiment,
CR,2013-06-19,wtemp,9,12.3,,,,manual_crystal_mixing_experiment,
CR,2013-06-19,wtemp,10,12,,,,manual_crystal_mixing_experiment,
CR,2013-06-19,wtemp,11,11.7,,,,manual_crystal_mixing_experiment,
CR,2013-06-19,wtemp,12,11.6,,,,manual_crystal_mixing_experiment,
CR,2013-06-19,wtemp,13,11.3,,,,manual_crystal_mixing_experiment,
CR,2013-06-19,wtemp,14,11.2,,,,manual_crystal_mixing_experiment,
CR,2013-06-19,wtemp,15,10.8,,,,manual_crystal_mixing_experiment,
CR,2013-06-19,wtemp,16,10.7,,,,manual_crystal_mixing_experiment,
CR,2013-06-19,wtemp,17,10.6,,,,manual_crystal_mixing_experiment,
CR,2013-06-19,wtemp,18,10.5,,,,manual_crystal_mixing_experiment,
CR,2013-06-27,wtemp,0,22.4,,,,manual_crystal_mixing_experiment,
CR,2013-06-27,wtemp,1,22.2,,,,manual_crystal_mixing_experiment,
CR,2013-06-27,wtemp,2,20.4,,,,manual_crystal_mixing_experiment,
CR,2013-06-27,wtemp,3,19.3,,,,manual_crystal_mixing_experiment,
CR,2013-06-27,wtemp,4,17.9,,,,manual_crystal_mixing_experiment,
CR,2013-06-27,wtemp,5,16.5,,,,manual_crystal_mixing_experiment,
CR,2013-06-27,wtemp,6,16,,,,manual_crystal_mixing_experiment,
CR,2013-06-27,wtemp,7,14.7,,,,manual_crystal_mixing_experiment,
CR,2013-06-27,wtemp,8,14,,,,manual_crystal_mixing_experiment,
CR,2013-06-27,wtemp,9,13.3,,,,manual_crystal_mixing_experiment,
CR,2013-06-27,wtemp,10,13,,,,manual_crystal_mixing_experiment,
CR,2013-06-27,wtemp,11,12.6,,,,manual_crystal_mixing_experiment,
CR,2013-06-27,wtemp,12,12.3,,,,manual_crystal_mixing_experiment,
CR,2013-06-27,wtemp,13,12.1,,,,manual_crystal_mixing_experiment,
CR,2013-06-27,wtemp,14,11.9,,,,manual_crystal_mixing_experiment,
CR,2013-06-27,wtemp,15,11.8,,,,manual_crystal_mixing_experiment,
CR,2013-06-27,wtemp,16,11.7,,,,manual_crystal_mixing_experiment,
CR,2013-06-27,wtemp,17,11.6,,,,manual_crystal_mixing_experiment,
CR,2013-06-27,wtemp,18,11.8,,,,manual_crystal_mixing_experiment,
CR,2013-07-03,wtemp,0,21.2,,,,manual_crystal_mixing_experiment,
CR,2013-07-03,wtemp,1,20.6,,,,manual_crystal_mixing_experiment,
CR,2013-07-03,wtemp,2,20.3,,,,manual_crystal_mixing_experiment,
CR,2013-07-03,wtemp,3,19.9,,,,manual_crystal_mixing_experiment,
CR,2013-07-03,wtemp,4,18.6,,,,manual_crystal_mixing_experiment,
CR,2013-07-03,wtemp,5,17.9,,,,manual_crystal_mixing_experiment,
CR,2013-07-03,wtemp,6,16.7,,,,manual_crystal_mixing_experiment,
CR,2013-07-03,wtemp,7,15.8,,,,manual_crystal_mixing_experiment,
CR,2013-07-03,wtemp,8,14.9,,,,manual_crystal_mixing_experiment,
CR,2013-07-03,wtemp,9,14.4,,,,manual_crystal_mixing_experiment,
CR,2013-07-03,wtemp,10,14,,,,manual_crystal_mixing_experiment,
CR,2013-07-03,wtemp,11,13.5,,,,manual_crystal_mixing_experiment,
CR,2013-07-03,wtemp,12,13.2,,,,manual_crystal_mixing_experiment,
CR,2013-07-03,wtemp,13,13,,,,manual_crystal_mixing_experiment,
CR,2013-07-03,wtemp,14,12.7,,,,manual_crystal_mixing_experiment,
CR,2013-07-03,wtemp,15,12.5,,,,manual_crystal_mixing_experiment,
CR,2013-07-03,wtemp,16,12.4,,,,manual_crystal_mixing_experiment,
CR,2013-07-03,wtemp,17,12.4,,,,manual_crystal_mixing_experiment,
CR,2013-07-03,wtemp,18,12.3,,,,manual_crystal_mixing_experiment,
CR,2013-07-10,wtemp,0,22.3,,,,manual_crystal_mixing_experiment,
CR,2013-07-10,wtemp,1,22.4,,,,manual_crystal_mixing_experiment,
CR,2013-07-10,wtemp,2,22.4,,,,manual_crystal_mixing_experiment,
CR,2013-07-10,wtemp,3,22.3,,,,manual_crystal_mixing_experiment,
CR,2013-07-10,wtemp,4,21.4,,,,manual_crystal_mixing_experiment,
CR,2013-07-10,wtemp,5,20.2,,,,manual_crystal_mixing_experiment,
CR,2013-07-10,wtemp,6,18.6,,,,manual_crystal_mixing_experiment,
CR,2013-07-10,wtemp,7,17.5,,,,manual_crystal_mixing_experiment,
CR,2013-07-10,wtemp,8,16.6,,,,manual_crystal_mixing_experiment,
CR,2013-07-10,wtemp,9,15.3,,,,manual_crystal_mixing_experiment,
CR,2013-07-10,wtemp,10,14.9,,,,manual_crystal_mixing_experiment,
CR,2013-07-10,wtemp,11,14.6,,,,manual_crystal_mixing_experiment,
CR,2013-07-10,wtemp,12,14.3,,,,manual_crystal_mixing_experiment,
CR,2013-07-10,wtemp,13,14,,,,manual_crystal_mixing_experiment,
CR,2013-07-10,wtemp,14,13.7,,,,manual_crystal_mixing_experiment,
CR,2013-07-10,wtemp,15,13.3,,,,manual_crystal_mixing_experiment,
CR,2013-07-10,wtemp,16,13.3,,,,manual_crystal_mixing_experiment,
CR,2013-07-10,wtemp,17,13.2,,,,manual_crystal_mixing_experiment,
CR,2013-07-10,wtemp,18,13.1,,,,manual_crystal_mixing_experiment,
CR,2013-07-18,wtemp,0,24.9,,,,manual_crystal_mixing_experiment,
CR,2013-07-18,wtemp,1,24.8,,,,manual_crystal_mixing_experiment,
CR,2013-07-18,wtemp,2,24.4,,,,manual_crystal_mixing_experiment,
CR,2013-07-18,wtemp,3,23.5,,,,manual_crystal_mixing_experiment,
CR,2013-07-18,wtemp,4,23,,,,manual_crystal_mixing_experiment,
CR,2013-07-18,wtemp,5,21.6,,,,manual_crystal_mixing_experiment,
CR,2013-07-18,wtemp,6,20.5,,,,manual_crystal_mixing_experiment,
CR,2013-07-18,wtemp,7,19.2,,,,manual_crystal_mixing_experiment,
CR,2013-07-18,wtemp,8,18,,,,manual_crystal_mixing_experiment,
CR,2013-07-18,wtemp,9,16.9,,,,manual_crystal_mixing_experiment,
CR,2013-07-18,wtemp,10,15.8,,,,manual_crystal_mixing_experiment,
CR,2013-07-18,wtemp,11,15.4,,,,manual_crystal_mixing_experiment,
CR,2013-07-18,wtemp,12,15.1,,,,manual_crystal_mixing_experiment,
CR,2013-07-18,wtemp,13,14.9,,,,manual_crystal_mixing_experiment,
CR,2013-07-18,wtemp,14,14.7,,,,manual_crystal_mixing_experiment,
CR,2013-07-18,wtemp,15,14.4,,,,manual_crystal_mixing_experiment,
CR,2013-07-18,wtemp,16,14.2,,,,manual_crystal_mixing_experiment,
CR,2013-07-18,wtemp,17,14.1,,,,manual_crystal_mixing_experiment,
CR,2013-07-18,wtemp,18,14,,,,manual_crystal_mixing_experiment,
CR,2013-07-24,wtemp,0,21.8,,,,manual_crystal_mixing_experiment,
CR,2013-07-24,wtemp,1,21.9,,,,manual_crystal_mixing_experiment,
CR,2013-07-24,wtemp,2,21.9,,,,manual_crystal_mixing_experiment,
CR,2013-07-24,wtemp,3,21.9,,,,manual_crystal_mixing_experiment,
CR,2013-07-24,wtemp,4,21.6,,,,manual_crystal_mixing_experiment,
CR,2013-07-24,wtemp,5,21.5,,,,manual_crystal_mixing_experiment,
CR,2013-07-24,wtemp,6,21.3,,,,manual_crystal_mixing_experiment,
CR,2013-07-24,wtemp,7,21.1,,,,manual_crystal_mixing_experiment,
CR,2013-07-24,wtemp,8,20.6,,,,manual_crystal_mixing_experiment,
CR,2013-07-24,wtemp,9,19.7,,,,manual_crystal_mixing_experiment,
CR,2013-07-24,wtemp,10,18.3,,,,manual_crystal_mixing_experiment,
CR,2013-07-24,wtemp,11,17.5,,,,manual_crystal_mixing_experiment,
CR,2013-07-24,wtemp,12,16.7,,,,manual_crystal_mixing_experiment,
CR,2013-07-24,wtemp,13,16.2,,,,manual_crystal_mixing_experiment,
CR,2013-07-24,wtemp,14,16,,,,manual_crystal_mixing_experiment,
CR,2013-07-24,wtemp,15,15.6,,,,manual_crystal_mixing_experiment,
CR,2013-07-24,wtemp,16,15.5,,,,manual_crystal_mixing_experiment,
CR,2013-07-24,wtemp,17,15.4,,,,manual_crystal_mixing_experiment,
CR,2013-07-24,wtemp,18,15.3,,,,manual_crystal_mixing_experiment,
CR,2013-07-31,wtemp,0,20,,,,manual_crystal_mixing_experiment,
CR,2013-07-31,wtemp,1,19.9,,,,manual_crystal_mixing_experiment,
CR,2013-07-31,wtemp,2,19.9,,,,manual_crystal_mixing_experiment,
CR,2013-07-31,wtemp,3,19.8,,,,manual_crystal_mixing_experiment,
CR,2013-07-31,wtemp,4,19.7,,,,manual_crystal_mixing_experiment,
CR,2013-07-31,wtemp,5,19.6,,,,manual_crystal_mixing_experiment,
CR,2013-07-31,wtemp,6,19.5,,,,manual_crystal_mixing_experiment,
CR,2013-07-31,wtemp,7,19.4,,,,manual_crystal_mixing_experiment,
CR,2013-07-31,wtemp,8,19.4,,,,manual_crystal_mixing_experiment,
CR,2013-07-31,wtemp,9,19.3,,,,manual_crystal_mixing_experiment,
CR,2013-07-31,wtemp,10,19.1,,,,manual_crystal_mixing_experiment,
CR,2013-07-31,wtemp,11,18.8,,,,manual_crystal_mixing_experiment,
CR,2013-07-31,wtemp,12,18.4,,,,manual_crystal_mixing_experiment,
CR,2013-07-31,wtemp,13,17.7,,,,manual_crystal_mixing_experiment,
CR,2013-07-31,wtemp,14,17.3,,,,manual_crystal_mixing_experiment,
CR,2013-07-31,wtemp,15,16.9,,,,manual_crystal_mixing_experiment,
CR,2013-07-31,wtemp,16,16.7,,,,manual_crystal_mixing_experiment,
CR,2013-07-31,wtemp,17,16.6,,,,manual_crystal_mixing_experiment,
CR,2013-07-31,wtemp,18,16.5,,,,manual_crystal_mixing_experiment,
CR,2013-08-08,wtemp,0,20,,,,manual_crystal_mixing_experiment,
CR,2013-08-08,wtemp,1,20.1,,,,manual_crystal_mixing_experiment,
CR,2013-08-08,wtemp,2,20.1,,,,manual_crystal_mixing_experiment,
CR,2013-08-08,wtemp,3,20.1,,,,manual_crystal_mixing_experiment,
CR,2013-08-08,wtemp,4,20,,,,manual_crystal_mixing_experiment,
CR,2013-08-08,wtemp,5,19.9,,,,manual_crystal_mixing_experiment,
CR,2013-08-08,wtemp,6,19.9,,,,manual_crystal_mixing_experiment,
CR,2013-08-08,wtemp,7,19.8,,,,manual_crystal_mixing_experiment,
CR,2013-08-08,wtemp,8,19.8,,,,manual_crystal_mixing_experiment,
CR,2013-08-08,wtemp,9,19.7,,,,manual_crystal_mixing_experiment,
CR,2013-08-08,wtemp,10,19.5,,,,manual_crystal_mixing_experiment,
CR,2013-08-08,wtemp,11,19.4,,,,manual_crystal_mixing_experiment,
CR,2013-08-08,wtemp,12,19.1,,,,manual_crystal_mixing_experiment,
CR,2013-08-08,wtemp,13,18.9,,,,manual_crystal_mixing_experiment,
CR,2013-08-08,wtemp,14,18.6,,,,manual_crystal_mixing_experiment,
CR,2013-08-08,wtemp,15,18.4,,,,manual_crystal_mixing_experiment,
CR,2013-08-08,wtemp,16,18.2,,,,manual_crystal_mixing_experiment,
CR,2013-08-08,wtemp,17,18.1,,,,manual_crystal_mixing_experiment,
CR,2013-08-08,wtemp,18,18,,,,manual_crystal_mixing_experiment,
CR,2013-08-14,wtemp,0,19.8,,,,manual_crystal_mixing_experiment,
CR,2013-08-14,wtemp,1,19.8,,,,manual_crystal_mixing_experiment,
CR,2013-08-14,wtemp,2,19.8,,,,manual_crystal_mixing_experiment,
CR,2013-08-14,wtemp,3,19.8,,,,manual_crystal_mixing_experiment,
CR,2013-08-14,wtemp,4,19.8,,,,manual_crystal_mixing_experiment,
CR,2013-08-14,wtemp,5,19.8,,,,manual_crystal_mixing_experiment,
CR,2013-08-14,wtemp,6,19.8,,,,manual_crystal_mixing_experiment,
CR,2013-08-14,wtemp,7,19.8,,,,manual_crystal_mixing_experiment,
CR,2013-08-14,wtemp,8,19.8,,,,manual_crystal_mixing_experiment,
CR,2013-08-14,wtemp,9,19.8,,,,manual_crystal_mixing_experiment,
CR,2013-08-14,wtemp,10,19.8,,,,manual_crystal_mixing_experiment,
CR,2013-08-14,wtemp,11,19.7,,,,manual_crystal_mixing_experiment,
CR,2013-08-14,wtemp,12,19.4,,,,manual_crystal_mixing_experiment,
CR,2013-08-14,wtemp,13,19.2,,,,manual_crystal_mixing_experiment,
CR,2013-08-14,wtemp,14,19,,,,manual_crystal_mixing_experiment,
CR,2013-08-14,wtemp,15,18.7,,,,manual_crystal_mixing_experiment,
CR,2013-08-14,wtemp,16,18.6,,,,manual_crystal_mixing_experiment,
CR,2013-08-14,wtemp,17,18.6,,,,manual_crystal_mixing_experiment,
CR,2013-08-14,wtemp,18,18.5,,,,manual_crystal_mixing_experiment,
CR,2013-08-21,wtemp,0,22.9,,,,manual_crystal_mixing_experiment,
CR,2013-08-21,wtemp,1,22.8,,,,manual_crystal_mixing_experiment,
CR,2013-08-21,wtemp,2,22.7,,,,manual_crystal_mixing_experiment,
CR,2013-08-21,wtemp,3,22,,,,manual_crystal_mixing_experiment,
CR,2013-08-21,wtemp,4,21.7,,,,manual_crystal_mixing_experiment,
CR,2013-08-21,wtemp,5,21.3,,,,manual_crystal_mixing_experiment,
CR,2013-08-21,wtemp,6,20.8,,,,manual_crystal_mixing_experiment,
CR,2013-08-21,wtemp,7,20.7,,,,manual_crystal_mixing_experiment,
CR,2013-08-21,wtemp,8,20.5,,,,manual_crystal_mixing_experiment,
CR,2013-08-21,wtemp,9,20.2,,,,manual_crystal_mixing_experiment,
CR,2013-08-21,wtemp,10,20,,,,manual_crystal_mixing_experiment,
CR,2013-08-21,wtemp,11,19.9,,,,manual_crystal_mixing_experiment,
CR,2013-08-21,wtemp,12,19.7,,,,manual_crystal_mixing_experiment,
CR,2013-08-21,wtemp,13,19.6,,,,manual_crystal_mixing_experiment,
CR,2013-08-21,wtemp,14,19.5,,,,manual_crystal_mixing_experiment,
CR,2013-08-21,wtemp,15,19.3,,,,manual_crystal_mixing_experiment,
CR,2013-08-21,wtemp,16,19.2,,,,manual_crystal_mixing_experiment,
CR,2013-08-21,wtemp,17,19.2,,,,manual_crystal_mixing_experiment,
CR,2013-08-21,wtemp,18,19.1,,,,manual_crystal_mixing_experiment,
CR,2013-09-06,wtemp,0,21.1,,,,manual_crystal_mixing_experiment,
CR,2013-09-06,wtemp,1,21.2,,,,manual_crystal_mixing_experiment,
CR,2013-09-06,wtemp,2,21.2,,,,manual_crystal_mixing_experiment,
CR,2013-09-06,wtemp,3,21.1,,,,manual_crystal_mixing_experiment,
CR,2013-09-06,wtemp,4,21.1,,,,manual_crystal_mixing_experiment,
CR,2013-09-06,wtemp,5,21.1,,,,manual_crystal_mixing_experiment,
CR,2013-09-06,wtemp,6,21.1,,,,manual_crystal_mixing_experiment,
CR,2013-09-06,wtemp,7,21.1,,,,manual_crystal_mixing_experiment,
CR,2013-09-06,wtemp,8,21.1,,,,manual_crystal_mixing_experiment,
CR,2013-09-06,wtemp,9,21.1,,,,manual_crystal_mixing_experiment,
CR,2013-09-06,wtemp,10,21,,,,manual_crystal_mixing_experiment,
CR,2013-09-06,wtemp,11,21,,,,manual_crystal_mixing_experiment,
CR,2013-09-06,wtemp,12,21,,,,manual_crystal_mixing_experiment,
CR,2013-09-06,wtemp,13,20.8,,,,manual_crystal_mixing_experiment,
CR,2013-09-06,wtemp,14,20.6,,,,manual_crystal_mixing_experiment,
CR,2013-09-06,wtemp,15,20.5,,,,manual_crystal_mixing_experiment,
CR,2013-09-06,wtemp,16,20.4,,,,manual_crystal_mixing_experiment,
CR,2013-09-06,wtemp,17,20.3,,,,manual_crystal_mixing_experiment,
CR,2013-09-06,wtemp,18,20.2,,,,manual_crystal_mixing_experiment,
CR,2013-09-19,wtemp,0,19.9,,,,manual_crystal_mixing_experiment,
CR,2013-09-19,wtemp,1,19.8,,,,manual_crystal_mixing_experiment,
CR,2013-09-19,wtemp,2,19.8,,,,manual_crystal_mixing_experiment,
CR,2013-09-19,wtemp,3,19.8,,,,manual_crystal_mixing_experiment,
CR,2013-09-19,wtemp,4,19.8,,,,manual_crystal_mixing_experiment,
CR,2013-09-19,wtemp,5,19.8,,,,manual_crystal_mixing_experiment,
CR,2013-09-19,wtemp,6,19.8,,,,manual_crystal_mixing_experiment,
CR,2013-09-19,wtemp,7,19.8,,,,manual_crystal_mixing_experiment,
CR,2013-09-19,wtemp,8,19.7,,,,manual_crystal_mixing_experiment,
CR,2013-09-19,wtemp,9,19.8,,,,manual_crystal_mixing_experiment,
CR,2013-09-19,wtemp,10,19.8,,,,manual_crystal_mixing_experiment,
CR,2013-09-19,wtemp,11,19.8,,,,manual_crystal_mixing_experiment,
CR,2013-09-19,wtemp,12,19.8,,,,manual_crystal_mixing_experiment,
CR,2013-09-19,wtemp,13,19.7,,,,manual_crystal_mixing_experiment,
CR,2013-09-19,wtemp,14,19.7,,,,manual_crystal_mixing_experiment,
CR,2013-09-19,wtemp,15,19.7,,,,manual_crystal_mixing_experiment,
CR,2013-09-19,wtemp,16,19.7,,,,manual_crystal_mixing_experiment,
CR,2013-09-19,wtemp,17,19.7,,,,manual_crystal_mixing_experiment,
CR,2013-09-19,wtemp,18,19.6,,,,manual_crystal_mixing_experiment,
CR,2013-10-01,wtemp,0,18.6,,,,manual_crystal_mixing_experiment,
CR,2013-10-01,wtemp,1,18.6,,,,manual_crystal_mixing_experiment,
CR,2013-10-01,wtemp,2,18.6,,,,manual_crystal_mixing_experiment,
CR,2013-10-01,wtemp,3,18.5,,,,manual_crystal_mixing_experiment,
CR,2013-10-01,wtemp,4,18.5,,,,manual_crystal_mixing_experiment,
CR,2013-10-01,wtemp,5,18.5,,,,manual_crystal_mixing_experiment,
CR,2013-10-01,wtemp,6,18.4,,,,manual_crystal_mixing_experiment,
CR,2013-10-01,wtemp,7,18.4,,,,manual_crystal_mixing_experiment,
CR,2013-10-01,wtemp,8,18.4,,,,manual_crystal_mixing_experiment,
CR,2013-10-01,wtemp,9,18.3,,,,manual_crystal_mixing_experiment,
CR,2013-10-01,wtemp,10,18.3,,,,manual_crystal_mixing_experiment,
CR,2013-10-01,wtemp,11,18.2,,,,manual_crystal_mixing_experiment,
CR,2013-10-01,wtemp,12,18.2,,,,manual_crystal_mixing_experiment,
CR,2013-10-01,wtemp,13,18.2,,,,manual_crystal_mixing_experiment,
CR,2013-10-01,wtemp,14,18.2,,,,manual_crystal_mixing_experiment,
CR,2013-10-01,wtemp,15,18.2,,,,manual_crystal_mixing_experiment,
CR,2013-10-01,wtemp,16,18.1,,,,manual_crystal_mixing_experiment,
CR,2013-10-01,wtemp,17,18.1,,,,manual_crystal_mixing_experiment,
CR,2013-10-01,wtemp,18,18.1,,,,manual_crystal_mixing_experiment,
CR,2013-10-17,wtemp,0,15.1,,,,manual_crystal_mixing_experiment,
CR,2013-10-17,wtemp,1,15.1,,,,manual_crystal_mixing_experiment,
CR,2013-10-17,wtemp,2,15.1,,,,manual_crystal_mixing_experiment,
CR,2013-10-17,wtemp,3,15,,,,manual_crystal_mixing_experiment,
CR,2013-10-17,wtemp,4,15,,,,manual_crystal_mixing_experiment,
CR,2013-10-17,wtemp,5,15,,,,manual_crystal_mixing_experiment,
CR,2013-10-17,wtemp,6,15,,,,manual_crystal_mixing_experiment,
CR,2013-10-17,wtemp,7,15,,,,manual_crystal_mixing_experiment,
CR,2013-10-17,wtemp,8,15,,,,manual_crystal_mixing_experiment,
CR,2013-10-17,wtemp,9,15,,,,manual_crystal_mixing_experiment,
CR,2013-10-17,wtemp,10,15,,,,manual_crystal_mixing_experiment,
CR,2013-10-17,wtemp,11,15,,,,manual_crystal_mixing_experiment,
CR,2013-10-17,wtemp,12,15,,,,manual_crystal_mixing_experiment,
CR,2013-10-17,wtemp,13,15,,,,manual_crystal_mixing_experiment,
CR,2013-10-17,wtemp,14,15,,,,manual_crystal_mixing_experiment,
CR,2013-10-17,wtemp,15,15,,,,manual_crystal_mixing_experiment,
CR,2013-10-17,wtemp,16,15,,,,manual_crystal_mixing_experiment,
CR,2013-10-17,wtemp,17,15,,,,manual_crystal_mixing_experiment,
CR,2013-10-17,wtemp,18,14.9,,,,manual_crystal_mixing_experiment,
CR,2013-10-31,wtemp,0,10.5,,,,manual_crystal_mixing_experiment,
CR,2013-10-31,wtemp,1,10.4,,,,manual_crystal_mixing_experiment,
CR,2013-10-31,wtemp,2,10.4,,,,manual_crystal_mixing_experiment,
CR,2013-10-31,wtemp,3,10.3,,,,manual_crystal_mixing_experiment,
CR,2013-10-31,wtemp,4,10.3,,,,manual_crystal_mixing_experiment,
CR,2013-10-31,wtemp,5,10.3,,,,manual_crystal_mixing_experiment,
CR,2013-10-31,wtemp,6,10.3,,,,manual_crystal_mixing_experiment,
CR,2013-10-31,wtemp,7,10.3,,,,manual_crystal_mixing_experiment,
CR,2013-10-31,wtemp,8,10.3,,,,manual_crystal_mixing_experiment,
CR,2013-10-31,wtemp,9,10.3,,,,manual_crystal_mixing_experiment,
CR,2013-10-31,wtemp,10,10.3,,,,manual_crystal_mixing_experiment,
CR,2013-10-31,wtemp,11,10.3,,,,manual_crystal_mixing_experiment,
CR,2013-10-31,wtemp,12,10.3,,,,manual_crystal_mixing_experiment,
CR,2013-10-31,wtemp,13,10.3,,,,manual_crystal_mixing_experiment,
CR,2013-10-31,wtemp,14,10.3,,,,manual_crystal_mixing_experiment,
CR,2013-10-31,wtemp,15,10.3,,,,manual_crystal_mixing_experiment,
CR,2013-10-31,wtemp,16,10.3,,,,manual_crystal_mixing_experiment,
CR,2013-10-31,wtemp,17,10.3,,,,manual_crystal_mixing_experiment,
CR,2013-10-31,wtemp,18,10.3,,,,manual_crystal_mixing_experiment,
CR,2013-11-13,wtemp,0,6.8,,,,manual_crystal_mixing_experiment,
CR,2013-11-13,wtemp,1,6.7,,,,manual_crystal_mixing_experiment,
CR,2013-11-13,wtemp,2,6.7,,,,manual_crystal_mixing_experiment,
CR,2013-11-13,wtemp,3,6.7,,,,manual_crystal_mixing_experiment,
CR,2013-11-13,wtemp,4,6.7,,,,manual_crystal_mixing_experiment,
CR,2013-11-13,wtemp,5,6.6,,,,manual_crystal_mixing_experiment,
CR,2013-11-13,wtemp,6,6.6,,,,manual_crystal_mixing_experiment,
CR,2013-11-13,wtemp,7,6.6,,,,manual_crystal_mixing_experiment,
CR,2013-11-13,wtemp,8,6.6,,,,manual_crystal_mixing_experiment,
CR,2013-11-13,wtemp,9,6.6,,,,manual_crystal_mixing_experiment,
CR,2013-11-13,wtemp,10,6.6,,,,manual_crystal_mixing_experiment,
CR,2013-11-13,wtemp,11,6.6,,,,manual_crystal_mixing_experiment,
CR,2013-11-13,wtemp,12,6.6,,,,manual_crystal_mixing_experiment,
CR,2013-11-13,wtemp,13,6.6,,,,manual_crystal_mixing_experiment,
CR,2013-11-13,wtemp,14,6.6,,,,manual_crystal_mixing_experiment,
CR,2013-11-13,wtemp,15,6.6,,,,manual_crystal_mixing_experiment,
CR,2013-11-13,wtemp,16,6.6,,,,manual_crystal_mixing_experiment,
CR,2013-11-13,wtemp,17,6.6,,,,manual_crystal_mixing_experiment,
CR,2013-11-13,wtemp,18,6.6,,,,manual_crystal_mixing_experiment,
CR,2012-01-13,o2sat,0,103,,,,manual_crystal_mixing_experiment,13.6
CR,2012-01-13,o2sat,1,93.6,,,,manual_crystal_mixing_experiment,11.8
CR,2012-01-13,o2sat,2,92.9,,,,manual_crystal_mixing_experiment,11.5
CR,2012-01-13,o2sat,3,89.1,,,,manual_crystal_mixing_experiment,11
CR,2012-01-13,o2sat,4,88.3,,,,manual_crystal_mixing_experiment,10.9
CR,2012-01-13,o2sat,5,87.5,,,,manual_crystal_mixing_experiment,10.8
CR,2012-01-13,o2sat,6,87.5,,,,manual_crystal_mixing_experiment,10.8
CR,2012-01-13,o2sat,7,86.9,,,,manual_crystal_mixing_experiment,10.7
CR,2012-01-13,o2sat,8,86.7,,,,manual_crystal_mixing_experiment,10.7
CR,2012-01-13,o2sat,9,86.7,,,,manual_crystal_mixing_experiment,10.7
CR,2012-01-13,o2sat,10,85.8,,,,manual_crystal_mixing_experiment,10.6
CR,2012-01-13,o2sat,11,85.8,,,,manual_crystal_mixing_experiment,10.6
CR,2012-01-13,o2sat,12,85.8,,,,manual_crystal_mixing_experiment,10.6
CR,2012-01-13,o2sat,13,85,,,,manual_crystal_mixing_experiment,10.5
CR,2012-01-13,o2sat,14,81.2,,,,manual_crystal_mixing_experiment,10
CR,2012-01-13,o2sat,15,80.4,,,,manual_crystal_mixing_experiment,9.9
CR,2012-01-13,o2sat,16,59.6,,,,manual_crystal_mixing_experiment,7.3
CR,2012-01-13,o2sat,17,54,,,,manual_crystal_mixing_experiment,6.6
CR,2012-01-13,o2sat,18,34.6,,,,manual_crystal_mixing_experiment,4.2
CR,2012-02-24,o2sat,0,99.8,,,,manual_crystal_mixing_experiment,13.4
CR,2012-02-24,o2sat,1,85.4,,,,manual_crystal_mixing_experiment,11
CR,2012-02-24,o2sat,2,82.8,,,,manual_crystal_mixing_experiment,10.3
CR,2012-02-24,o2sat,3,81.6,,,,manual_crystal_mixing_experiment,10.1
CR,2012-02-24,o2sat,4,81,,,,manual_crystal_mixing_experiment,10
CR,2012-02-24,o2sat,5,81,,,,manual_crystal_mixing_experiment,10
CR,2012-02-24,o2sat,6,80.2,,,,manual_crystal_mixing_experiment,9.9
CR,2012-02-24,o2sat,7,80.2,,,,manual_crystal_mixing_experiment,9.9
CR,2012-02-24,o2sat,8,80.2,,,,manual_crystal_mixing_experiment,9.9
CR,2012-02-24,o2sat,9,79.4,,,,manual_crystal_mixing_experiment,9.8
CR,2012-02-24,o2sat,10,79.4,,,,manual_crystal_mixing_experiment,9.8
CR,2012-02-24,o2sat,11,79.4,,,,manual_crystal_mixing_experiment,9.8
CR,2012-02-24,o2sat,12,79.4,,,,manual_crystal_mixing_experiment,9.8
CR,2012-02-24,o2sat,13,75.5,,,,manual_crystal_mixing_experiment,9.3
CR,2012-02-24,o2sat,14,60.2,,,,manual_crystal_mixing_experiment,7.4
CR,2012-02-24,o2sat,15,50.6,,,,manual_crystal_mixing_experiment,6.2
CR,2012-02-24,o2sat,16,36.8,,,,manual_crystal_mixing_experiment,4.5
CR,2012-02-24,o2sat,17,21.3,,,,manual_crystal_mixing_experiment,2.6
CR,2012-02-24,o2sat,18,9,,,,manual_crystal_mixing_experiment,1.1
CR,2012-04-05,o2sat,0,100.5,,,,manual_crystal_mixing_experiment,11.3
CR,2012-04-05,o2sat,1,100.3,,,,manual_crystal_mixing_experiment,11.3
CR,2012-04-05,o2sat,2,99.8,,,,manual_crystal_mixing_experiment,11.3
CR,2012-04-05,o2sat,3,99.5,,,,manual_crystal_mixing_experiment,11.3
CR,2012-04-05,o2sat,4,99.3,,,,manual_crystal_mixing_experiment,11.3
CR,2012-04-05,o2sat,5,99.1,,,,manual_crystal_mixing_experiment,11.3
CR,2012-04-05,o2sat,6,98.8,,,,manual_crystal_mixing_experiment,11.3
CR,2012-04-05,o2sat,7,97.7,,,,manual_crystal_mixing_experiment,11.2
CR,2012-04-05,o2sat,8,97.5,,,,manual_crystal_mixing_experiment,11.2
CR,2012-04-05,o2sat,9,98.1,,,,manual_crystal_mixing_experiment,11.3
CR,2012-04-05,o2sat,10,98.1,,,,manual_crystal_mixing_experiment,11.3
CR,2012-04-05,o2sat,11,97.6,,,,manual_crystal_mixing_experiment,11.3
CR,2012-04-05,o2sat,12,95.6,,,,manual_crystal_mixing_experiment,11.1
CR,2012-04-05,o2sat,13,93.2,,,,manual_crystal_mixing_experiment,10.9
CR,2012-04-05,o2sat,14,92.3,,,,manual_crystal_mixing_experiment,10.8
CR,2012-04-05,o2sat,15,88.5,,,,manual_crystal_mixing_experiment,10.4
CR,2012-04-05,o2sat,16,82.1,,,,manual_crystal_mixing_experiment,9.7
CR,2012-04-05,o2sat,17,79.4,,,,manual_crystal_mixing_experiment,9.4
CR,2012-04-05,o2sat,18,78.3,,,,manual_crystal_mixing_experiment,9.3
CR,2012-04-18,o2sat,0,101.5,,,,manual_crystal_mixing_experiment,11.3
CR,2012-04-18,o2sat,1,101.5,,,,manual_crystal_mixing_experiment,11.3
CR,2012-04-18,o2sat,2,101.3,,,,manual_crystal_mixing_experiment,11.3
CR,2012-04-18,o2sat,3,101.3,,,,manual_crystal_mixing_experiment,11.3
CR,2012-04-18,o2sat,4,101.3,,,,manual_crystal_mixing_experiment,11.3
CR,2012-04-18,o2sat,5,101,,,,manual_crystal_mixing_experiment,11.3
CR,2012-04-18,o2sat,6,101,,,,manual_crystal_mixing_experiment,11.3
CR,2012-04-18,o2sat,7,101,,,,manual_crystal_mixing_experiment,11.3
CR,2012-04-18,o2sat,8,101,,,,manual_crystal_mixing_experiment,11.3
CR,2012-04-18,o2sat,9,100.8,,,,manual_crystal_mixing_experiment,11.3
CR,2012-04-18,o2sat,10,100.8,,,,manual_crystal_mixing_experiment,11.3
CR,2012-04-18,o2sat,11,99.9,,,,manual_crystal_mixing_experiment,11.2
CR,2012-04-18,o2sat,12,99.9,,,,manual_crystal_mixing_experiment,11.2
CR,2012-04-18,o2sat,13,99,,,,manual_crystal_mixing_experiment,11.1
CR,2012-04-18,o2sat,14,97.6,,,,manual_crystal_mixing_experiment,11
CR,2012-04-18,o2sat,15,96.5,,,,manual_crystal_mixing_experiment,10.9
CR,2012-04-18,o2sat,16,92.7,,,,manual_crystal_mixing_experiment,10.6
CR,2012-04-18,o2sat,17,89.8,,,,manual_crystal_mixing_experiment,10.3
CR,2012-05-04,o2sat,0,106.1,,,,manual_crystal_mixing_experiment,10.7
CR,2012-05-04,o2sat,1,106.8,,,,manual_crystal_mixing_experiment,10.8
CR,2012-05-04,o2sat,2,106.3,,,,manual_crystal_mixing_experiment,10.9
CR,2012-05-04,o2sat,3,106.3,,,,manual_crystal_mixing_experiment,11
CR,2012-05-04,o2sat,4,106.6,,,,manual_crystal_mixing_experiment,11.1
CR,2012-05-04,o2sat,5,105.8,,,,manual_crystal_mixing_experiment,11.1
CR,2012-05-04,o2sat,6,103.9,,,,manual_crystal_mixing_experiment,11
CR,2012-05-04,o2sat,7,104.3,,,,manual_crystal_mixing_experiment,11.2
CR,2012-05-04,o2sat,8,104.7,,,,manual_crystal_mixing_experiment,11.3
CR,2012-05-04,o2sat,9,104.5,,,,manual_crystal_mixing_experiment,11.3
CR,2012-05-04,o2sat,10,103.1,,,,manual_crystal_mixing_experiment,11.2
CR,2012-05-04,o2sat,11,99.4,,,,manual_crystal_mixing_experiment,10.9
CR,2012-05-04,o2sat,12,98.2,,,,manual_crystal_mixing_experiment,10.8
CR,2012-05-04,o2sat,13,95.3,,,,manual_crystal_mixing_experiment,10.5
CR,2012-05-04,o2sat,14,93.2,,,,manual_crystal_mixing_experiment,10.3
CR,2012-05-04,o2sat,15,92.1,,,,manual_crystal_mixing_experiment,10.2
CR,2012-05-04,o2sat,16,92.1,,,,manual_crystal_mixing_experiment,10.2
CR,2012-05-04,o2sat,17,90.3,,,,manual_crystal_mixing_experiment,10
CR,2012-05-04,o2sat,18,88.3,,,,manual_crystal_mixing_experiment,9.8
CR,2012-05-17,o2sat,0,105.4,,,,manual_crystal_mixing_experiment,10
CR,2012-05-17,o2sat,1,106.3,,,,manual_crystal_mixing_experiment,10.1
CR,2012-05-17,o2sat,2,106,,,,manual_crystal_mixing_experiment,10.1
CR,2012-05-17,o2sat,3,106.4,,,,manual_crystal_mixing_experiment,10.2
CR,2012-05-17,o2sat,4,108,,,,manual_crystal_mixing_experiment,10.4
CR,2012-05-17,o2sat,5,107.3,,,,manual_crystal_mixing_experiment,10.4
CR,2012-05-17,o2sat,6,108.9,,,,manual_crystal_mixing_experiment,10.7
CR,2012-05-17,o2sat,7,107.8,,,,manual_crystal_mixing_experiment,10.8
CR,2012-05-17,o2sat,8,107.1,,,,manual_crystal_mixing_experiment,10.9
CR,2012-05-17,o2sat,9,103.7,,,,manual_crystal_mixing_experiment,10.7
CR,2012-05-17,o2sat,10,103.2,,,,manual_crystal_mixing_experiment,10.8
CR,2012-05-17,o2sat,11,102,,,,manual_crystal_mixing_experiment,10.8
CR,2012-05-17,o2sat,12,103.2,,,,manual_crystal_mixing_experiment,11
CR,2012-05-17,o2sat,13,99.9,,,,manual_crystal_mixing_experiment,10.7
CR,2012-05-17,o2sat,14,89.5,,,,manual_crystal_mixing_experiment,9.7
CR,2012-05-17,o2sat,15,87.6,,,,manual_crystal_mixing_experiment,9.5
CR,2012-05-17,o2sat,16,86.5,,,,manual_crystal_mixing_experiment,9.4
CR,2012-05-17,o2sat,17,84.7,,,,manual_crystal_mixing_experiment,9.2
CR,2012-05-17,o2sat,18,82.6,,,,manual_crystal_mixing_experiment,9
CR,2012-06-01,o2sat,0,105.4,,,,manual_crystal_mixing_experiment,9.7
CR,2012-06-01,o2sat,1,104.9,,,,manual_crystal_mixing_experiment,9.7
CR,2012-06-01,o2sat,2,104.9,,,,manual_crystal_mixing_experiment,9.7
CR,2012-06-01,o2sat,3,104.7,,,,manual_crystal_mixing_experiment,9.7
CR,2012-06-01,o2sat,4,104.5,,,,manual_crystal_mixing_experiment,9.7
CR,2012-06-01,o2sat,5,104.5,,,,manual_crystal_mixing_experiment,9.7
CR,2012-06-01,o2sat,6,104.3,,,,manual_crystal_mixing_experiment,9.7
CR,2012-06-01,o2sat,7,107.4,,,,manual_crystal_mixing_experiment,10.1
CR,2012-06-01,o2sat,8,105.1,,,,manual_crystal_mixing_experiment,10.1
CR,2012-06-01,o2sat,9,104.7,,,,manual_crystal_mixing_experiment,10.1
CR,2012-06-01,o2sat,10,104.1,,,,manual_crystal_mixing_experiment,10.2
CR,2012-06-01,o2sat,11,100.9,,,,manual_crystal_mixing_experiment,10.2
CR,2012-06-01,o2sat,12,96.3,,,,manual_crystal_mixing_experiment,9.8
CR,2012-06-01,o2sat,13,88.6,,,,manual_crystal_mixing_experiment,9.1
CR,2012-06-01,o2sat,14,88.2,,,,manual_crystal_mixing_experiment,9.1
CR,2012-06-01,o2sat,15,85.6,,,,manual_crystal_mixing_experiment,8.9
CR,2012-06-01,o2sat,16,82.6,,,,manual_crystal_mixing_experiment,8.6
CR,2012-06-01,o2sat,17,80.5,,,,manual_crystal_mixing_experiment,8.4
CR,2012-06-01,o2sat,18,80.5,,,,manual_crystal_mixing_experiment,8.4
CR,2012-06-07,o2sat,0,105.2,,,,manual_crystal_mixing_experiment,9.2
CR,2012-06-07,o2sat,1,105.7,,,,manual_crystal_mixing_experiment,9.3
CR,2012-06-07,o2sat,2,107.3,,,,manual_crystal_mixing_experiment,9.5
CR,2012-06-07,o2sat,3,105.1,,,,manual_crystal_mixing_experiment,9.4
CR,2012-06-07,o2sat,4,106.7,,,,manual_crystal_mixing_experiment,9.6
CR,2012-06-07,o2sat,5,109.1,,,,manual_crystal_mixing_experiment,9.9
CR,2012-06-07,o2sat,6,109.7,,,,manual_crystal_mixing_experiment,10.1
CR,2012-06-07,o2sat,7,108.8,,,,manual_crystal_mixing_experiment,10.1
CR,2012-06-07,o2sat,8,108.9,,,,manual_crystal_mixing_experiment,10.2
CR,2012-06-07,o2sat,9,105.3,,,,manual_crystal_mixing_experiment,10.1
CR,2012-06-07,o2sat,10,102.7,,,,manual_crystal_mixing_experiment,10
CR,2012-06-07,o2sat,11,103.4,,,,manual_crystal_mixing_experiment,10.2
CR,2012-06-07,o2sat,12,101.7,,,,manual_crystal_mixing_experiment,10.1
CR,2012-06-07,o2sat,13,98.6,,,,manual_crystal_mixing_experiment,9.9
CR,2012-06-07,o2sat,14,84.3,,,,manual_crystal_mixing_experiment,8.6
CR,2012-06-07,o2sat,15,79,,,,manual_crystal_mixing_experiment,8.1
CR,2012-06-07,o2sat,16,76.9,,,,manual_crystal_mixing_experiment,7.9
CR,2012-06-07,o2sat,17,75.9,,,,manual_crystal_mixing_experiment,7.8
CR,2012-06-07,o2sat,18,73.8,,,,manual_crystal_mixing_experiment,7.6
CR,2012-06-12,o2sat,0,105.6,,,,manual_crystal_mixing_experiment,9.1
CR,2012-06-12,o2sat,1,105.6,,,,manual_crystal_mixing_experiment,9.1
CR,2012-06-12,o2sat,2,104.4,,,,manual_crystal_mixing_experiment,9
CR,2012-06-12,o2sat,3,104.4,,,,manual_crystal_mixing_experiment,9
CR,2012-06-12,o2sat,4,104.4,,,,manual_crystal_mixing_experiment,9
CR,2012-06-12,o2sat,5,105.1,,,,manual_crystal_mixing_experiment,9.1
CR,2012-06-12,o2sat,6,108.9,,,,manual_crystal_mixing_experiment,9.7
CR,2012-06-12,o2sat,7,109.8,,,,manual_crystal_mixing_experiment,10
CR,2012-06-12,o2sat,8,108.6,,,,manual_crystal_mixing_experiment,10.1
CR,2012-06-12,o2sat,9,105.1,,,,manual_crystal_mixing_experiment,9.9
CR,2012-06-12,o2sat,10,103.1,,,,manual_crystal_mixing_experiment,9.8
CR,2012-06-12,o2sat,11,100.5,,,,manual_crystal_mixing_experiment,9.7
CR,2012-06-12,o2sat,12,95.9,,,,manual_crystal_mixing_experiment,9.4
CR,2012-06-12,o2sat,13,90,,,,manual_crystal_mixing_experiment,8.9
CR,2012-06-12,o2sat,14,81,,,,manual_crystal_mixing_experiment,8.1
CR,2012-06-12,o2sat,15,78.7,,,,manual_crystal_mixing_experiment,7.9
CR,2012-06-12,o2sat,16,73.4,,,,manual_crystal_mixing_experiment,7.4
CR,2012-06-12,o2sat,17,71.4,,,,manual_crystal_mixing_experiment,7.2
CR,2012-06-12,o2sat,18,69.2,,,,manual_crystal_mixing_experiment,7
CR,2012-06-21,o2sat,0,102.2,,,,manual_crystal_mixing_experiment,8.6
CR,2012-06-21,o2sat,1,102.2,,,,manual_crystal_mixing_experiment,8.6
CR,2012-06-21,o2sat,2,102,,,,manual_crystal_mixing_experiment,8.6
CR,2012-06-21,o2sat,3,102.7,,,,manual_crystal_mixing_experiment,8.7
CR,2012-06-21,o2sat,4,105.6,,,,manual_crystal_mixing_experiment,9.1
CR,2012-06-21,o2sat,5,106.8,,,,manual_crystal_mixing_experiment,9.3
CR,2012-06-21,o2sat,6,106.9,,,,manual_crystal_mixing_experiment,9.4
CR,2012-06-21,o2sat,7,105.3,,,,manual_crystal_mixing_experiment,9.4
CR,2012-06-21,o2sat,8,105.4,,,,manual_crystal_mixing_experiment,9.5
CR,2012-06-21,o2sat,9,106.5,,,,manual_crystal_mixing_experiment,9.7
CR,2012-06-21,o2sat,10,105.1,,,,manual_crystal_mixing_experiment,9.7
CR,2012-06-21,o2sat,11,92.1,,,,manual_crystal_mixing_experiment,8.7
CR,2012-06-21,o2sat,12,87.1,,,,manual_crystal_mixing_experiment,8.3
CR,2012-06-21,o2sat,13,83.6,,,,manual_crystal_mixing_experiment,8
CR,2012-06-21,o2sat,14,78.9,,,,manual_crystal_mixing_experiment,7.6
CR,2012-06-21,o2sat,15,77.4,,,,manual_crystal_mixing_experiment,7.5
CR,2012-06-21,o2sat,16,77.4,,,,manual_crystal_mixing_experiment,7.5
CR,2012-06-21,o2sat,17,76.2,,,,manual_crystal_mixing_experiment,7.4
CR,2012-06-21,o2sat,18,70.7,,,,manual_crystal_mixing_experiment,6.9
CR,2012-06-28,o2sat,0,106.4,,,,manual_crystal_mixing_experiment,8.7
CR,2012-06-28,o2sat,1,106.4,,,,manual_crystal_mixing_experiment,8.7
CR,2012-06-28,o2sat,2,106.2,,,,manual_crystal_mixing_experiment,8.7
CR,2012-06-28,o2sat,3,107.8,,,,manual_crystal_mixing_experiment,9
CR,2012-06-28,o2sat,4,106.9,,,,manual_crystal_mixing_experiment,9
CR,2012-06-28,o2sat,5,106.5,,,,manual_crystal_mixing_experiment,9
CR,2012-06-28,o2sat,6,106.6,,,,manual_crystal_mixing_experiment,9.1
CR,2012-06-28,o2sat,7,106.7,,,,manual_crystal_mixing_experiment,9.2
CR,2012-06-28,o2sat,8,102.8,,,,manual_crystal_mixing_experiment,9.1
CR,2012-06-28,o2sat,9,101.3,,,,manual_crystal_mixing_experiment,9
CR,2012-06-28,o2sat,10,94.8,,,,manual_crystal_mixing_experiment,8.6
CR,2012-06-28,o2sat,11,93.2,,,,manual_crystal_mixing_experiment,8.6
CR,2012-06-28,o2sat,12,82.8,,,,manual_crystal_mixing_experiment,7.7
CR,2012-06-28,o2sat,13,75.7,,,,manual_crystal_mixing_experiment,7.1
CR,2012-06-28,o2sat,14,68.8,,,,manual_crystal_mixing_experiment,6.5
CR,2012-06-28,o2sat,15,66.4,,,,manual_crystal_mixing_experiment,6.3
CR,2012-06-28,o2sat,16,63,,,,manual_crystal_mixing_experiment,6
CR,2012-06-28,o2sat,17,61.8,,,,manual_crystal_mixing_experiment,5.9
CR,2012-06-28,o2sat,18,60.8,,,,manual_crystal_mixing_experiment,5.8
CR,2012-07-04,o2sat,0,117.1,,,,manual_crystal_mixing_experiment,9
CR,2012-07-04,o2sat,1,116.5,,,,manual_crystal_mixing_experiment,9.1
CR,2012-07-04,o2sat,2,117.1,,,,manual_crystal_mixing_experiment,9.2
CR,2012-07-04,o2sat,3,115.6,,,,manual_crystal_mixing_experiment,9.2
CR,2012-07-04,o2sat,4,120,,,,manual_crystal_mixing_experiment,9.7
CR,2012-07-04,o2sat,5,121.1,,,,manual_crystal_mixing_experiment,9.9
CR,2012-07-04,o2sat,6,120.7,,,,manual_crystal_mixing_experiment,10
CR,2012-07-04,o2sat,7,118.6,,,,manual_crystal_mixing_experiment,10
CR,2012-07-04,o2sat,8,115.3,,,,manual_crystal_mixing_experiment,9.9
CR,2012-07-04,o2sat,9,110.7,,,,manual_crystal_mixing_experiment,9.8
CR,2012-07-04,o2sat,10,105.1,,,,manual_crystal_mixing_experiment,9.4
CR,2012-07-04,o2sat,11,99.4,,,,manual_crystal_mixing_experiment,9
CR,2012-07-04,o2sat,12,92.9,,,,manual_crystal_mixing_experiment,8.5
CR,2012-07-04,o2sat,13,83.8,,,,manual_crystal_mixing_experiment,7.7
CR,2012-07-04,o2sat,14,77.7,,,,manual_crystal_mixing_experiment,7.2
CR,2012-07-04,o2sat,15,68.6,,,,manual_crystal_mixing_experiment,6.4
CR,2012-07-04,o2sat,16,64.2,,,,manual_crystal_mixing_experiment,6
CR,2012-07-04,o2sat,17,61.9,,,,manual_crystal_mixing_experiment,5.8
CR,2012-07-04,o2sat,18,59.8,,,,manual_crystal_mixing_experiment,5.6
CR,2012-07-11,o2sat,0,109.4,,,,manual_crystal_mixing_experiment,8.5
CR,2012-07-11,o2sat,1,109,,,,manual_crystal_mixing_experiment,8.5
CR,2012-07-11,o2sat,2,109.7,,,,manual_crystal_mixing_experiment,8.6
CR,2012-07-11,o2sat,3,108.2,,,,manual_crystal_mixing_experiment,8.5
CR,2012-07-11,o2sat,4,107.8,,,,manual_crystal_mixing_experiment,8.5
CR,2012-07-11,o2sat,5,106.8,,,,manual_crystal_mixing_experiment,8.5
CR,2012-07-11,o2sat,6,111,,,,manual_crystal_mixing_experiment,8.9
CR,2012-07-11,o2sat,7,104.8,,,,manual_crystal_mixing_experiment,8.6
CR,2012-07-11,o2sat,8,108.3,,,,manual_crystal_mixing_experiment,9.1
CR,2012-07-11,o2sat,9,106.1,,,,manual_crystal_mixing_experiment,9
CR,2012-07-11,o2sat,10,96.1,,,,manual_crystal_mixing_experiment,8.4
CR,2012-07-11,o2sat,11,85.7,,,,manual_crystal_mixing_experiment,7.6
CR,2012-07-11,o2sat,12,75.9,,,,manual_crystal_mixing_experiment,6.8
CR,2012-07-11,o2sat,13,66.3,,,,manual_crystal_mixing_experiment,6
CR,2012-07-11,o2sat,14,62.7,,,,manual_crystal_mixing_experiment,5.7
CR,2012-07-11,o2sat,15,55.7,,,,manual_crystal_mixing_experiment,5.1
CR,2012-07-11,o2sat,16,45.6,,,,manual_crystal_mixing_experiment,4.2
CR,2012-07-11,o2sat,17,46.6,,,,manual_crystal_mixing_experiment,4.3
CR,2012-07-11,o2sat,18,43.3,,,,manual_crystal_mixing_experiment,4
CR,2012-07-18,o2sat,0,106,,,,manual_crystal_mixing_experiment,8.3
CR,2012-07-18,o2sat,1,107.3,,,,manual_crystal_mixing_experiment,8.4
CR,2012-07-18,o2sat,2,107.3,,,,manual_crystal_mixing_experiment,8.4
CR,2012-07-18,o2sat,3,107.3,,,,manual_crystal_mixing_experiment,8.4
CR,2012-07-18,o2sat,4,107.1,,,,manual_crystal_mixing_experiment,8.4
CR,2012-07-18,o2sat,5,105.6,,,,manual_crystal_mixing_experiment,8.3
CR,2012-07-18,o2sat,6,104.2,,,,manual_crystal_mixing_experiment,8.2
CR,2012-07-18,o2sat,7,103.5,,,,manual_crystal_mixing_experiment,8.3
CR,2012-07-18,o2sat,8,102.1,,,,manual_crystal_mixing_experiment,8.4
CR,2012-07-18,o2sat,9,99.2,,,,manual_crystal_mixing_experiment,8.3
CR,2012-07-18,o2sat,10,91.2,,,,manual_crystal_mixing_experiment,7.8
CR,2012-07-18,o2sat,11,74.5,,,,manual_crystal_mixing_experiment,6.5
CR,2012-07-18,o2sat,12,67.2,,,,manual_crystal_mixing_experiment,5.9
CR,2012-07-18,o2sat,13,58.6,,,,manual_crystal_mixing_experiment,5.2
CR,2012-07-18,o2sat,14,58.3,,,,manual_crystal_mixing_experiment,5.2
CR,2012-07-18,o2sat,15,45.6,,,,manual_crystal_mixing_experiment,4.1
CR,2012-07-18,o2sat,16,41,,,,manual_crystal_mixing_experiment,3.7
CR,2012-07-18,o2sat,17,39.8,,,,manual_crystal_mixing_experiment,3.6
CR,2012-07-18,o2sat,18,36.4,,,,manual_crystal_mixing_experiment,3.3
CR,2012-07-26,o2sat,0,105.8,,,,manual_crystal_mixing_experiment,8.3
CR,2012-07-26,o2sat,1,105.8,,,,manual_crystal_mixing_experiment,8.3
CR,2012-07-26,o2sat,2,104.6,,,,manual_crystal_mixing_experiment,8.2
CR,2012-07-26,o2sat,3,104.6,,,,manual_crystal_mixing_experiment,8.2
CR,2012-07-26,o2sat,4,104.6,,,,manual_crystal_mixing_experiment,8.2
CR,2012-07-26,o2sat,5,104.6,,,,manual_crystal_mixing_experiment,8.2
CR,2012-07-26,o2sat,6,103.1,,,,manual_crystal_mixing_experiment,8.1
CR,2012-07-26,o2sat,7,105,,,,manual_crystal_mixing_experiment,8.3
CR,2012-07-26,o2sat,8,99.4,,,,manual_crystal_mixing_experiment,8
CR,2012-07-26,o2sat,9,91.6,,,,manual_crystal_mixing_experiment,7.5
CR,2012-07-26,o2sat,10,83.4,,,,manual_crystal_mixing_experiment,6.9
CR,2012-07-26,o2sat,11,61,,,,manual_crystal_mixing_experiment,5.2
CR,2012-07-26,o2sat,12,59.5,,,,manual_crystal_mixing_experiment,5.1
CR,2012-07-26,o2sat,13,54.3,,,,manual_crystal_mixing_experiment,4.7
CR,2012-07-26,o2sat,14,50.5,,,,manual_crystal_mixing_experiment,4.4
CR,2012-07-26,o2sat,15,45.7,,,,manual_crystal_mixing_experiment,4
CR,2012-07-26,o2sat,16,38.6,,,,manual_crystal_mixing_experiment,3.4
CR,2012-07-26,o2sat,17,37.4,,,,manual_crystal_mixing_experiment,3.3
CR,2012-07-26,o2sat,18,33.9,,,,manual_crystal_mixing_experiment,3
CR,2012-08-01,o2sat,0,109.9,,,,manual_crystal_mixing_experiment,8.6
CR,2012-08-01,o2sat,1,109.9,,,,manual_crystal_mixing_experiment,8.6
CR,2012-08-01,o2sat,2,109.7,,,,manual_crystal_mixing_experiment,8.6
CR,2012-08-01,o2sat,3,109.7,,,,manual_crystal_mixing_experiment,8.6
CR,2012-08-01,o2sat,4,108.2,,,,manual_crystal_mixing_experiment,8.5
CR,2012-08-01,o2sat,5,108,,,,manual_crystal_mixing_experiment,8.5
CR,2012-08-01,o2sat,6,106.1,,,,manual_crystal_mixing_experiment,8.4
CR,2012-08-01,o2sat,7,105.5,,,,manual_crystal_mixing_experiment,8.4
CR,2012-08-01,o2sat,8,88.5,,,,manual_crystal_mixing_experiment,7.1
CR,2012-08-01,o2sat,9,80.1,,,,manual_crystal_mixing_experiment,6.5
CR,2012-08-01,o2sat,10,75.8,,,,manual_crystal_mixing_experiment,6.2
CR,2012-08-01,o2sat,11,52.4,,,,manual_crystal_mixing_experiment,4.4
CR,2012-08-01,o2sat,12,47.1,,,,manual_crystal_mixing_experiment,4
CR,2012-08-01,o2sat,13,43.4,,,,manual_crystal_mixing_experiment,3.7
CR,2012-08-01,o2sat,14,38.4,,,,manual_crystal_mixing_experiment,3.3
CR,2012-08-01,o2sat,15,33.5,,,,manual_crystal_mixing_experiment,2.9
CR,2012-08-01,o2sat,16,29.9,,,,manual_crystal_mixing_experiment,2.6
CR,2012-08-01,o2sat,17,28.7,,,,manual_crystal_mixing_experiment,2.5
CR,2012-08-01,o2sat,18,27.5,,,,manual_crystal_mixing_experiment,2.4
CR,2012-08-08,o2sat,0,105.6,,,,manual_crystal_mixing_experiment,8.5
CR,2012-08-08,o2sat,1,106,,,,manual_crystal_mixing_experiment,8.5
CR,2012-08-08,o2sat,2,106,,,,manual_crystal_mixing_experiment,8.5
CR,2012-08-08,o2sat,3,104.9,,,,manual_crystal_mixing_experiment,8.4
CR,2012-08-08,o2sat,4,104.9,,,,manual_crystal_mixing_experiment,8.4
CR,2012-08-08,o2sat,5,103.7,,,,manual_crystal_mixing_experiment,8.3
CR,2012-08-08,o2sat,6,99.9,,,,manual_crystal_mixing_experiment,8
CR,2012-08-08,o2sat,7,96,,,,manual_crystal_mixing_experiment,7.7
CR,2012-08-08,o2sat,8,90.8,,,,manual_crystal_mixing_experiment,7.3
CR,2012-08-08,o2sat,9,85.5,,,,manual_crystal_mixing_experiment,6.9
CR,2012-08-08,o2sat,10,72.4,,,,manual_crystal_mixing_experiment,5.9
CR,2012-08-08,o2sat,11,53.3,,,,manual_crystal_mixing_experiment,4.4
CR,2012-08-08,o2sat,12,47,,,,manual_crystal_mixing_experiment,3.9
CR,2012-08-08,o2sat,13,40.6,,,,manual_crystal_mixing_experiment,3.4
CR,2012-08-08,o2sat,14,33.1,,,,manual_crystal_mixing_experiment,2.8
CR,2012-08-08,o2sat,15,29.4,,,,manual_crystal_mixing_experiment,2.5
CR,2012-08-08,o2sat,16,23.4,,,,manual_crystal_mixing_experiment,2
CR,2012-08-08,o2sat,17,22.2,,,,manual_crystal_mixing_experiment,1.9
CR,2012-08-08,o2sat,18,22.2,,,,manual_crystal_mixing_experiment,1.9
CR,2012-08-16,o2sat,0,94.4,,,,manual_crystal_mixing_experiment,7.7
CR,2012-08-16,o2sat,1,94.4,,,,manual_crystal_mixing_experiment,7.7
CR,2012-08-16,o2sat,2,93.1,,,,manual_crystal_mixing_experiment,7.6
CR,2012-08-16,o2sat,3,93.1,,,,manual_crystal_mixing_experiment,7.6
CR,2012-08-16,o2sat,4,93.1,,,,manual_crystal_mixing_experiment,7.6
CR,2012-08-16,o2sat,5,93.1,,,,manual_crystal_mixing_experiment,7.6
CR,2012-08-16,o2sat,6,91.9,,,,manual_crystal_mixing_experiment,7.5
CR,2012-08-16,o2sat,7,89.5,,,,manual_crystal_mixing_experiment,7.3
CR,2012-08-16,o2sat,8,88.1,,,,manual_crystal_mixing_experiment,7.2
CR,2012-08-16,o2sat,9,84.4,,,,manual_crystal_mixing_experiment,6.9
CR,2012-08-16,o2sat,10,76.9,,,,manual_crystal_mixing_experiment,6.3
CR,2012-08-16,o2sat,11,64.5,,,,manual_crystal_mixing_experiment,5.3
CR,2012-08-16,o2sat,12,58.3,,,,manual_crystal_mixing_experiment,4.8
CR,2012-08-16,o2sat,13,48.4,,,,manual_crystal_mixing_experiment,4
CR,2012-08-16,o2sat,14,44.6,,,,manual_crystal_mixing_experiment,3.7
CR,2012-08-16,o2sat,15,28.7,,,,manual_crystal_mixing_experiment,2.4
CR,2012-08-16,o2sat,16,23.9,,,,manual_crystal_mixing_experiment,2
CR,2012-08-16,o2sat,17,21.4,,,,manual_crystal_mixing_experiment,1.8
CR,2012-08-16,o2sat,18,15.4,,,,manual_crystal_mixing_experiment,1.3
CR,2012-08-22,o2sat,0,101.9,,,,manual_crystal_mixing_experiment,8.3
CR,2012-08-22,o2sat,1,101.5,,,,manual_crystal_mixing_experiment,8.3
CR,2012-08-22,o2sat,2,99.9,,,,manual_crystal_mixing_experiment,8.2
CR,2012-08-22,o2sat,3,99.5,,,,manual_crystal_mixing_experiment,8.2
CR,2012-08-22,o2sat,4,96.9,,,,manual_crystal_mixing_experiment,8
CR,2012-08-22,o2sat,5,95.7,,,,manual_crystal_mixing_experiment,7.9
CR,2012-08-22,o2sat,6,94.3,,,,manual_crystal_mixing_experiment,7.8
CR,2012-08-22,o2sat,7,92.9,,,,manual_crystal_mixing_experiment,7.7
CR,2012-08-22,o2sat,8,91.7,,,,manual_crystal_mixing_experiment,7.6
CR,2012-08-22,o2sat,9,85.3,,,,manual_crystal_mixing_experiment,7.1
CR,2012-08-22,o2sat,10,85.3,,,,manual_crystal_mixing_experiment,7.1
CR,2012-08-22,o2sat,11,79.3,,,,manual_crystal_mixing_experiment,6.6
CR,2012-08-22,o2sat,12,78,,,,manual_crystal_mixing_experiment,6.5
CR,2012-08-22,o2sat,13,76.8,,,,manual_crystal_mixing_experiment,6.4
CR,2012-08-22,o2sat,14,72,,,,manual_crystal_mixing_experiment,6
CR,2012-08-22,o2sat,15,68.2,,,,manual_crystal_mixing_experiment,5.7
CR,2012-08-22,o2sat,16,67.2,,,,manual_crystal_mixing_experiment,5.6
CR,2012-08-22,o2sat,17,67,,,,manual_crystal_mixing_experiment,5.6
CR,2012-08-22,o2sat,18,62.3,,,,manual_crystal_mixing_experiment,5.2
CR,2012-09-06,o2sat,0,98,,,,manual_crystal_mixing_experiment,8
CR,2012-09-06,o2sat,1,96.8,,,,manual_crystal_mixing_experiment,7.9
CR,2012-09-06,o2sat,2,96.8,,,,manual_crystal_mixing_experiment,7.9
CR,2012-09-06,o2sat,3,96.8,,,,manual_crystal_mixing_experiment,7.9
CR,2012-09-06,o2sat,4,97.8,,,,manual_crystal_mixing_experiment,8
CR,2012-09-06,o2sat,5,96.6,,,,manual_crystal_mixing_experiment,7.9
CR,2012-09-06,o2sat,6,96.6,,,,manual_crystal_mixing_experiment,7.9
CR,2012-09-06,o2sat,7,96.6,,,,manual_crystal_mixing_experiment,7.9
CR,2012-09-06,o2sat,8,95.2,,,,manual_crystal_mixing_experiment,7.8
CR,2012-09-06,o2sat,9,81.5,,,,manual_crystal_mixing_experiment,6.7
CR,2012-09-06,o2sat,10,58.1,,,,manual_crystal_mixing_experiment,4.8
CR,2012-09-06,o2sat,11,55.6,,,,manual_crystal_mixing_experiment,4.6
CR,2012-09-06,o2sat,12,50.6,,,,manual_crystal_mixing_experiment,4.2
CR,2012-09-06,o2sat,13,38.4,,,,manual_crystal_mixing_experiment,3.2
CR,2012-09-06,o2sat,14,31.1,,,,manual_crystal_mixing_experiment,2.6
CR,2012-09-06,o2sat,15,31.1,,,,manual_crystal_mixing_experiment,2.6
CR,2012-09-06,o2sat,16,31.1,,,,manual_crystal_mixing_experiment,2.6
CR,2012-09-06,o2sat,17,27.5,,,,manual_crystal_mixing_experiment,2.3
CR,2012-09-06,o2sat,18,26.3,,,,manual_crystal_mixing_experiment,2.2
CR,2012-09-20,o2sat,0,96.2,,,,manual_crystal_mixing_experiment,8.5
CR,2012-09-20,o2sat,1,96.2,,,,manual_crystal_mixing_experiment,8.5
CR,2012-09-20,o2sat,2,96.2,,,,manual_crystal_mixing_experiment,8.5
CR,2012-09-20,o2sat,3,95.1,,,,manual_crystal_mixing_experiment,8.4
CR,2012-09-20,o2sat,4,95.1,,,,manual_crystal_mixing_experiment,8.4
CR,2012-09-20,o2sat,5,95.1,,,,manual_crystal_mixing_experiment,8.4
CR,2012-09-20,o2sat,6,95.1,,,,manual_crystal_mixing_experiment,8.4
CR,2012-09-20,o2sat,7,95.1,,,,manual_crystal_mixing_experiment,8.4
CR,2012-09-20,o2sat,8,95.1,,,,manual_crystal_mixing_experiment,8.4
CR,2012-09-20,o2sat,9,94,,,,manual_crystal_mixing_experiment,8.3
CR,2012-09-20,o2sat,10,94,,,,manual_crystal_mixing_experiment,8.3
CR,2012-09-20,o2sat,11,94,,,,manual_crystal_mixing_experiment,8.3
CR,2012-09-20,o2sat,12,94,,,,manual_crystal_mixing_experiment,8.3
CR,2012-09-20,o2sat,13,94,,,,manual_crystal_mixing_experiment,8.3
CR,2012-09-20,o2sat,14,94,,,,manual_crystal_mixing_experiment,8.3
CR,2012-09-20,o2sat,15,94,,,,manual_crystal_mixing_experiment,8.3
CR,2012-09-20,o2sat,16,94,,,,manual_crystal_mixing_experiment,8.3
CR,2012-09-20,o2sat,17,92.8,,,,manual_crystal_mixing_experiment,8.2
CR,2012-09-20,o2sat,18,92.8,,,,manual_crystal_mixing_experiment,8.2
CR,2012-10-03,o2sat,0,95.3,,,,manual_crystal_mixing_experiment,8.7
CR,2012-10-03,o2sat,1,94.5,,,,manual_crystal_mixing_experiment,8.7
CR,2012-10-03,o2sat,2,95.4,,,,manual_crystal_mixing_experiment,8.8
CR,2012-10-03,o2sat,3,95.4,,,,manual_crystal_mixing_experiment,8.8
CR,2012-10-03,o2sat,4,95.2,,,,manual_crystal_mixing_experiment,8.8
CR,2012-10-03,o2sat,5,94.1,,,,manual_crystal_mixing_experiment,8.7
CR,2012-10-03,o2sat,6,94.1,,,,manual_crystal_mixing_experiment,8.7
CR,2012-10-03,o2sat,7,94.1,,,,manual_crystal_mixing_experiment,8.7
CR,2012-10-03,o2sat,8,94.1,,,,manual_crystal_mixing_experiment,8.7
CR,2012-10-03,o2sat,9,91.9,,,,manual_crystal_mixing_experiment,8.5
CR,2012-10-03,o2sat,10,91.7,,,,manual_crystal_mixing_experiment,8.5
CR,2012-10-03,o2sat,11,91.7,,,,manual_crystal_mixing_experiment,8.5
CR,2012-10-03,o2sat,12,90.7,,,,manual_crystal_mixing_experiment,8.4
CR,2012-10-03,o2sat,13,90.7,,,,manual_crystal_mixing_experiment,8.4
CR,2012-10-03,o2sat,14,90.7,,,,manual_crystal_mixing_experiment,8.4
CR,2012-10-03,o2sat,15,90.7,,,,manual_crystal_mixing_experiment,8.4
CR,2012-10-03,o2sat,16,89.6,,,,manual_crystal_mixing_experiment,8.3
CR,2012-10-03,o2sat,17,89.6,,,,manual_crystal_mixing_experiment,8.3
CR,2012-10-03,o2sat,18,88.5,,,,manual_crystal_mixing_experiment,8.2
CR,2012-10-18,o2sat,0,88.6,,,,manual_crystal_mixing_experiment,9
CR,2012-10-18,o2sat,1,88.6,,,,manual_crystal_mixing_experiment,9
CR,2012-10-18,o2sat,2,88.6,,,,manual_crystal_mixing_experiment,9
CR,2012-10-18,o2sat,3,87.6,,,,manual_crystal_mixing_experiment,8.9
CR,2012-10-18,o2sat,4,87.6,,,,manual_crystal_mixing_experiment,8.9
CR,2012-10-18,o2sat,5,87.6,,,,manual_crystal_mixing_experiment,8.9
CR,2012-10-18,o2sat,6,86.6,,,,manual_crystal_mixing_experiment,8.8
CR,2012-10-18,o2sat,7,86.6,,,,manual_crystal_mixing_experiment,8.8
CR,2012-10-18,o2sat,8,86.6,,,,manual_crystal_mixing_experiment,8.8
CR,2012-10-18,o2sat,9,86.6,,,,manual_crystal_mixing_experiment,8.8
CR,2012-10-18,o2sat,10,85.7,,,,manual_crystal_mixing_experiment,8.7
CR,2012-10-18,o2sat,11,85.5,,,,manual_crystal_mixing_experiment,8.7
CR,2012-10-18,o2sat,12,84.5,,,,manual_crystal_mixing_experiment,8.6
CR,2012-10-18,o2sat,13,84.5,,,,manual_crystal_mixing_experiment,8.6
CR,2012-10-18,o2sat,14,84.5,,,,manual_crystal_mixing_experiment,8.6
CR,2012-10-18,o2sat,15,84.5,,,,manual_crystal_mixing_experiment,8.6
CR,2012-10-18,o2sat,16,83.5,,,,manual_crystal_mixing_experiment,8.5
CR,2012-10-18,o2sat,17,82.5,,,,manual_crystal_mixing_experiment,8.4
CR,2012-10-18,o2sat,18,81.5,,,,manual_crystal_mixing_experiment,8.3
CR,2012-10-31,o2sat,0,88,,,,manual_crystal_mixing_experiment,9.4
CR,2012-10-31,o2sat,1,87,,,,manual_crystal_mixing_experiment,9.3
CR,2012-10-31,o2sat,2,87,,,,manual_crystal_mixing_experiment,9.3
CR,2012-10-31,o2sat,3,86.8,,,,manual_crystal_mixing_experiment,9.3
CR,2012-10-31,o2sat,4,86.8,,,,manual_crystal_mixing_experiment,9.3
CR,2012-10-31,o2sat,5,86.8,,,,manual_crystal_mixing_experiment,9.3
CR,2012-10-31,o2sat,6,86.8,,,,manual_crystal_mixing_experiment,9.3
CR,2012-10-31,o2sat,7,85.9,,,,manual_crystal_mixing_experiment,9.2
CR,2012-10-31,o2sat,8,85.9,,,,manual_crystal_mixing_experiment,9.2
CR,2012-10-31,o2sat,9,85.9,,,,manual_crystal_mixing_experiment,9.2
CR,2012-10-31,o2sat,10,85.9,,,,manual_crystal_mixing_experiment,9.2
CR,2012-10-31,o2sat,11,85.9,,,,manual_crystal_mixing_experiment,9.2
CR,2012-10-31,o2sat,12,85,,,,manual_crystal_mixing_experiment,9.1
CR,2012-10-31,o2sat,13,85,,,,manual_crystal_mixing_experiment,9.1
CR,2012-10-31,o2sat,14,85,,,,manual_crystal_mixing_experiment,9.1
CR,2012-10-31,o2sat,15,85,,,,manual_crystal_mixing_experiment,9.1
CR,2012-10-31,o2sat,16,85,,,,manual_crystal_mixing_experiment,9.1
CR,2012-10-31,o2sat,17,85,,,,manual_crystal_mixing_experiment,9.1
CR,2012-10-31,o2sat,18,83.8,,,,manual_crystal_mixing_experiment,9
CR,2012-11-14,o2sat,0,91.6,,,,manual_crystal_mixing_experiment,10.5
CR,2012-11-14,o2sat,1,91.6,,,,manual_crystal_mixing_experiment,10.5
CR,2012-11-14,o2sat,2,91.4,,,,manual_crystal_mixing_experiment,10.5
CR,2012-11-14,o2sat,3,91.4,,,,manual_crystal_mixing_experiment,10.5
CR,2012-11-14,o2sat,4,91.4,,,,manual_crystal_mixing_experiment,10.5
CR,2012-11-14,o2sat,5,91.4,,,,manual_crystal_mixing_experiment,10.5
CR,2012-11-14,o2sat,6,90.5,,,,manual_crystal_mixing_experiment,10.4
CR,2012-11-14,o2sat,7,90.5,,,,manual_crystal_mixing_experiment,10.4
CR,2012-11-14,o2sat,8,90.5,,,,manual_crystal_mixing_experiment,10.4
CR,2012-11-14,o2sat,9,90.5,,,,manual_crystal_mixing_experiment,10.4
CR,2012-11-14,o2sat,10,90.5,,,,manual_crystal_mixing_experiment,10.4
CR,2012-11-14,o2sat,11,90.5,,,,manual_crystal_mixing_experiment,10.4
CR,2012-11-14,o2sat,12,90.5,,,,manual_crystal_mixing_experiment,10.4
CR,2012-11-14,o2sat,13,90.3,,,,manual_crystal_mixing_experiment,10.4
CR,2012-11-14,o2sat,14,90.3,,,,manual_crystal_mixing_experiment,10.4
CR,2012-11-14,o2sat,15,89.4,,,,manual_crystal_mixing_experiment,10.3
CR,2012-11-14,o2sat,16,89.4,,,,manual_crystal_mixing_experiment,10.3
CR,2012-11-14,o2sat,17,89.4,,,,manual_crystal_mixing_experiment,10.3
CR,2012-11-14,o2sat,18,89.4,,,,manual_crystal_mixing_experiment,10.3
CR,2013-01-16,o2sat,0,122.2,,,,manual_crystal_mixing_experiment,16.6
CR,2013-01-16,o2sat,1,102.2,,,,manual_crystal_mixing_experiment,13.1
CR,2013-01-16,o2sat,2,96.5,,,,manual_crystal_mixing_experiment,12.2
CR,2013-01-16,o2sat,3,95.1,,,,manual_crystal_mixing_experiment,12
CR,2013-01-16,o2sat,4,95.1,,,,manual_crystal_mixing_experiment,12
CR,2013-01-16,o2sat,5,95.1,,,,manual_crystal_mixing_experiment,12
CR,2013-01-16,o2sat,6,95.1,,,,manual_crystal_mixing_experiment,12
CR,2013-01-16,o2sat,7,91.4,,,,manual_crystal_mixing_experiment,11.5
CR,2013-01-16,o2sat,8,90.6,,,,manual_crystal_mixing_experiment,11.4
CR,2013-01-16,o2sat,9,90.1,,,,manual_crystal_mixing_experiment,11.3
CR,2013-01-16,o2sat,10,89.3,,,,manual_crystal_mixing_experiment,11.2
CR,2013-01-16,o2sat,11,86.3,,,,manual_crystal_mixing_experiment,10.8
CR,2013-01-16,o2sat,12,83.6,,,,manual_crystal_mixing_experiment,10.4
CR,2013-01-16,o2sat,13,76.3,,,,manual_crystal_mixing_experiment,9.4
CR,2013-01-16,o2sat,14,74.9,,,,manual_crystal_mixing_experiment,9.2
CR,2013-01-16,o2sat,15,58.8,,,,manual_crystal_mixing_experiment,7.2
CR,2013-01-16,o2sat,16,56.3,,,,manual_crystal_mixing_experiment,6.9
CR,2013-01-16,o2sat,17,49.9,,,,manual_crystal_mixing_experiment,6.1
CR,2013-01-16,o2sat,18,37.7,,,,manual_crystal_mixing_experiment,4.6
CR,2013-02-26,o2sat,0,104.2,,,,manual_crystal_mixing_experiment,14.2
CR,2013-02-26,o2sat,1,99.4,,,,manual_crystal_mixing_experiment,13.2
CR,2013-02-26,o2sat,2,93.1,,,,manual_crystal_mixing_experiment,11.9
CR,2013-02-26,o2sat,3,91.7,,,,manual_crystal_mixing_experiment,11.6
CR,2013-02-26,o2sat,4,91.2,,,,manual_crystal_mixing_experiment,11.5
CR,2013-02-26,o2sat,5,88.2,,,,manual_crystal_mixing_experiment,11.1
CR,2013-02-26,o2sat,6,86.9,,,,manual_crystal_mixing_experiment,10.9
CR,2013-02-26,o2sat,7,86.9,,,,manual_crystal_mixing_experiment,10.9
CR,2013-02-26,o2sat,8,87.1,,,,manual_crystal_mixing_experiment,10.9
CR,2013-02-26,o2sat,9,86.8,,,,manual_crystal_mixing_experiment,10.8
CR,2013-02-26,o2sat,10,81.8,,,,manual_crystal_mixing_experiment,10.1
CR,2013-02-26,o2sat,11,80.4,,,,manual_crystal_mixing_experiment,9.9
CR,2013-02-26,o2sat,12,75.7,,,,manual_crystal_mixing_experiment,9.3
CR,2013-02-26,o2sat,13,71.6,,,,manual_crystal_mixing_experiment,8.8
CR,2013-02-26,o2sat,14,62,,,,manual_crystal_mixing_experiment,7.6
CR,2013-02-26,o2sat,15,46.7,,,,manual_crystal_mixing_experiment,5.7
CR,2013-02-26,o2sat,16,41,,,,manual_crystal_mixing_experiment,5
CR,2013-02-26,o2sat,17,30.4,,,,manual_crystal_mixing_experiment,3.7
CR,2013-03-26,o2sat,0,97.3,,,,manual_crystal_mixing_experiment,13.1
CR,2013-03-26,o2sat,1,95.1,,,,manual_crystal_mixing_experiment,12.7
CR,2013-03-26,o2sat,2,90.5,,,,manual_crystal_mixing_experiment,11.6
CR,2013-03-26,o2sat,3,89.4,,,,manual_crystal_mixing_experiment,11.3
CR,2013-03-26,o2sat,4,87.5,,,,manual_crystal_mixing_experiment,11
CR,2013-03-26,o2sat,5,86.7,,,,manual_crystal_mixing_experiment,10.9
CR,2013-03-26,o2sat,6,86.1,,,,manual_crystal_mixing_experiment,10.8
CR,2013-03-26,o2sat,7,85.5,,,,manual_crystal_mixing_experiment,10.7
CR,2013-03-26,o2sat,8,85.4,,,,manual_crystal_mixing_experiment,10.6
CR,2013-03-26,o2sat,9,81,,,,manual_crystal_mixing_experiment,10
CR,2013-03-26,o2sat,10,72.5,,,,manual_crystal_mixing_experiment,8.9
CR,2013-03-26,o2sat,11,70.8,,,,manual_crystal_mixing_experiment,8.7
CR,2013-03-26,o2sat,12,70,,,,manual_crystal_mixing_experiment,8.6
CR,2013-03-26,o2sat,13,51.6,,,,manual_crystal_mixing_experiment,6.3
CR,2013-03-26,o2sat,14,49.1,,,,manual_crystal_mixing_experiment,6
CR,2013-03-26,o2sat,15,47.5,,,,manual_crystal_mixing_experiment,5.8
CR,2013-03-26,o2sat,16,40.9,,,,manual_crystal_mixing_experiment,5
CR,2013-03-26,o2sat,17,32,,,,manual_crystal_mixing_experiment,3.9
CR,2013-03-26,o2sat,18,16.5,,,,manual_crystal_mixing_experiment,2
CR,2013-05-14,o2sat,0,100.2,,,,manual_crystal_mixing_experiment,11.4
CR,2013-05-14,o2sat,1,99.2,,,,manual_crystal_mixing_experiment,11.4
CR,2013-05-14,o2sat,2,98.9,,,,manual_crystal_mixing_experiment,11.4
CR,2013-05-14,o2sat,3,98.7,,,,manual_crystal_mixing_experiment,11.4
CR,2013-05-14,o2sat,4,98.2,,,,manual_crystal_mixing_experiment,11.4
CR,2013-05-14,o2sat,5,97.5,,,,manual_crystal_mixing_experiment,11.4
CR,2013-05-14,o2sat,6,97.2,,,,manual_crystal_mixing_experiment,11.4
CR,2013-05-14,o2sat,7,96.7,,,,manual_crystal_mixing_experiment,11.4
CR,2013-05-14,o2sat,8,93.9,,,,manual_crystal_mixing_experiment,11.1
CR,2013-05-14,o2sat,9,92.9,,,,manual_crystal_mixing_experiment,11
CR,2013-05-14,o2sat,10,89,,,,manual_crystal_mixing_experiment,10.6
CR,2013-05-14,o2sat,11,87.1,,,,manual_crystal_mixing_experiment,10.4
CR,2013-05-14,o2sat,12,86.9,,,,manual_crystal_mixing_experiment,10.4
CR,2013-05-14,o2sat,13,80.6,,,,manual_crystal_mixing_experiment,9.7
CR,2013-05-14,o2sat,14,74.4,,,,manual_crystal_mixing_experiment,9
CR,2013-05-14,o2sat,15,65.2,,,,manual_crystal_mixing_experiment,7.9
CR,2013-05-14,o2sat,16,55.9,,,,manual_crystal_mixing_experiment,6.8
CR,2013-05-14,o2sat,17,52.7,,,,manual_crystal_mixing_experiment,6.4
CR,2013-05-14,o2sat,18,51.8,,,,manual_crystal_mixing_experiment,6.3
CR,2013-05-31,o2sat,0,108.5,,,,manual_crystal_mixing_experiment,10.2
CR,2013-05-31,o2sat,1,109.1,,,,manual_crystal_mixing_experiment,10.3
CR,2013-05-31,o2sat,2,109.8,,,,manual_crystal_mixing_experiment,10.5
CR,2013-05-31,o2sat,3,110.8,,,,manual_crystal_mixing_experiment,11
CR,2013-05-31,o2sat,4,111.3,,,,manual_crystal_mixing_experiment,11.3
CR,2013-05-31,o2sat,5,110.2,,,,manual_crystal_mixing_experiment,11.3
CR,2013-05-31,o2sat,6,108.7,,,,manual_crystal_mixing_experiment,11.3
CR,2013-05-31,o2sat,7,107.7,,,,manual_crystal_mixing_experiment,11.4
CR,2013-05-31,o2sat,8,106.4,,,,manual_crystal_mixing_experiment,11.4
CR,2013-05-31,o2sat,9,104.7,,,,manual_crystal_mixing_experiment,11.3
CR,2013-05-31,o2sat,10,102.8,,,,manual_crystal_mixing_experiment,11.2
CR,2013-05-31,o2sat,11,101.2,,,,manual_crystal_mixing_experiment,11.1
CR,2013-05-31,o2sat,12,99.3,,,,manual_crystal_mixing_experiment,11
CR,2013-05-31,o2sat,13,97.9,,,,manual_crystal_mixing_experiment,10.9
CR,2013-05-31,o2sat,14,96.1,,,,manual_crystal_mixing_experiment,10.8
CR,2013-05-31,o2sat,15,93,,,,manual_crystal_mixing_experiment,10.5
CR,2013-05-31,o2sat,16,91,,,,manual_crystal_mixing_experiment,10.3
CR,2013-05-31,o2sat,17,89,,,,manual_crystal_mixing_experiment,10.1
CR,2013-05-31,o2sat,18,88.1,,,,manual_crystal_mixing_experiment,10
CR,2013-06-05,o2sat,0,110.2,,,,manual_crystal_mixing_experiment,10.7
CR,2013-06-05,o2sat,1,110.7,,,,manual_crystal_mixing_experiment,10.8
CR,2013-06-05,o2sat,2,112.8,,,,manual_crystal_mixing_experiment,11.1
CR,2013-06-05,o2sat,3,110.2,,,,manual_crystal_mixing_experiment,10.9
CR,2013-06-05,o2sat,4,110.3,,,,manual_crystal_mixing_experiment,11
CR,2013-06-05,o2sat,5,109.5,,,,manual_crystal_mixing_experiment,11
CR,2013-06-05,o2sat,6,108.8,,,,manual_crystal_mixing_experiment,11.1
CR,2013-06-05,o2sat,7,108.3,,,,manual_crystal_mixing_experiment,11.2
CR,2013-06-05,o2sat,8,107.2,,,,manual_crystal_mixing_experiment,11.3
CR,2013-06-05,o2sat,9,104.6,,,,manual_crystal_mixing_experiment,11.1
CR,2013-06-05,o2sat,10,102.9,,,,manual_crystal_mixing_experiment,11
CR,2013-06-05,o2sat,11,102.2,,,,manual_crystal_mixing_experiment,11
CR,2013-06-05,o2sat,12,99.6,,,,manual_crystal_mixing_experiment,10.8
CR,2013-06-05,o2sat,13,95.9,,,,manual_crystal_mixing_experiment,10.5
CR,2013-06-05,o2sat,14,95.7,,,,manual_crystal_mixing_experiment,10.5
CR,2013-06-05,o2sat,15,95,,,,manual_crystal_mixing_experiment,10.5
CR,2013-06-05,o2sat,16,92.1,,,,manual_crystal_mixing_experiment,10.2
CR,2013-06-05,o2sat,17,90.3,,,,manual_crystal_mixing_experiment,10
CR,2013-06-05,o2sat,18,90.1,,,,manual_crystal_mixing_experiment,10
CR,2013-06-11,o2sat,0,115.3,,,,manual_crystal_mixing_experiment,10
CR,2013-06-11,o2sat,1,114.8,,,,manual_crystal_mixing_experiment,10.2
CR,2013-06-11,o2sat,2,111.7,,,,manual_crystal_mixing_experiment,10.5
CR,2013-06-11,o2sat,3,115.3,,,,manual_crystal_mixing_experiment,11.2
CR,2013-06-11,o2sat,4,111.2,,,,manual_crystal_mixing_experiment,10.9
CR,2013-06-11,o2sat,5,110.7,,,,manual_crystal_mixing_experiment,10.9
CR,2013-06-11,o2sat,6,106.8,,,,manual_crystal_mixing_experiment,10.7
CR,2013-06-11,o2sat,7,106.1,,,,manual_crystal_mixing_experiment,10.7
CR,2013-06-11,o2sat,8,102.7,,,,manual_crystal_mixing_experiment,10.5
CR,2013-06-11,o2sat,9,100.3,,,,manual_crystal_mixing_experiment,10.3
CR,2013-06-11,o2sat,10,97.2,,,,manual_crystal_mixing_experiment,10.1
CR,2013-06-11,o2sat,11,95,,,,manual_crystal_mixing_experiment,9.9
CR,2013-06-11,o2sat,12,95.8,,,,manual_crystal_mixing_experiment,10
CR,2013-06-11,o2sat,13,92.3,,,,manual_crystal_mixing_experiment,9.7
CR,2013-06-11,o2sat,14,90.9,,,,manual_crystal_mixing_experiment,9.6
CR,2013-06-11,o2sat,15,89.5,,,,manual_crystal_mixing_experiment,9.5
CR,2013-06-11,o2sat,16,87,,,,manual_crystal_mixing_experiment,9.3
CR,2013-06-11,o2sat,17,87,,,,manual_crystal_mixing_experiment,9.3
CR,2013-06-11,o2sat,18,85.9,,,,manual_crystal_mixing_experiment,9.2
CR,2013-06-19,o2sat,0,106.7,,,,manual_crystal_mixing_experiment,9.6
CR,2013-06-19,o2sat,1,106.5,,,,manual_crystal_mixing_experiment,9.6
CR,2013-06-19,o2sat,2,106,,,,manual_crystal_mixing_experiment,9.7
CR,2013-06-19,o2sat,3,105.6,,,,manual_crystal_mixing_experiment,9.7
CR,2013-06-19,o2sat,4,106,,,,manual_crystal_mixing_experiment,9.9
CR,2013-06-19,o2sat,5,106,,,,manual_crystal_mixing_experiment,10.1
CR,2013-06-19,o2sat,6,104.3,,,,manual_crystal_mixing_experiment,10.2
CR,2013-06-19,o2sat,7,106.7,,,,manual_crystal_mixing_experiment,10.6
CR,2013-06-19,o2sat,8,99.6,,,,manual_crystal_mixing_experiment,10
CR,2013-06-19,o2sat,9,99.1,,,,manual_crystal_mixing_experiment,10
CR,2013-06-19,o2sat,10,95.5,,,,manual_crystal_mixing_experiment,9.7
CR,2013-06-19,o2sat,11,92.9,,,,manual_crystal_mixing_experiment,9.5
CR,2013-06-19,o2sat,12,91.7,,,,manual_crystal_mixing_experiment,9.4
CR,2013-06-19,o2sat,13,90.1,,,,manual_crystal_mixing_experiment,9.3
CR,2013-06-19,o2sat,14,88.9,,,,manual_crystal_mixing_experiment,9.2
CR,2013-06-19,o2sat,15,86.2,,,,manual_crystal_mixing_experiment,9
CR,2013-06-19,o2sat,16,84.1,,,,manual_crystal_mixing_experiment,8.8
CR,2013-06-19,o2sat,17,82.9,,,,manual_crystal_mixing_experiment,8.7
CR,2013-06-19,o2sat,18,81.8,,,,manual_crystal_mixing_experiment,8.6
CR,2013-06-27,o2sat,0,110.1,,,,manual_crystal_mixing_experiment,9
CR,2013-06-27,o2sat,1,109.7,,,,manual_crystal_mixing_experiment,9
CR,2013-06-27,o2sat,2,108.2,,,,manual_crystal_mixing_experiment,9.2
CR,2013-06-27,o2sat,3,111.6,,,,manual_crystal_mixing_experiment,9.7
CR,2013-06-27,o2sat,4,113,,,,manual_crystal_mixing_experiment,10.1
CR,2013-06-27,o2sat,5,108.6,,,,manual_crystal_mixing_experiment,10
CR,2013-06-27,o2sat,6,109.6,,,,manual_crystal_mixing_experiment,10.2
CR,2013-06-27,o2sat,7,109.8,,,,manual_crystal_mixing_experiment,10.5
CR,2013-06-27,o2sat,8,99.9,,,,manual_crystal_mixing_experiment,9.7
CR,2013-06-27,o2sat,9,94.3,,,,manual_crystal_mixing_experiment,9.3
CR,2013-06-27,o2sat,10,93.6,,,,manual_crystal_mixing_experiment,9.3
CR,2013-06-27,o2sat,11,87.8,,,,manual_crystal_mixing_experiment,8.8
CR,2013-06-27,o2sat,12,83.3,,,,manual_crystal_mixing_experiment,8.4
CR,2013-06-27,o2sat,13,80.9,,,,manual_crystal_mixing_experiment,8.2
CR,2013-06-27,o2sat,14,79.6,,,,manual_crystal_mixing_experiment,8.1
CR,2013-06-27,o2sat,15,77.4,,,,manual_crystal_mixing_experiment,7.9
CR,2013-06-27,o2sat,16,75.3,,,,manual_crystal_mixing_experiment,7.7
CR,2013-06-27,o2sat,17,75.1,,,,manual_crystal_mixing_experiment,7.7
CR,2013-06-27,o2sat,18,71.5,,,,manual_crystal_mixing_experiment,7.3
CR,2013-07-03,o2sat,0,108.7,,,,manual_crystal_mixing_experiment,9.1
CR,2013-07-03,o2sat,1,109.8,,,,manual_crystal_mixing_experiment,9.3
CR,2013-07-03,o2sat,2,109.2,,,,manual_crystal_mixing_experiment,9.3
CR,2013-07-03,o2sat,3,109.5,,,,manual_crystal_mixing_experiment,9.4
CR,2013-07-03,o2sat,4,112.3,,,,manual_crystal_mixing_experiment,9.9
CR,2013-07-03,o2sat,5,110.7,,,,manual_crystal_mixing_experiment,9.9
CR,2013-07-03,o2sat,6,106.9,,,,manual_crystal_mixing_experiment,9.8
CR,2013-07-03,o2sat,7,104.9,,,,manual_crystal_mixing_experiment,9.8
CR,2013-07-03,o2sat,8,98.7,,,,manual_crystal_mixing_experiment,9.4
CR,2013-07-03,o2sat,9,93.5,,,,manual_crystal_mixing_experiment,9
CR,2013-07-03,o2sat,10,90.6,,,,manual_crystal_mixing_experiment,8.8
CR,2013-07-03,o2sat,11,87.6,,,,manual_crystal_mixing_experiment,8.6
CR,2013-07-03,o2sat,12,85,,,,manual_crystal_mixing_experiment,8.4
CR,2013-07-03,o2sat,13,85.6,,,,manual_crystal_mixing_experiment,8.5
CR,2013-07-03,o2sat,14,82,,,,manual_crystal_mixing_experiment,8.2
CR,2013-07-03,o2sat,15,78.7,,,,manual_crystal_mixing_experiment,7.9
CR,2013-07-03,o2sat,16,74.5,,,,manual_crystal_mixing_experiment,7.5
CR,2013-07-03,o2sat,17,72.5,,,,manual_crystal_mixing_experiment,7.3
CR,2013-07-03,o2sat,18,71.4,,,,manual_crystal_mixing_experiment,7.2
CR,2013-07-10,o2sat,0,107.4,,,,manual_crystal_mixing_experiment,8.8
CR,2013-07-10,o2sat,1,107.6,,,,manual_crystal_mixing_experiment,8.8
CR,2013-07-10,o2sat,2,107.6,,,,manual_crystal_mixing_experiment,8.8
CR,2013-07-10,o2sat,3,107.4,,,,manual_crystal_mixing_experiment,8.8
CR,2013-07-10,o2sat,4,112.8,,,,manual_crystal_mixing_experiment,9.4
CR,2013-07-10,o2sat,5,112.5,,,,manual_crystal_mixing_experiment,9.6
CR,2013-07-10,o2sat,6,110,,,,manual_crystal_mixing_experiment,9.7
CR,2013-07-10,o2sat,7,106.5,,,,manual_crystal_mixing_experiment,9.6
CR,2013-07-10,o2sat,8,101.2,,,,manual_crystal_mixing_experiment,9.3
CR,2013-07-10,o2sat,9,95.3,,,,manual_crystal_mixing_experiment,9
CR,2013-07-10,o2sat,10,91.3,,,,manual_crystal_mixing_experiment,8.7
CR,2013-07-10,o2sat,11,85.5,,,,manual_crystal_mixing_experiment,8.2
CR,2013-07-10,o2sat,12,81.9,,,,manual_crystal_mixing_experiment,7.9
CR,2013-07-10,o2sat,13,78.2,,,,manual_crystal_mixing_experiment,7.6
CR,2013-07-10,o2sat,14,72.6,,,,manual_crystal_mixing_experiment,7.1
CR,2013-07-10,o2sat,15,67.9,,,,manual_crystal_mixing_experiment,6.7
CR,2013-07-10,o2sat,16,65.9,,,,manual_crystal_mixing_experiment,6.5
CR,2013-07-10,o2sat,17,64.7,,,,manual_crystal_mixing_experiment,6.4
CR,2013-07-10,o2sat,18,62.6,,,,manual_crystal_mixing_experiment,6.2
CR,2013-07-18,o2sat,0,103.9,,,,manual_crystal_mixing_experiment,8.1
CR,2013-07-18,o2sat,1,105,,,,manual_crystal_mixing_experiment,8.2
CR,2013-07-18,o2sat,2,104.2,,,,manual_crystal_mixing_experiment,8.2
CR,2013-07-18,o2sat,3,104.9,,,,manual_crystal_mixing_experiment,8.4
CR,2013-07-18,o2sat,4,113.8,,,,manual_crystal_mixing_experiment,9.2
CR,2013-07-18,o2sat,5,110.8,,,,manual_crystal_mixing_experiment,9.2
CR,2013-07-18,o2sat,6,108.4,,,,manual_crystal_mixing_experiment,9.2
CR,2013-07-18,o2sat,7,108,,,,manual_crystal_mixing_experiment,9.4
CR,2013-07-18,o2sat,8,104.2,,,,manual_crystal_mixing_experiment,9.3
CR,2013-07-18,o2sat,9,97.5,,,,manual_crystal_mixing_experiment,8.9
CR,2013-07-18,o2sat,10,88.8,,,,manual_crystal_mixing_experiment,8.3
CR,2013-07-18,o2sat,11,83.8,,,,manual_crystal_mixing_experiment,7.9
CR,2013-07-18,o2sat,12,79.1,,,,manual_crystal_mixing_experiment,7.5
CR,2013-07-18,o2sat,13,70.3,,,,manual_crystal_mixing_experiment,6.7
CR,2013-07-18,o2sat,14,67.9,,,,manual_crystal_mixing_experiment,6.5
CR,2013-07-18,o2sat,15,66.5,,,,manual_crystal_mixing_experiment,6.4
CR,2013-07-18,o2sat,16,62,,,,manual_crystal_mixing_experiment,6
CR,2013-07-18,o2sat,17,57.8,,,,manual_crystal_mixing_experiment,5.6
CR,2013-07-18,o2sat,18,57.7,,,,manual_crystal_mixing_experiment,5.6
CR,2013-07-24,o2sat,0,107.6,,,,manual_crystal_mixing_experiment,8.9
CR,2013-07-24,o2sat,1,106.6,,,,manual_crystal_mixing_experiment,8.8
CR,2013-07-24,o2sat,2,106.6,,,,manual_crystal_mixing_experiment,8.8
CR,2013-07-24,o2sat,3,106.6,,,,manual_crystal_mixing_experiment,8.8
CR,2013-07-24,o2sat,4,104.8,,,,manual_crystal_mixing_experiment,8.7
CR,2013-07-24,o2sat,5,104.6,,,,manual_crystal_mixing_experiment,8.7
CR,2013-07-24,o2sat,6,103,,,,manual_crystal_mixing_experiment,8.6
CR,2013-07-24,o2sat,7,103.8,,,,manual_crystal_mixing_experiment,8.7
CR,2013-07-24,o2sat,8,102.7,,,,manual_crystal_mixing_experiment,8.7
CR,2013-07-24,o2sat,9,98.6,,,,manual_crystal_mixing_experiment,8.5
CR,2013-07-24,o2sat,10,88,,,,manual_crystal_mixing_experiment,7.8
CR,2013-07-24,o2sat,11,79.9,,,,manual_crystal_mixing_experiment,7.2
CR,2013-07-24,o2sat,12,70.9,,,,manual_crystal_mixing_experiment,6.5
CR,2013-07-24,o2sat,13,69.1,,,,manual_crystal_mixing_experiment,6.4
CR,2013-07-24,o2sat,14,64.5,,,,manual_crystal_mixing_experiment,6
CR,2013-07-24,o2sat,15,60.7,,,,manual_crystal_mixing_experiment,5.7
CR,2013-07-24,o2sat,16,59.6,,,,manual_crystal_mixing_experiment,5.6
CR,2013-07-24,o2sat,17,58.4,,,,manual_crystal_mixing_experiment,5.5
CR,2013-07-24,o2sat,18,57.2,,,,manual_crystal_mixing_experiment,5.4
CR,2013-07-31,o2sat,0,102.7,,,,manual_crystal_mixing_experiment,8.8
CR,2013-07-31,o2sat,1,102.5,,,,manual_crystal_mixing_experiment,8.8
CR,2013-07-31,o2sat,2,102.5,,,,manual_crystal_mixing_experiment,8.8
CR,2013-07-31,o2sat,3,101.1,,,,manual_crystal_mixing_experiment,8.7
CR,2013-07-31,o2sat,4,99.8,,,,manual_crystal_mixing_experiment,8.6
CR,2013-07-31,o2sat,5,98.4,,,,manual_crystal_mixing_experiment,8.5
CR,2013-07-31,o2sat,6,95.9,,,,manual_crystal_mixing_experiment,8.3
CR,2013-07-31,o2sat,7,94.5,,,,manual_crystal_mixing_experiment,8.2
CR,2013-07-31,o2sat,8,93.4,,,,manual_crystal_mixing_experiment,8.1
CR,2013-07-31,o2sat,9,92.1,,,,manual_crystal_mixing_experiment,8
CR,2013-07-31,o2sat,10,89.4,,,,manual_crystal_mixing_experiment,7.8
CR,2013-07-31,o2sat,11,84.3,,,,manual_crystal_mixing_experiment,7.4
CR,2013-07-31,o2sat,12,76.8,,,,manual_crystal_mixing_experiment,6.8
CR,2013-07-31,o2sat,13,66.8,,,,manual_crystal_mixing_experiment,6
CR,2013-07-31,o2sat,14,61.9,,,,manual_crystal_mixing_experiment,5.6
CR,2013-07-31,o2sat,15,58.1,,,,manual_crystal_mixing_experiment,5.3
CR,2013-07-31,o2sat,16,54.5,,,,manual_crystal_mixing_experiment,5
CR,2013-07-31,o2sat,17,51.2,,,,manual_crystal_mixing_experiment,4.7
CR,2013-07-31,o2sat,18,48.9,,,,manual_crystal_mixing_experiment,4.5
CR,2013-08-08,o2sat,0,102.7,,,,manual_crystal_mixing_experiment,8.8
CR,2013-08-08,o2sat,1,101.7,,,,manual_crystal_mixing_experiment,8.7
CR,2013-08-08,o2sat,2,101.7,,,,manual_crystal_mixing_experiment,8.7
CR,2013-08-08,o2sat,3,101.7,,,,manual_crystal_mixing_experiment,8.7
CR,2013-08-08,o2sat,4,98,,,,manual_crystal_mixing_experiment,8.4
CR,2013-08-08,o2sat,5,97.8,,,,manual_crystal_mixing_experiment,8.4
CR,2013-08-08,o2sat,6,95.5,,,,manual_crystal_mixing_experiment,8.2
CR,2013-08-08,o2sat,7,95.3,,,,manual_crystal_mixing_experiment,8.2
CR,2013-08-08,o2sat,8,93,,,,manual_crystal_mixing_experiment,8
CR,2013-08-08,o2sat,9,90.5,,,,manual_crystal_mixing_experiment,7.8
CR,2013-08-08,o2sat,10,82,,,,manual_crystal_mixing_experiment,7.1
CR,2013-08-08,o2sat,11,80.7,,,,manual_crystal_mixing_experiment,7
CR,2013-08-08,o2sat,12,72.2,,,,manual_crystal_mixing_experiment,6.3
CR,2013-08-08,o2sat,13,67.3,,,,manual_crystal_mixing_experiment,5.9
CR,2013-08-08,o2sat,14,63.5,,,,manual_crystal_mixing_experiment,5.6
CR,2013-08-08,o2sat,15,57.6,,,,manual_crystal_mixing_experiment,5.1
CR,2013-08-08,o2sat,16,52.9,,,,manual_crystal_mixing_experiment,4.7
CR,2013-08-08,o2sat,17,47.2,,,,manual_crystal_mixing_experiment,4.2
CR,2013-08-08,o2sat,18,43.7,,,,manual_crystal_mixing_experiment,3.9
CR,2013-08-14,o2sat,0,94.1,,,,manual_crystal_mixing_experiment,8.1
CR,2013-08-14,o2sat,1,94.1,,,,manual_crystal_mixing_experiment,8.1
CR,2013-08-14,o2sat,2,94.1,,,,manual_crystal_mixing_experiment,8.1
CR,2013-08-14,o2sat,3,94.1,,,,manual_crystal_mixing_experiment,8.1
CR,2013-08-14,o2sat,4,93,,,,manual_crystal_mixing_experiment,8
CR,2013-08-14,o2sat,5,93,,,,manual_crystal_mixing_experiment,8
CR,2013-08-14,o2sat,6,93,,,,manual_crystal_mixing_experiment,8
CR,2013-08-14,o2sat,7,93,,,,manual_crystal_mixing_experiment,8
CR,2013-08-14,o2sat,8,93,,,,manual_crystal_mixing_experiment,8
CR,2013-08-14,o2sat,9,93,,,,manual_crystal_mixing_experiment,8
CR,2013-08-14,o2sat,10,93,,,,manual_crystal_mixing_experiment,8
CR,2013-08-14,o2sat,11,89.3,,,,manual_crystal_mixing_experiment,7.7
CR,2013-08-14,o2sat,12,66.9,,,,manual_crystal_mixing_experiment,5.8
CR,2013-08-14,o2sat,13,60.9,,,,manual_crystal_mixing_experiment,5.3
CR,2013-08-14,o2sat,14,53.8,,,,manual_crystal_mixing_experiment,4.7
CR,2013-08-14,o2sat,15,47.7,,,,manual_crystal_mixing_experiment,4.2
CR,2013-08-14,o2sat,16,43.1,,,,manual_crystal_mixing_experiment,3.8
CR,2013-08-14,o2sat,17,42,,,,manual_crystal_mixing_experiment,3.7
CR,2013-08-14,o2sat,18,37.4,,,,manual_crystal_mixing_experiment,3.3
CR,2013-08-21,o2sat,0,106.2,,,,manual_crystal_mixing_experiment,8.6
CR,2013-08-21,o2sat,1,106,,,,manual_crystal_mixing_experiment,8.6
CR,2013-08-21,o2sat,2,105.8,,,,manual_crystal_mixing_experiment,8.6
CR,2013-08-21,o2sat,3,103.2,,,,manual_crystal_mixing_experiment,8.5
CR,2013-08-21,o2sat,4,103.8,,,,manual_crystal_mixing_experiment,8.6
CR,2013-08-21,o2sat,5,101.8,,,,manual_crystal_mixing_experiment,8.5
CR,2013-08-21,o2sat,6,96,,,,manual_crystal_mixing_experiment,8.1
CR,2013-08-21,o2sat,7,95.8,,,,manual_crystal_mixing_experiment,8.1
CR,2013-08-21,o2sat,8,95.5,,,,manual_crystal_mixing_experiment,8.1
CR,2013-08-21,o2sat,9,91.4,,,,manual_crystal_mixing_experiment,7.8
CR,2013-08-21,o2sat,10,84,,,,manual_crystal_mixing_experiment,7.2
CR,2013-08-21,o2sat,11,81.5,,,,manual_crystal_mixing_experiment,7
CR,2013-08-21,o2sat,12,75.4,,,,manual_crystal_mixing_experiment,6.5
CR,2013-08-21,o2sat,13,67.1,,,,manual_crystal_mixing_experiment,5.8
CR,2013-08-21,o2sat,14,62.4,,,,manual_crystal_mixing_experiment,5.4
CR,2013-08-21,o2sat,15,52.9,,,,manual_crystal_mixing_experiment,4.6
CR,2013-08-21,o2sat,16,50.5,,,,manual_crystal_mixing_experiment,4.4
CR,2013-08-21,o2sat,17,47.1,,,,manual_crystal_mixing_experiment,4.1
CR,2013-08-21,o2sat,18,44.7,,,,manual_crystal_mixing_experiment,3.9
CR,2013-09-06,o2sat,0,90.6,,,,manual_crystal_mixing_experiment,7.6
CR,2013-09-06,o2sat,1,89.6,,,,manual_crystal_mixing_experiment,7.5
CR,2013-09-06,o2sat,2,89.6,,,,manual_crystal_mixing_experiment,7.5
CR,2013-09-06,o2sat,3,89.4,,,,manual_crystal_mixing_experiment,7.5
CR,2013-09-06,o2sat,4,89.4,,,,manual_crystal_mixing_experiment,7.5
CR,2013-09-06,o2sat,5,89.4,,,,manual_crystal_mixing_experiment,7.5
CR,2013-09-06,o2sat,6,88.3,,,,manual_crystal_mixing_experiment,7.4
CR,2013-09-06,o2sat,7,88.3,,,,manual_crystal_mixing_experiment,7.4
CR,2013-09-06,o2sat,8,87.1,,,,manual_crystal_mixing_experiment,7.3
CR,2013-09-06,o2sat,9,85.9,,,,manual_crystal_mixing_experiment,7.2
CR,2013-09-06,o2sat,10,83.3,,,,manual_crystal_mixing_experiment,7
CR,2013-09-06,o2sat,11,79.7,,,,manual_crystal_mixing_experiment,6.7
CR,2013-09-06,o2sat,12,77.4,,,,manual_crystal_mixing_experiment,6.5
CR,2013-09-06,o2sat,13,67.6,,,,manual_crystal_mixing_experiment,5.7
CR,2013-09-06,o2sat,14,59,,,,manual_crystal_mixing_experiment,5
CR,2013-09-06,o2sat,15,50.7,,,,manual_crystal_mixing_experiment,4.3
CR,2013-09-06,o2sat,16,49.4,,,,manual_crystal_mixing_experiment,4.2
CR,2013-09-06,o2sat,17,43.4,,,,manual_crystal_mixing_experiment,3.7
CR,2013-09-06,o2sat,18,38.7,,,,manual_crystal_mixing_experiment,3.3
CR,2013-09-19,o2sat,0,87.3,,,,manual_crystal_mixing_experiment,7.5
CR,2013-09-19,o2sat,1,86,,,,manual_crystal_mixing_experiment,7.4
CR,2013-09-19,o2sat,2,84.9,,,,manual_crystal_mixing_experiment,7.3
CR,2013-09-19,o2sat,3,84.9,,,,manual_crystal_mixing_experiment,7.3
CR,2013-09-19,o2sat,4,83.7,,,,manual_crystal_mixing_experiment,7.2
CR,2013-09-19,o2sat,5,83.7,,,,manual_crystal_mixing_experiment,7.2
CR,2013-09-19,o2sat,6,83.7,,,,manual_crystal_mixing_experiment,7.2
CR,2013-09-19,o2sat,7,83.7,,,,manual_crystal_mixing_experiment,7.2
CR,2013-09-19,o2sat,8,83.5,,,,manual_crystal_mixing_experiment,7.2
CR,2013-09-19,o2sat,9,83.7,,,,manual_crystal_mixing_experiment,7.2
CR,2013-09-19,o2sat,10,82.5,,,,manual_crystal_mixing_experiment,7.1
CR,2013-09-19,o2sat,11,82.5,,,,manual_crystal_mixing_experiment,7.1
CR,2013-09-19,o2sat,12,82.5,,,,manual_crystal_mixing_experiment,7.1
CR,2013-09-19,o2sat,13,81.2,,,,manual_crystal_mixing_experiment,7
CR,2013-09-19,o2sat,14,81.2,,,,manual_crystal_mixing_experiment,7
CR,2013-09-19,o2sat,15,81.2,,,,manual_crystal_mixing_experiment,7
CR,2013-09-19,o2sat,16,80,,,,manual_crystal_mixing_experiment,6.9
CR,2013-09-19,o2sat,17,77.7,,,,manual_crystal_mixing_experiment,6.7
CR,2013-09-19,o2sat,18,68.3,,,,manual_crystal_mixing_experiment,5.9
CR,2013-10-01,o2sat,0,97.6,,,,manual_crystal_mixing_experiment,8.6
CR,2013-10-01,o2sat,1,97.6,,,,manual_crystal_mixing_experiment,8.6
CR,2013-10-01,o2sat,2,97.6,,,,manual_crystal_mixing_experiment,8.6
CR,2013-10-01,o2sat,3,97.4,,,,manual_crystal_mixing_experiment,8.6
CR,2013-10-01,o2sat,4,97.4,,,,manual_crystal_mixing_experiment,8.6
CR,2013-10-01,o2sat,5,96.2,,,,manual_crystal_mixing_experiment,8.5
CR,2013-10-01,o2sat,6,96,,,,manual_crystal_mixing_experiment,8.5
CR,2013-10-01,o2sat,7,96,,,,manual_crystal_mixing_experiment,8.5
CR,2013-10-01,o2sat,8,94.9,,,,manual_crystal_mixing_experiment,8.4
CR,2013-10-01,o2sat,9,93.6,,,,manual_crystal_mixing_experiment,8.3
CR,2013-10-01,o2sat,10,93.6,,,,manual_crystal_mixing_experiment,8.3
CR,2013-10-01,o2sat,11,92.3,,,,manual_crystal_mixing_experiment,8.2
CR,2013-10-01,o2sat,12,92.3,,,,manual_crystal_mixing_experiment,8.2
CR,2013-10-01,o2sat,13,91.1,,,,manual_crystal_mixing_experiment,8.1
CR,2013-10-01,o2sat,14,90,,,,manual_crystal_mixing_experiment,8
CR,2013-10-01,o2sat,15,90,,,,manual_crystal_mixing_experiment,8
CR,2013-10-01,o2sat,16,89.8,,,,manual_crystal_mixing_experiment,8
CR,2013-10-01,o2sat,17,88.7,,,,manual_crystal_mixing_experiment,7.9
CR,2013-10-01,o2sat,18,88.7,,,,manual_crystal_mixing_experiment,7.9
CR,2013-10-17,o2sat,0,89.6,,,,manual_crystal_mixing_experiment,8.5
CR,2013-10-17,o2sat,1,88.6,,,,manual_crystal_mixing_experiment,8.4
CR,2013-10-17,o2sat,2,88.6,,,,manual_crystal_mixing_experiment,8.4
CR,2013-10-17,o2sat,3,88.4,,,,manual_crystal_mixing_experiment,8.4
CR,2013-10-17,o2sat,4,88.4,,,,manual_crystal_mixing_experiment,8.4
CR,2013-10-17,o2sat,5,87.3,,,,manual_crystal_mixing_experiment,8.3
CR,2013-10-17,o2sat,6,87.3,,,,manual_crystal_mixing_experiment,8.3
CR,2013-10-17,o2sat,7,87.3,,,,manual_crystal_mixing_experiment,8.3
CR,2013-10-17,o2sat,8,87.3,,,,manual_crystal_mixing_experiment,8.3
CR,2013-10-17,o2sat,9,87.3,,,,manual_crystal_mixing_experiment,8.3
CR,2013-10-17,o2sat,10,87.3,,,,manual_crystal_mixing_experiment,8.3
CR,2013-10-17,o2sat,11,86.3,,,,manual_crystal_mixing_experiment,8.2
CR,2013-10-17,o2sat,12,86.3,,,,manual_crystal_mixing_experiment,8.2
CR,2013-10-17,o2sat,13,86.3,,,,manual_crystal_mixing_experiment,8.2
CR,2013-10-17,o2sat,14,86.3,,,,manual_crystal_mixing_experiment,8.2
CR,2013-10-17,o2sat,15,85.2,,,,manual_crystal_mixing_experiment,8.1
CR,2013-10-17,o2sat,16,85.2,,,,manual_crystal_mixing_experiment,8.1
CR,2013-10-17,o2sat,17,85.2,,,,manual_crystal_mixing_experiment,8.1
CR,2013-10-17,o2sat,18,85,,,,manual_crystal_mixing_experiment,8.1
CR,2013-10-31,o2sat,0,88.5,,,,manual_crystal_mixing_experiment,9.3
CR,2013-10-31,o2sat,1,88.3,,,,manual_crystal_mixing_experiment,9.3
CR,2013-10-31,o2sat,2,88.3,,,,manual_crystal_mixing_experiment,9.3
CR,2013-10-31,o2sat,3,88,,,,manual_crystal_mixing_experiment,9.3
CR,2013-10-31,o2sat,4,88,,,,manual_crystal_mixing_experiment,9.3
CR,2013-10-31,o2sat,5,88,,,,manual_crystal_mixing_experiment,9.3
CR,2013-10-31,o2sat,6,88,,,,manual_crystal_mixing_experiment,9.3
CR,2013-10-31,o2sat,7,88,,,,manual_crystal_mixing_experiment,9.3
CR,2013-10-31,o2sat,8,88,,,,manual_crystal_mixing_experiment,9.3
CR,2013-10-31,o2sat,9,87.1,,,,manual_crystal_mixing_experiment,9.2
CR,2013-10-31,o2sat,10,87.1,,,,manual_crystal_mixing_experiment,9.2
CR,2013-10-31,o2sat,11,87.1,,,,manual_crystal_mixing_experiment,9.2
CR,2013-10-31,o2sat,12,87.1,,,,manual_crystal_mixing_experiment,9.2
CR,2013-10-31,o2sat,13,87.1,,,,manual_crystal_mixing_experiment,9.2
CR,2013-10-31,o2sat,14,86.2,,,,manual_crystal_mixing_experiment,9.1
CR,2013-10-31,o2sat,15,86.2,,,,manual_crystal_mixing_experiment,9.1
CR,2013-10-31,o2sat,16,86.2,,,,manual_crystal_mixing_experiment,9.1
CR,2013-10-31,o2sat,17,86.2,,,,manual_crystal_mixing_experiment,9.1
CR,2013-10-31,o2sat,18,85.2,,,,manual_crystal_mixing_experiment,9
CR,2013-11-13,o2sat,0,92.2,,,,manual_crystal_mixing_experiment,10.6
CR,2013-11-13,o2sat,1,92,,,,manual_crystal_mixing_experiment,10.6
CR,2013-11-13,o2sat,2,92,,,,manual_crystal_mixing_experiment,10.6
CR,2013-11-13,o2sat,3,92,,,,manual_crystal_mixing_experiment,10.6
CR,2013-11-13,o2sat,4,91.1,,,,manual_crystal_mixing_experiment,10.5
CR,2013-11-13,o2sat,5,90.9,,,,manual_crystal_mixing_experiment,10.5
CR,2013-11-13,o2sat,6,90.9,,,,manual_crystal_mixing_experiment,10.5
CR,2013-11-13,o2sat,7,90.9,,,,manual_crystal_mixing_experiment,10.5
CR,2013-11-13,o2sat,8,90.9,,,,manual_crystal_mixing_experiment,10.5
CR,2013-11-13,o2sat,9,90.9,,,,manual_crystal_mixing_experiment,10.5
CR,2013-11-13,o2sat,10,90,,,,manual_crystal_mixing_experiment,10.4
CR,2013-11-13,o2sat,11,90,,,,manual_crystal_mixing_experiment,10.4
CR,2013-11-13,o2sat,12,90,,,,manual_crystal_mixing_experiment,10.4
CR,2013-11-13,o2sat,13,90,,,,manual_crystal_mixing_experiment,10.4
CR,2013-11-13,o2sat,14,90,,,,manual_crystal_mixing_experiment,10.4
CR,2013-11-13,o2sat,15,89.2,,,,manual_crystal_mixing_experiment,10.3
CR,2013-11-13,o2sat,16,89.2,,,,manual_crystal_mixing_experiment,10.3
CR,2013-11-13,o2sat,17,89.2,,,,manual_crystal_mixing_experiment,10.3
CR,2013-11-13,o2sat,18,88.3,,,,manual_crystal_mixing_experiment,10.2
