lakeid,year4,daynum,sampledate,sta,secview,secnview,timeon,timeoff,airtemp,windir,windspd,waveht,cloud,ice
AL,1981,113,1981-04-23,1,NA,NA,NA,NA,1.2,NA,NA,NA,99,NA
AL,1981,142,1981-05-22,1,NA,NA,NA,NA,17,W,NA,NA,99,NA
AL,1981,154,1981-06-03,1,NA,NA,NA,NA,NA,NW,15,NA,NA,NA
AL,1981,168,1981-06-17,1,4.5,NA,NA,NA,23,NA,NA,NA,0,NA
AL,1981,183,1981-07-02,1,4.2,NA,NA,NA,25,S,NA,NA,NA,NA
AL,1981,197,1981-07-16,1,4.1,NA,NA,NA,18.4,NW,NA,NA,99,NA
AL,1981,209,1981-07-28,1,3.3,NA,NA,NA,20,NW,NA,0,50,NA
AL,1981,224,1981-08-12,1,2.5,NA,NA,NA,27,S,5,1,99,NA
AL,1981,239,1981-08-27,1,1.9,NA,NA,NA,22.5,NE,8,NA,50,NA
AL,1981,255,1981-09-12,1,2,NA,NA,NA,22.8,SW,10,13,0,NA
AL,1981,269,1981-09-26,1,2,NA,NA,NA,14,S,13,5,99,NA
AL,1981,295,1981-10-22,1,2.8,NA,NA,NA,-0.2,SSW,4,2,3,NA
AL,1982,26,1982-01-26,1,NA,2.3,1100,1255,-16.3,NA,0,NA,5,1
AL,1982,54,1982-02-23,1,NA,2.2,1145,1325,-4,E,5,NA,95,1
AL,1982,95,1982-04-05,1,NA,2.5,1100,1216,-7,NE,8,NA,99,1
AL,1982,131,1982-05-11,1,2,1.7,1405,1530,20,W,5,10,20,NA
AL,1982,145,1982-05-25,1,2.1,1.9,1516,1650,24,SW,3,3,50,NA
AL,1982,160,1982-06-09,1,3.2,3,1500,1630,18,SE,5,13,80,NA
AL,1982,176,1982-06-25,1,3.1,2.5,840,949,11.5,NE,5,10,60,NA
AL,1982,186,1982-07-05,1,3.9,3.3,1132,1320,26.5,SE,7,4,20,NA
AL,1982,202,1982-07-21,1,3.5,3.2,1353,1420,27,NA,0,2,99,NA
AL,1982,217,1982-08-05,1,3.1,2.8,1500,1638,28,NA,0,0,40,NA
AL,1982,228,1982-08-16,1,3.2,3,1552,1725,28,W,10,5,40,NA
AL,1982,251,1982-09-08,1,2,1.9,1444,1610,19,SW,6,4,98,NA
AL,1982,264,1982-09-21,1,1.7,1.5,1345,1450,12.6,N,8,6,0,NA
AL,1982,278,1982-10-05,1,2.2,2,1435,1550,22,NA,0,3,15,NA
AL,1982,295,1982-10-22,1,2.5,2.3,1037,1150,1.3,W,3,5,30,NA
AL,1982,312,1982-11-08,1,2.7,2.4,1412,1540,2.8,WNW,5,5,99,NA
AL,1982,334,1982-11-30,1,3.4,3.5,1329,1430,0.8,NA,3,NA,99,1
AL,1983,17,1983-01-17,1,NA,3,915,1110,-13,NE,7,NA,99,1
AL,1983,49,1983-02-18,1,NA,3,1030,1230,0.9,W,4,NA,99,1
AL,1983,82,1983-03-23,1,NA,2.5,1515,1645,-5.3,W,5,NA,30,1
AL,1983,130,1983-05-10,1,2.2,2.1,1612,1748,18,S,5,4,0,NA
AL,1983,145,1983-05-25,1,2.8,2.4,1504,1615,11.8,NW,10,15,2,NA
AL,1983,159,1983-06-08,1,3.4,2.7,1029,1215,16,NW,3,2,83,NA
AL,1983,173,1983-06-22,1,3.5,3,1600,1745,27,SE,7,5,99,NA
AL,1983,186,1983-07-05,1,4,3.4,1032,1232,13.5,N,5,5,10,NA
AL,1983,201,1983-07-20,1,3.9,3.9,1440,1610,28,W,5,5,95,NA
AL,1983,216,1983-08-04,1,3.2,2.6,1015,1210,28,NW,1,5,35,NA
AL,1983,227,1983-08-15,1,3,2.8,1524,1655,28,S,1,0,99,NA
AL,1983,252,1983-09-09,1,3,2.9,1514,1632,26.5,N,NA,8,80,NA
AL,1983,272,1983-09-29,1,1.6,1.3,1328,1454,21.2,W,5,3,99,NA
AL,1983,291,1983-10-18,1,3,2.5,1355,1450,8.9,NE,1,2,95,NA
AL,1983,320,1983-11-16,1,NA,2.3,1017,1119,1.9,N,8,3,95,NA
AL,1984,6,1984-01-06,1,NA,2.2,1250,1400,0.7,W,5,NA,90,1
AL,1984,60,1984-02-29,1,NA,2.9,1530,1645,-8.7,W,8,NA,0,1
AL,1984,94,1984-04-03,1,NA,3.5,1335,1515,7,E,5,NA,95,1
AL,1984,130,1984-05-09,1,2.5,2.3,1008,1118,3.8,W,10,10,99,NA
AL,1984,144,1984-05-23,1,4,3.5,1503,1635,17.9,W,13,13,32,NA
AL,1984,157,1984-06-05,1,2.8,2.4,847,1035,18,S,5,3,99,NA
AL,1984,173,1984-06-21,1,4.2,3.9,1020,1135,23.2,E,4,3,3,NA
AL,1984,185,1984-07-03,1,3.4,3.2,1434,1602,22.4,W,7,6,99,NA
AL,1984,200,1984-07-18,1,2.8,2.8,730,852,15.1,NW,6,4,0,NA
AL,1984,215,1984-08-02,1,3.6,3.1,855,1017,20.1,NA,0,0,99,NA
AL,1984,227,1984-08-14,1,3.4,3.2,1006,1125,24.1,W,7,5,99,NA
AL,1984,250,1984-09-06,1,2,1.8,1554,1730,18.3,S,11,7,99,NA
AL,1984,268,1984-09-24,1,1.8,1.8,1338,1542,16.8,SE,1,2,99,NA
AL,1984,289,1984-10-15,1,2.8,2.4,1419,1657,14,W,10,8,99,NA
AL,1984,313,1984-11-08,1,NA,1.8,903,1043,5.1,SSE,1,2,99,NA
AL,1985,7,1985-01-07,1,NA,3,1000,1101,-3.8,W,5,NA,95,1
AL,1985,56,1985-02-25,1,NA,3.6,1300,1425,2,S,3,NA,99,1
AL,1985,86,1985-03-27,1,NA,4,1418,1555,6.9,NW,8,NA,85,1
AL,1985,120,1985-04-30,1,2.1,2,1505,1640,16.5,NNW,5,8,60,NA
AL,1985,136,1985-05-16,1,4.3,3.6,1300,1420,11.3,N,8,18,99,NA
AL,1985,148,1985-05-28,1,4.5,3.8,1350,1545,18,E,1,0,0,NA
AL,1985,162,1985-06-11,1,2.8,2.3,1350,1524,18.5,NE,3,6,99,NA
AL,1985,175,1985-06-24,1,3.9,3.3,1357,1548,23,SW,1,1,20,NA
AL,1985,192,1985-07-11,1,5,4.3,NA,NA,20.5,NA,0,0,8,NA
AL,1985,204,1985-07-23,1,3.7,2.7,942,1108,24,SSE,5,5,20,NA
AL,1985,219,1985-08-07,1,3.1,2.8,923,1100,22,W,3,9,0,NA
AL,1985,231,1985-08-19,1,2,1.5,952,1133,13,W,11,21,99,NA
AL,1985,255,1985-09-12,1,2.1,2,1414,1520,17,SSW,8,10,40,NA
AL,1985,273,1985-09-30,1,2.5,2,925,1055,5.5,NW,7,22,99,NA
AL,1985,295,1985-10-22,1,2.9,2.4,1358,1510,15,SW,5,7,90,NA
AL,1985,315,1985-11-11,1,3.2,2.8,1419,1549,-0.5,N,9,11,99,NA
AL,1986,16,1986-01-16,1,NA,NA,1106,1220,0.4,SE,5,NA,99,1
AL,1986,62,1986-03-03,1,NA,2.3,923,1012,1,NW,5,NA,95,1
AL,1986,90,1986-03-31,1,NA,4.2,935,1030,10.8,SW,18,NA,13,1
AL,1986,114,1986-04-24,1,2.1,1.8,1209,1315,18,S,7,3,99,NA
AL,1986,128,1986-05-08,1,3.4,3,1245,1345,13,NE,7,5,99,NA
AL,1986,140,1986-05-20,1,7.3,5.4,1000,1145,15,N,8,10,0,NA
AL,1986,153,1986-06-02,1,4.8,3.8,920,1030,14.9,SE,8,5,0,NA
AL,1986,169,1986-06-18,1,4.6,6.1,1400,1548,24.5,E,3,1,10,NA
AL,1986,183,1986-07-02,1,5.1,4,1203,1328,19,NE,13,8,45,NA
AL,1986,197,1986-07-16,1,4.3,3.2,1350,1520,23,SE,10,3,99,NA
AL,1986,209,1986-07-28,1,3.9,3.4,1453,NA,23.9,N,13,15,5,NA
AL,1986,225,1986-08-13,1,2.9,2.4,858,1015,21,SE,15,5,10,NA
AL,1986,238,1986-08-26,1,2.1,1.9,1007,1059,15,W,8,3,99,NA
AL,1986,253,1986-09-10,1,2.6,2.1,1425,NA,NA,NA,0,0,99,NA
AL,1986,265,1986-09-22,1,2.2,2,1328,1412,15,W,10,3,99,NA
AL,1986,282,1986-10-09,1,2.8,2.3,1143,1306,7.5,V,8,2,50,NA
AL,1986,295,1986-10-22,1,2.9,2.4,NA,1020,14,SE,10,5,80,NA
AL,1986,307,1986-11-03,1,3.2,2.4,1511,1630,1,N,13,5,99,NA
AL,1987,20,1987-01-20,1,NA,2.5,935,1050,-11.6,W,15,NA,99,1
AL,1987,55,1987-02-24,1,NA,3.1,1325,1452,3.5,W,2,NA,99,1
AL,1987,78,1987-03-19,1,NA,4.8,850,1015,4.7,W,18,NA,10,1
AL,1987,105,1987-04-15,1,2.3,2,912,1017,8,W,3,2,99,NA
AL,1987,124,1987-05-04,1,4.2,3.6,1115,1227,15,SW,3,2,0,NA
AL,1987,138,1987-05-18,1,5.2,4.1,857,1010,NA,NE,15,6,99,NA
AL,1987,152,1987-06-01,1,4.5,3.9,1338,1445,NA,S,9,4,15,NA
AL,1987,162,1987-06-11,1,5.6,3.9,1415,1516,NA,SW,8,6,99,NA
AL,1987,180,1987-06-29,1,5,3.6,1317,1401,NA,N,5,3,85,NA
AL,1987,194,1987-07-13,1,NA,NA,1333,1445,NA,N,10,18,95,NA
AL,1987,208,1987-07-27,1,4.5,4.1,843,928,NA,NA,0,3,10,NA
AL,1987,225,1987-08-13,1,2.4,2,1002,1106,NA,ENE,3,1,99,NA
AL,1987,238,1987-08-26,1,2.2,1.5,1252,1335,NA,E,11,6,50,NA
AL,1987,253,1987-09-10,1,1.9,1.6,1441,1544,NA,SW,8,6,95,NA
AL,1987,264,1987-09-21,1,1.9,1.6,1320,1400,NA,NE,18,8,99,NA
AL,1987,278,1987-10-05,1,1.9,1.7,1346,1519,NA,SW,13,7,99,NA
AL,1987,294,1987-10-21,1,3.1,2.5,917,1048,NA,NNW,8,5,70,NA
AL,1987,309,1987-11-05,1,3.9,3,1150,1315,NA,NW,20,23,80,NA
AL,1987,322,1987-11-18,1,3.9,3.1,1430,1517,NA,SW,15,6,70,NA
AL,1988,11,1988-01-11,1,4,3.9,1130,1335,NA,N,1,NA,99,1
AL,1988,62,1988-03-02,1,3.9,3,1440,1550,-4,SE,10,NA,2,1
AL,1988,81,1988-03-21,1,3.9,2.7,1015,1130,-5,NE,10,NA,5,1
AL,1988,117,1988-04-26,1,2.6,2.1,1430,1550,10,NE,7,5,50,NA
AL,1988,130,1988-05-09,1,4.2,4.1,1342,1505,15,E,4,3,80,NA
AL,1988,146,1988-05-25,1,5.5,4.7,902,1042,15,SW,5,3,5,NA
AL,1988,159,1988-06-07,1,6.6,5.4,1306,1420,29,NW,8,3,0,NA
AL,1988,172,1988-06-20,1,5.7,5,846,1015,23,NW,8,3,0,NA
AL,1988,186,1988-07-04,1,4.6,3.6,855,947,24,S,13,5,5,NA
AL,1988,201,1988-07-19,1,4.5,4.2,858,1019,22,W,8,4,30,NA
AL,1988,216,1988-08-03,1,3.4,3.1,910,1001,23,W,6,2,40,NA
AL,1988,231,1988-08-18,1,2.7,2.1,1329,1437,22,N,8,5,95,NA
AL,1988,243,1988-08-30,1,1.7,1.4,1319,1416,20,NW,5,3,45,NA
AL,1988,257,1988-09-13,1,1.5,1.4,911,1018,14,W,23,20,10,NA
AL,1988,272,1988-09-28,1,1.6,1.3,1253,1340,NA,NE,20,13,99,NA
AL,1988,286,1988-10-12,1,3.1,3,1424,1546,7,W,10,4,5,NA
AL,1988,299,1988-10-25,1,4.7,3.3,1000,1105,1,NW,20,15,99,NA
AL,1988,307,1988-11-02,1,5,4.9,837,1110,-1,E,4,4,30,NA
AL,1989,11,1989-01-11,1,5.3,4.3,1150,1315,-4,N,20,NA,100,1
AL,1989,65,1989-03-06,1,4,3.1,1045,1150,-8,E,5,NA,5,1
AL,1989,86,1989-03-27,1,NA,NA,1210,1315,13,E,15,NA,100,1
AL,1989,121,1989-05-01,1,2.1,1.9,1341,1442,12,N,6,3,100,NA
AL,1989,136,1989-05-16,1,4.6,4.1,1211,1325,26,W,3,2,5,NA
AL,1989,149,1989-05-29,1,7,5,1455,1547,17.5,W,3,2,60,NA
AL,1989,164,1989-06-13,1,5.5,3.5,900,958,13,SE,4,6,100,NA
AL,1989,179,1989-06-28,1,4.4,3.2,1400,1510,19,NE,8,3,0,NA
AL,1989,193,1989-07-12,1,4.4,3.6,835,932,20.5,N,3,1,100,NA
AL,1989,206,1989-07-25,1,4.8,3.8,855,956,26,SW,3,2,1,NA
AL,1989,219,1989-08-07,1,3.5,2.5,1247,1333,19.5,NW,15,13,20,NA
AL,1989,234,1989-08-22,1,3.2,2.2,1220,1325,23.5,W,10,13,80,NA
AL,1989,249,1989-09-06,1,2.4,1.7,838,920,20.5,NA,0,2,0,NA
AL,1989,262,1989-09-19,1,2.2,1.7,1201,1303,21,S,15,7,70,NA
AL,1989,277,1989-10-04,1,3.1,2.7,1215,1315,12,W,10,13,0,NA
AL,1989,291,1989-10-18,1,3.6,3.3,1159,1320,4,NW,10,4,80,NA
AL,1989,304,1989-10-31,1,3.7,3,841,949,4,NW,10,20,100,NA
AL,1989,313,1989-11-09,1,3.8,2.7,938,1044,1.5,W,10,13,100,NA
AL,1990,24,1990-01-24,1,5.1,3.2,1010,1128,0,SW,8,NA,100,1
AL,1990,58,1990-02-27,1,3.2,3,1040,1210,-8,W,18,NA,10,1
AL,1990,86,1990-03-27,1,5.5,4.1,925,1010,2,E,6,NA,5,1
AL,1990,120,1990-04-30,1,3,2.4,850,1010,7,W,8,7,5,NA
AL,1990,137,1990-05-17,1,7,5.3,932,1034,11,SW,14,11,95,NA
AL,1990,150,1990-05-30,1,6.6,5.9,850,1014,16,WSW,3,2,0,NA
AL,1990,164,1990-06-13,1,5.7,4,852,950,20.2,SW,8,2,95,NA
AL,1990,178,1990-06-27,1,3.9,3.2,845,1025,22.5,S,8,2,95,NA
AL,1990,190,1990-07-09,1,4.1,3.1,1208,1305,26.5,NW,18,7,60,NA
AL,1990,205,1990-07-24,1,4.6,3.3,1202,1310,27,SW,8,4,45,NA
AL,1990,220,1990-08-08,1,3.4,2.5,1058,1153,23,W,18,7,40,NA
AL,1990,234,1990-08-22,1,2.5,2.2,1227,1341,25.5,W,3,1,1,NA
AL,1990,247,1990-09-04,1,2.6,1.9,1225,1332,26,SW,8,4,95,NA
AL,1990,261,1990-09-18,1,2.4,1.8,1325,1426,14,S,8,3,100,NA
AL,1990,276,1990-10-03,1,2.3,2,1155,1305,18,S,25,11,100,NA
AL,1990,290,1990-10-17,1,2.7,2.1,932,1050,10,E,13,3,100,NA
AL,1990,304,1990-10-31,1,1.4,1.1,1200,1316,15,S,8,3,5,NA
AL,1990,313,1990-11-09,1,1.4,1.2,919,1049,2,SW,10,4,100,NA
AL,1991,17,1991-01-17,1,3.7,3,940,1045,-2,W,13,NA,95,1
AL,1991,50,1991-02-19,1,4.3,3.8,1305,1410,-1,W,5,NA,100,1
AL,1991,84,1991-03-25,1,4.7,3.6,1010,1230,7,S,10,NA,5,1
AL,1991,127,1991-05-07,1,2.4,2,921,1108,9,NW,8,10,80,NA
AL,1991,141,1991-05-21,1,6.9,5.7,849,1054,24,S,3,1,100,NA
AL,1991,155,1991-06-04,1,5.8,2.6,1458,1529,22,NW,3,3,0,NA
AL,1991,169,1991-06-18,1,5.1,3.6,1219,1340,28,SW,6,3,60,NA
AL,1991,184,1991-07-03,1,3.9,3.1,1250,1415,26,SW,8,3,95,NA
AL,1991,196,1991-07-15,1,3.8,2.7,1206,1314,26,SW,13,8,10,NA
AL,1991,211,1991-07-30,1,3.2,2.8,1223,1346,22,W,7,3,10,NA
AL,1991,225,1991-08-13,1,4.1,3.5,803,902,21,NA,0,0,15,NA
AL,1991,239,1991-08-27,1,3.2,2.8,829,951,24,S,8,3,0,NA
AL,1991,253,1991-09-10,1,2.9,2.4,826,939,17,NW,10,10,100,NA
AL,1991,266,1991-09-23,1,1.9,1.4,1326,1418,12,NW,15,20,40,NA
AL,1991,282,1991-10-09,1,2.8,2.2,1228,1316,15,W,15,18,25,NA
AL,1991,301,1991-10-28,1,3.3,2.7,844,945,9,E,13,10,100,NA
AL,1992,17,1992-01-17,1,NA,3.2,1100,1235,-15,NW,15,NA,10,1
AL,1992,64,1992-03-04,1,4.1,3.1,1450,1600,4,NA,0,NA,100,1
AL,1992,83,1992-03-23,1,4.9,2.4,1430,NA,7,NA,0,NA,25,1
AL,1992,126,1992-05-05,1,2,1.2,940,1105,11,N,4,5,0,NA
AL,1992,139,1992-05-18,1,3.6,3.3,930,1049,17,SW,2,2,0,NA
AL,1992,153,1992-06-01,1,4.1,3.7,908,1028,22,E,3,3,15,NA
AL,1992,171,1992-06-19,1,3.8,2.7,905,953,13,N,4,2,75,NA
AL,1992,189,1992-07-07,1,2.9,2.1,1320,1430,22,W,8,7,95,NA
AL,1992,197,1992-07-15,1,3.3,2.7,1105,1200,22,SW,2,4,50,NA
AL,1992,211,1992-07-29,1,3.6,2.8,1358,1456,22,W,4,4,30,NA
AL,1992,225,1992-08-12,1,2.6,2.3,1400,1500,18.5,E,3,1,95,NA
AL,1992,239,1992-08-26,1,3.4,3.4,927,1100,14.5,N,3,8,95,NA
AL,1992,255,1992-09-11,1,NA,1.6,1415,1525,19.2,SW,5,5,5,NA
AL,1992,265,1992-09-21,1,1.6,1.4,930,1046,16,W,8,5,100,NA
AL,1992,280,1992-10-06,1,2.4,2.1,1340,1437,14,N,3,5,100,NA
AL,1992,295,1992-10-21,1,3.6,2.9,916,1040,6,SW,5,0,100,NA
AL,1992,311,1992-11-06,1,3.5,3,942,1155,-5,W,5,8,90,NA
AL,1993,8,1993-01-08,1,4.3,2.9,1305,1445,-7.5,NW,3,NA,45,1
AL,1993,54,1993-02-23,1,4.1,2.5,1030,1215,1,SW,3,NA,80,1
AL,1993,82,1993-03-23,1,4.5,3.1,1500,1630,11.8,NW,7,NA,0,1
AL,1993,123,1993-05-03,1,2.4,1.7,1034,1153,12.5,N,3,5,100,NA
AL,1993,137,1993-05-17,1,3,2.6,922,1006,17,SW,4,7,20,NA
AL,1993,155,1993-06-04,1,4.8,4.5,1000,1125,18,N,5,5,10,NA
AL,1993,167,1993-06-16,1,5.3,4.4,1354,1520,11.3,NW,15,10,100,NA
AL,1993,181,1993-06-30,1,4.6,3.2,1341,1544,23.4,ENE,12,58,50,NA
AL,1993,193,1993-07-12,1,4.7,4.1,815,945,20.8,NNW,18,13,30,NA
AL,1993,207,1993-07-26,1,4,3.2,930,1125,21.1,W,23,25,100,NA
AL,1993,223,1993-08-11,1,4.2,3.8,1235,1400,32.4,SW,5,3,5,NA
AL,1993,238,1993-08-26,1,4.1,3.7,916,1100,28.9,SE,5,3,60,NA
AL,1993,252,1993-09-09,1,2.1,1.6,902,1007,11.1,NW,20,35,98,NA
AL,1993,265,1993-09-22,1,2.2,2,920,1046,14,NE,5,3,100,NA
AL,1993,277,1993-10-04,1,2.2,2,1402,1516,10.5,NW,15,30,60,NA
AL,1993,294,1993-10-21,1,2.5,2.9,925,1100,3,W,30,50,100,NA
AL,1993,307,1993-11-03,1,3.3,2.8,1030,1209,9,SW,5,3,10,NA
AL,1994,10,1994-01-10,1,NA,2.5,1155,1310,-2.5,S,5,NA,100,1
AL,1994,53,1994-02-22,1,NA,4.2,1220,1350,-6,N,13,NA,10,1
AL,1994,88,1994-03-29,1,NA,1.8,1300,1500,0,N,4,NA,100,1
AL,1994,123,1994-05-03,1,2.3,1.9,1010,1132,14,SW,15,5,70,NA
AL,1994,140,1994-05-20,1,3.5,3.3,1010,1108,24,NA,0,0,5,NA
AL,1994,157,1994-06-06,1,4.8,4.2,905,1003,21,W,11,11,35,NA
AL,1994,164,1994-06-13,1,4.7,4.2,928,1050,21,W,1,1,45,NA
AL,1994,178,1994-06-27,1,4.1,3.4,925,1116,27,S,8,5,40,NA
AL,1994,193,1994-07-12,1,2.9,2.5,916,1012,21.5,NW,8,7,10,NA
AL,1994,208,1994-07-27,1,2.1,2,1158,1257,23,N,13,11,60,NA
AL,1994,220,1994-08-08,1,1.8,1.7,1243,1330,15,N,15,10,100,NA
AL,1994,237,1994-08-25,1,NA,NA,1422,1515,27,S,4,1,40,NA
AL,1994,252,1994-09-09,1,1.5,1.3,1044,1130,25,S,3,2,5,NA
AL,1994,264,1994-09-21,1,2,1.5,1425,1550,20,SSW,5,5,65,NA
AL,1994,278,1994-10-05,1,3.1,1.5,1330,1430,13,SW,10,6,85,NA
AL,1994,290,1994-10-17,1,2.2,1.6,900,1030,14,E,5,4,100,NA
AL,1994,304,1994-10-31,1,2.4,1.8,1230,1320,8,NW,8,12,60,NA
AL,1994,321,1994-11-17,1,2.5,2.2,915,1035,8,SE,10,5,85,NA
AL,1995,11,1995-01-11,1,NA,1.9,1315,1500,-2,E,10,NA,100,1
AL,1995,52,1995-02-21,1,NA,2.8,945,1130,12,SE,5,NA,100,1
AL,1995,121,1995-05-01,1,2,1.4,935,1130,12,NE,10,10,90,NA
AL,1995,135,1995-05-15,1,2.5,2.2,1415,1527,20,NW,15,18,30,NA
AL,1995,150,1995-05-30,1,2.3,2.2,1512,1710,27,W,15,12,10,NA
AL,1995,163,1995-06-12,1,3,2.4,1029,1145,26,N,7,7,25,NA
AL,1995,177,1995-06-26,1,3,3,1345,1528,32,W,15,1,45,NA
AL,1995,191,1995-07-10,1,3.5,3.2,830,940,22,NW,9,10,95,NA
AL,1995,207,1995-07-26,1,2.5,2.4,854,1025,27,SE,4,3,80,NA
AL,1995,220,1995-08-08,1,2.4,2.2,843,936,24,SE,6,4,100,NA
AL,1995,233,1995-08-21,1,2.4,2.4,828,957,23,NW,12,22,0,NA
AL,1995,250,1995-09-07,1,2.2,2,917,1019,10,NE,23,15,50,NA
AL,1995,261,1995-09-18,1,1.6,1.5,1314,1439,21,NW,5,8,50,NA
AL,1995,275,1995-10-02,1,2,1.9,1112,1215,16,S,5,5,30,NA
AL,1995,289,1995-10-16,1,2.5,2,1326,1440,13,NW,8,3,0,NA
AL,1995,303,1995-10-30,1,2.8,2.5,1325,1430,4,N,5,10,18,NA
AL,1995,348,1995-12-14,1,NA,2.1,1300,NA,-1,W,13,NA,100,1
AL,1996,16,1996-01-16,1,NA,3.4,1130,1310,-5,SW,5,NA,100,1
AL,1996,51,1996-02-20,1,NA,1.9,1000,1122,1,E,5,NA,10,1
AL,1996,99,1996-04-08,1,NA,1.7,1102,1220,5,E,3,NA,98,1
AL,1996,135,1996-05-14,1,2.4,2.1,1000,1115,13,SW,4,8,100,NA
AL,1996,151,1996-05-30,1,2.1,1.9,1525,1650,23,NW,10,12,1,NA
AL,1996,164,1996-06-12,1,2.7,2.6,1400,1610,30,NW,3,6,40,NA
AL,1996,179,1996-06-27,1,2.8,2.9,1345,1520,30,W,15,25,1,NA
AL,1996,193,1996-07-11,1,2.7,2.6,1350,1525,19,W,17,25,100,NA
AL,1996,204,1996-07-22,1,2.7,2.2,1030,1140,23,W,17,25,40,NA
AL,1996,221,1996-08-08,1,3.5,2.9,1530,1740,23,W,17,25,50,NA
AL,1996,234,1996-08-21,1,3.7,2.9,916,1205,23,E,2,2,0,NA
AL,1996,247,1996-09-03,1,3.8,3.5,920,1117,22.5,SW,8,3,100,NA
AL,1996,260,1996-09-16,1,2.1,1.6,1250,1405,14.5,N,15,5,100,NA
AL,1996,276,1996-10-02,1,2.6,2.2,845,1015,7,NW,23,23,100,NA
AL,1996,290,1996-10-16,1,2.6,2.1,1255,1350,21,SW,4,3,10,NA
AL,1996,309,1996-11-04,1,2.6,2.3,1315,1435,5.5,NE,2,2,100,NA
AL,1997,20,1997-01-20,1,NA,2.9,1045,1200,-4,NW,5,NA,99,1
AL,1997,57,1997-02-26,1,NA,2.1,1040,1210,2,S,3,NA,100,1
AL,1997,78,1997-03-19,1,NA,2.3,1035,1150,0,SW,8,NA,100,1
AL,1997,133,1997-05-13,1,2.1,2,1405,1507,9,SE,5,2,100,NA
AL,1997,140,1997-05-20,1,2.6,2,1203,1242,7,NW,13,10,90,NA
AL,1997,154,1997-06-03,1,3.2,2.5,1500,1630,25.5,SE,3,3,95,NA
AL,1997,167,1997-06-16,1,3.8,3,935,1055,19,NW,13,18,100,NA
AL,1997,183,1997-07-02,1,4.2,3.6,1405,1515,18,SW,13,7,100,NA
AL,1997,196,1997-07-15,1,4.6,3.3,1100,1220,25,NW,9,12,20,NA
AL,1997,212,1997-07-31,1,4.7,4,845,1003,22,W,2,2,5,NA
AL,1997,226,1997-08-14,1,3.4,2.8,800,845,14,SE,3,2,100,NA
AL,1997,239,1997-08-27,1,3.4,3.1,946,1120,21,NW,8,5,5,NA
AL,1997,251,1997-09-08,1,3,2.3,1024,1143,18,SSE,3,1,100,NA
AL,1997,268,1997-09-25,1,2,1.6,859,1012,19,SW,13,9,10,NA
AL,1997,280,1997-10-07,1,3.6,2.2,819,909,14,SE,8,4,100,NA
AL,1997,293,1997-10-20,1,2.5,1.8,832,948,9,SW,8,7,100,NA
AL,1997,311,1997-11-07,1,2.4,1.9,902,1028,3,WNW,8,7,100,NA
AL,1998,19,1998-01-19,1,NA,2.1,1020,1140,-6,W,5,NA,100,1
AL,1998,55,1998-02-24,1,NA,4.1,1230,1350,2,W,10,NA,100,1
AL,1998,75,1998-03-16,1,NA,3.1,1105,1235,1,S,8,NA,5,1
AL,1998,112,1998-04-22,1,2.4,1.8,1322,1440,20,NW,3,3,3,NA
AL,1998,124,1998-05-04,1,2.4,2.1,1344,1430,19,SSW,10,8,50,NA
AL,1998,138,1998-05-18,1,2.7,2.4,1457,1622,28,WSW,13,10,65,NA
AL,1998,152,1998-06-01,1,4.8,3.1,1312,1415,19,SW,13,18,85,NA
AL,1998,168,1998-06-17,1,3.7,4.1,858,1025,25,NE,3,1,5,NA
AL,1998,180,1998-06-29,1,3.6,3.2,852,940,23.5,W,15,13,2,NA
AL,1998,194,1998-07-13,1,3.3,2.9,1400,1530,30,SW,13,12,20,NA
AL,1998,210,1998-07-29,1,2.9,2.5,1230,1315,24.5,W,10,10,65,NA
AL,1998,223,1998-08-11,1,2.8,3,920,1055,23,E,8,5,20,NA
AL,1998,237,1998-08-25,1,3,2.9,850,935,19,NW,8,4,70,NA
AL,1998,252,1998-09-09,1,3.1,2.9,924,1050,18.3,SW,3,3,3,NA
AL,1998,265,1998-09-22,1,2.4,1.6,1300,1345,17,NW,8,10,45,NA
AL,1998,278,1998-10-05,1,2,1.9,925,1040,12,SE,20,10,100,NA
AL,1998,292,1998-10-19,1,1.9,1.9,950,1050,8.5,NW,15,20,0,NA
AL,1998,308,1998-11-04,1,2.6,2.6,910,1020,2,VAR,3,2,100,NA
AL,1999,21,1999-01-21,1,NA,3.2,1110,1235,-3,E,8,NA,100,1
AL,1999,56,1999-02-25,1,NA,2.2,1220,1325,0.3,S,5,NA,100,1
AL,1999,82,1999-03-23,1,NA,3.6,955,1105,5,W,10,NA,5,1
AL,1999,126,1999-05-06,1,2.6,2.5,1330,1508,15.3,E,5,5,100,NA
AL,1999,137,1999-05-17,1,4,4,930,1040,24.9,SW,8,5,70,NA
AL,1999,155,1999-06-04,1,2.9,2.8,1353,1530,24.6,E,18,5,95,NA
AL,1999,167,1999-06-16,1,3.5,3.4,1335,1440,20.8,W,3,1,40,NA
AL,1999,179,1999-06-28,1,3.2,3.1,1440,1633,18.1,E,15,8,100,NA
AL,1999,195,1999-07-14,1,3.1,3,928,1016,20.4,E,8,4,100,NA
AL,1999,209,1999-07-28,1,5.4,5,1017,1215,22.1,E,18,8,50,NA
AL,1999,222,1999-08-10,1,3,2.9,1429,1524,20.8,SE,5,4,85,NA
AL,1999,238,1999-08-26,1,3.6,3.5,1345,1530,27.7,W,3,4,30,NA
AL,1999,250,1999-09-07,1,3,2.9,1238,1325,20.4,NW,23,10,25,NA
AL,1999,265,1999-09-22,1,1.7,1.6,943,1056,14.2,W,13,4,15,NA
AL,1999,277,1999-10-04,1,2,2,1029,1116,4.6,W,13,3,100,NA
AL,1999,292,1999-10-19,1,2.5,2.3,1015,1134,5.1,W,5,3,100,NA
AL,1999,309,1999-11-05,1,3,3,1110,1239,9.2,W,15,8,10,NA
AL,2000,26,2000-01-26,1,NA,5.1,1330,1435,-12,E,5,NA,5,1
AL,2000,55,2000-02-24,1,NA,4.6,1405,1505,10.1,E,3,NA,100,1
AL,2000,94,2000-04-03,1,3.9,3.1,1048,1145,3.4,W,8,5,100,NA
AL,2000,115,2000-04-24,1,3.9,3,1336,1425,16.7,NW,8,5,100,NA
AL,2000,125,2000-05-04,1,5.1,4.6,1108,1210,24.5,W,10,5,40,NA
AL,2000,137,2000-05-16,1,4.5,4,1340,1440,18,NE,10,5,65,NA
AL,2000,154,2000-06-02,1,3.3,2.8,1020,1135,14,W,15,10,90,NA
AL,2000,165,2000-06-13,1,4.1,3.4,1430,1535,24.2,SSE,8,1,70,NA
AL,2000,181,2000-06-29,1,2.9,2.4,1005,1130,18,W,12,6,15,NA
AL,2000,194,2000-07-12,1,2.8,2.4,1355,1435,20.3,S,7,2,100,NA
AL,2000,206,2000-07-24,1,2.9,2.4,1020,1205,25.1,WSW,15,4,25,NA
AL,2000,222,2000-08-09,1,2.3,1.9,1010,1055,18.7,W,10,5,100,NA
AL,2000,236,2000-08-23,1,1.4,1.4,1105,1300,22.2,S,5,3,70,NA
AL,2000,252,2000-09-08,1,1.8,1.7,1323,1418,23.3,NA,0,1,80,NA
AL,2000,263,2000-09-19,1,1.9,1.5,1455,1600,17.5,N,2,3,100,NA
AL,2000,276,2000-10-02,1,2,1.7,958,1055,12.2,S,10,10,100,NA
AL,2000,290,2000-10-16,1,2.1,2.5,1440,1551,10.9,WNW,5,3,70,NA
AL,2000,304,2000-10-30,1,3,2.9,1008,1101,9.3,WNW,13,4,70,NA
AL,2000,320,2000-11-15,1,3.6,3.4,1459,1610,2.1,E,6,4,95,NA
AL,2001,26,2001-01-26,1,NA,4,1120,1235,-6,NA,0,NA,100,1
AL,2001,61,2001-03-02,1,NA,3.6,1125,1230,3,NW,10,NA,90,1
AL,2001,61,2001-03-02,1,NA,3.6,1125,1230,3,NW,10,NA,90,1
AL,2001,92,2001-04-02,1,3,NA,1120,1220,3,NA,0,NA,100,1
AL,2001,121,2001-05-01,1,1.8,1.8,1035,1213,21.4,S,3,3,98,NA
AL,2001,134,2001-05-14,1,4.3,3.4,1425,1540,18.3,S,15,10,90,NA
AL,2001,149,2001-05-29,1,6.6,5.6,1450,1615,17.2,W,2,2,0,NA
AL,2001,162,2001-06-11,1,3.6,3.1,1015,1135,27.3,SW,6,3,20,NA
AL,2001,176,2001-06-25,1,3.6,2.8,915,1055,26,E,6,3,1,NA
AL,2001,191,2001-07-10,1,4.6,4.4,935,1030,21.7,SW,8,5,0,NA
AL,2001,204,2001-07-23,1,3.3,2.9,920,1035,24.5,S,7,5,100,NA
AL,2001,218,2001-08-06,1,3.6,3.1,1245,1350,34.4,NW,6,2,30,NA
AL,2001,235,2001-08-23,1,3.9,3.6,1300,1430,25.2,NW,6,5,3,NA
AL,2001,248,2001-09-05,1,3.1,2.5,920,1020,19.2,S,6,5,0,NA
AL,2001,260,2001-09-17,1,2.3,1.7,950,1120,18.5,S,1,1,100,NA
AL,2001,276,2001-10-03,1,2.1,1.8,934,1025,11.5,NW,8,5,100,NA
AL,2001,288,2001-10-15,1,1.8,1.8,1320,1420,10.3,W,8,10,65,NA
AL,2001,302,2001-10-29,1,2.7,2.6,1250,1340,9.4,NW,3,5,0,NA
AL,2001,318,2001-11-14,1,2.8,2.4,1400,1503,13,SW,2,1,100,NA
AL,2002,23,2002-01-23,1,NA,3.6,1115,1220,-1,W,4,NA,100,1
AL,2002,64,2002-03-05,1,NA,3.9,1230,1350,-5,W,6,NA,90,1
AL,2002,94,2002-04-04,1,NA,3.8,1150,1255,1,NW,10,NA,100,1
AL,2002,113,2002-04-23,1,2.7,2.7,1338,1450,15,SSE,8,5,20,NA
AL,2002,126,2002-05-06,1,2.9,2.9,1033,1155,8.9,NE,3,2,100,NA
AL,2002,140,2002-05-20,1,4.2,3.9,920,1035,13,N,8,3,0,NA
AL,2002,154,2002-06-03,1,4.4,4,1310,1415,10,E,6,6,100,NA
AL,2002,168,2002-06-17,1,3.8,3.6,925,1050,20,N,6,1,3,NA
AL,2002,182,2002-07-01,1,3.6,3.1,845,930,27,W,5,5,10,NA
AL,2002,197,2002-07-16,1,4.7,3.3,1230,1330,30,S,5,5,2,NA
AL,2002,213,2002-08-01,1,4.2,4,840,940,21.9,NA,0,0,100,NA
AL,2002,226,2002-08-14,1,3.1,2.9,915,1020,23,SW,6,5,50,NA
AL,2002,238,2002-08-26,1,4.3,4.2,1235,1320,29,NA,0,0,15,NA
AL,2002,252,2002-09-09,1,2.8,2.7,1510,1605,32,WSW,8,3,20,NA
AL,2002,267,2002-09-24,1,1.9,1.8,1307,1400,12.8,SW,7,3,20,NA
AL,2002,282,2002-10-09,1,1.7,1.9,1340,1425,9.4,SE,5,1,40,NA
AL,2002,294,2002-10-21,1,1.9,1.9,930,1030,-0.8,SE,6,3,100,NA
AL,2002,308,2002-11-04,1,1.8,1.9,935,1140,0.1,NW,6,8,100,NA
AL,2003,24,2003-01-24,1,NA,3.3,1155,1315,-14.3,S,8,NA,98,1
AL,2003,57,2003-02-26,1,NA,3.1,1420,1536,-5,SW,3,NA,2,1
AL,2003,120,2003-04-30,1,1.5,1.4,1030,1230,14,NA,0,0,60,NA
AL,2003,135,2003-05-15,1,2.3,1.6,1244,1328,20,ESE,4,45,75,NA
AL,2003,149,2003-05-29,1,6,5.1,1320,1510,27.5,S,4,2,70,NA
AL,2003,162,2003-06-11,1,4.8,3.6,845,942,23,ENE,3,1,5,NA
AL,2003,174,2003-06-23,1,3.8,3.2,1454,1615,33,NE,4,3,90,NA
AL,2003,188,2003-07-07,1,4.2,3.6,1002,1055,26,WSW,8,5,45,NA
AL,2003,204,2003-07-23,1,4.7,4.4,932,1045,28,NA,0,2,30,NA
AL,2003,218,2003-08-06,1,3.3,2.9,1307,1427,29,NW,9,10,84,NA
AL,2003,230,2003-08-18,1,3.9,3.9,920,1150,31,S,8,4,0,NA
AL,2003,245,2003-09-02,1,2.2,2.1,1342,1445,NA,SSW,9,8,10,NA
AL,2003,260,2003-09-17,1,2.2,2.1,1405,1601,23.3,SSW,7,4,10,NA
AL,2003,273,2003-09-30,1,2.8,2.6,1355,1451,9,WNW,6,4,50,NA
AL,2003,286,2003-10-13,1,3.3,3.4,915,1042,12,SW,8,5,30,NA
AL,2003,303,2003-10-30,1,2.1,2.1,945,1050,4,SE,7,2,100,NA
AL,2003,323,2003-11-19,1,3.4,3.2,1228,NA,7,W,18,12,10,NA
AL,2004,14,2004-01-14,1,NA,3.3,1230,1335,-9,NE,8,NA,95,1
AL,2004,50,2004-02-19,1,NA,3.5,950,1115,-1,S,6,NA,100,1
AL,2004,91,2004-03-31,1,NA,5.1,1100,1210,1,NW,8,NA,2,1
AL,2004,118,2004-04-27,1,1.5,1.4,1143,1300,6,W,9,8,90,NA
AL,2004,131,2004-05-10,1,3.1,2.7,1330,1405,19,NW,5,8,70,NA
AL,2004,145,2004-05-24,1,3.8,3.7,1535,1650,12,ESE,6,4,70,NA
AL,2004,159,2004-06-07,1,3.7,3.4,1000,1140,29,SSW,11,8,90,NA
AL,2004,173,2004-06-21,1,NA,2.5,945,1145,20,SSW,14,7,90,NA
AL,2004,189,2004-07-07,1,3.4,3.1,930,1040,12,NNW,7,5,100,NA
AL,2004,204,2004-07-22,1,3.3,3,910,1050,21,NW,3,4,100,NA
AL,2004,215,2004-08-02,1,3.7,3.6,1335,1435,27,NA,0,0,30,NA
AL,2004,229,2004-08-16,1,2.8,2.7,905,1045,17,SW,7,5,100,NA
AL,2004,245,2004-09-01,1,1.9,1.9,1052,1207,23,E,4,1,100,NA
AL,2004,254,2004-09-10,1,1.9,1.7,945,1130,21,S,6,6,2,NA
AL,2004,274,2004-09-30,1,3.5,3.2,913,1038,14.5,SE,4,2,1,NA
AL,2004,285,2004-10-11,1,3.2,2.9,1419,1532,18.5,NA,0,0,30,NA
AL,2004,299,2004-10-25,1,1.6,1.5,1249,1352,10.1,N,7,6,1,NA
AL,2004,314,2004-11-09,1,2.2,2,1352,1516,6.5,S,10,4,90,NA
AL,2005,10,2005-01-10,1,NA,4.8,1130,1245,-7,NA,0,NA,5,1
AL,2005,54,2005-02-23,1,NA,4.6,1140,1255,-4,W,2,NA,50,1
AL,2005,91,2005-04-01,1,NA,4.3,1149,1316,2,NE,8,NA,100,1
AL,2005,109,2005-04-19,1,2.2,1.9,1020,1140,19,NA,0,0,75,NA
AL,2005,123,2005-05-03,1,4,3.2,1410,1455,12,SW,1,5,25,NA
AL,2005,136,2005-05-16,1,5.1,5.1,1353,1455,18,NA,0,0,60,NA
AL,2005,151,2005-05-31,1,7.3,7.3,1505,1615,25,NA,0,0,40,NA
AL,2005,165,2005-06-14,1,6.5,3.9,1500,1630,18,W,8,5,100,NA
AL,2005,178,2005-06-27,1,5.7,4.8,920,1020,29,WSW,9,5,1,NA
AL,2005,192,2005-07-11,1,5.2,4.7,920,1110,35,WSW,6,3,0,NA
AL,2005,207,2005-07-26,1,3.2,3,918,1021,18,NNW,8,2,85,NA
AL,2005,220,2005-08-08,1,3.2,3,904,1043,27,SW,9,5,10,NA
AL,2005,235,2005-08-23,1,2.4,2.4,1303,1355,29,SSE,4,2,25,NA
AL,2005,249,2005-09-06,1,2.3,1.8,938,1047,20,SW,8,3,100,NA
AL,2005,265,2005-09-22,1,2.4,2.2,1119,1146,16,SW,5,5,97,NA
AL,2005,276,2005-10-03,1,2.4,2.2,918,1053,21,SW,5,2,100,NA
AL,2005,293,2005-10-20,1,1.9,1.5,917,1013,8.5,NA,0,0,60,NA
AL,2005,312,2005-11-08,1,2.9,2.2,933,1043,7.3,E,4,1,50,NA
AL,2006,10,2006-01-10,1,NA,3,1115,1245,-3,SW,18,NA,0,1
AL,2006,58,2006-02-27,1,NA,4,1155,1400,-5,WNW,7,NA,95,1
AL,2006,87,2006-03-28,1,NA,4.3,1105,1235,2,SW,6,NA,5,1
AL,2006,110,2006-04-20,1,1.4,1.4,1150,1255,13,SSW,2,2,100,NA
AL,2006,121,2006-05-01,1,2.1,1.8,937,1015,10,SE,13,4,100,NA
AL,2006,136,2006-05-16,1,3.9,3.1,1020,1150,NA,NW,6,3,100,NA
AL,2006,150,2006-05-30,1,5.3,4.2,1500,1625,26,NNW,8,4,80,NA
AL,2006,163,2006-06-12,1,4.8,4.1,1400,1605,22,NA,0,1,33,NA
AL,2006,177,2006-06-26,1,4.3,3.8,905,1045,23,NA,0,0,2,NA
AL,2006,192,2006-07-11,1,4.3,4,1410,1535,29,NA,0,0,60,NA
AL,2006,206,2006-07-25,1,4.5,3.8,930,1045,28,W,3,3,5,NA
AL,2006,221,2006-08-09,1,3.9,3.3,908,1035,20,SW,2,0,80,NA
AL,2006,233,2006-08-21,1,4.5,3.5,1410,1505,24,WSW,9,8,20,NA
AL,2006,248,2006-09-05,1,4.2,3.8,1340,1458,27,W,7,5,15,NA
AL,2006,262,2006-09-19,1,2.2,2,1200,1236,9,W,18,20,100,NA
AL,2006,277,2006-10-04,1,2.8,2.6,1446,1546,14,N,15,15,0,NA
AL,2006,289,2006-10-16,1,2.9,2.5,926,1030,7,S,5,2,100,NA
AL,2006,304,2006-10-31,1,3.3,2.9,947,1051,9,W,25,50,90,NA
AL,2007,24,2007-01-24,1,NA,4.6,1230,1335,-9,W,15,NA,85,1
AL,2007,54,2007-02-23,1,NA,5.7,1145,1300,-4,E,7,NA,95,1
AL,2007,85,2007-03-26,1,NA,5.1,1240,1340,8,SW,4,NA,90,1
AL,2007,113,2007-04-23,1,2,1.8,1030,1145,10,NW,9,5,90,NA
AL,2007,127,2007-05-07,1,5.5,4.4,1145,1235,12,NA,0,0,100,NA
AL,2007,141,2007-05-21,1,5.3,4.6,1015,1225,12,SE,5,2,100,NA
AL,2007,155,2007-06-04,1,4.3,3.3,920,1025,16,NW,5,5,99,NA
AL,2007,170,2007-06-19,1,3.9,2.8,1000,1110,18,W,20,30,30,NA
AL,2007,185,2007-07-04,1,4.7,3.5,930,1015,27,W,8,5,10,NA
AL,2007,197,2007-07-16,1,3.7,3.3,1325,1435,27,SW,0,1,50,NA
AL,2007,211,2007-07-30,1,3.9,3.9,840,935,25,WNW,5,4,12,NA
AL,2007,227,2007-08-15,1,3.2,2.7,920,1005,17,SE,5,2,100,NA
AL,2007,242,2007-08-30,1,3,3,829,925,17,NW,1,1,1,NA
AL,2007,253,2007-09-10,1,2.3,1.9,900,1030,11.5,SE,5,3,98,NA
AL,2007,270,2007-09-27,1,2.3,2.1,1210,1300,13,W,6,7,96,NA
AL,2007,281,2007-10-08,1,2.1,1.8,1227,1326,21,S,11,8,90,NA
AL,2007,295,2007-10-22,1,3,2.5,1233,1328,7,NW,11,9,98,NA
AL,2007,312,2007-11-08,1,4.6,4.4,1220,1339,2,NA,0,0,100,NA
AL,2008,15,2008-01-15,1,NA,4.4,1145,1300,-7,NA,0,NA,100,1
AL,2008,63,2008-03-03,1,NA,4.9,1415,1525,-8,W,9,NA,1,1
AL,2008,85,2008-03-25,1,NA,3.9,1230,1345,0,W,19,NA,100,1
AL,2008,129,2008-05-08,1,2.4,2,1250,1346,17,SW,6,2,20,NA
AL,2008,140,2008-05-19,1,3.1,2.4,1415,1451,13,SW,6,8,95,NA
AL,2008,154,2008-06-02,1,6.6,6.2,1546,1715,14,NA,0,0,100,NA
AL,2008,171,2008-06-19,1,2.8,2.8,1542,1628,20,W,6,5,60,NA
AL,2008,182,2008-06-30,1,3.2,2.5,945,1112,21.1,NW,7,6,8,NA
AL,2008,197,2008-07-15,1,3.2,3,1100,1240,33,NA,0,1,50,NA
AL,2008,210,2008-07-28,1,3.5,3,1000,1240,30,NA,0,0,2,NA
AL,2008,225,2008-08-12,1,2.8,2.5,1528,1612,20,SW,4,2,100,NA
AL,2008,238,2008-08-25,1,3,2.6,1010,1130,19,SW,3,2,0,NA
AL,2008,253,2008-09-09,1,2.2,2.1,1149,1231,14,NW,6,5,15,NA
AL,2008,266,2008-09-22,1,1.8,1.6,908,1003,18,S,6,3,90,NA
AL,2008,280,2008-10-06,1,2.2,1.9,1136,1229,9,SE,6,4,100,NA
AL,2008,294,2008-10-20,1,3.6,3,1259,1356,8,NW,14,20,15,NA
AL,2008,311,2008-11-06,1,5.2,3.5,1314,1422,11,SE,20,20,100,NA
AL,2009,20,2009-01-20,1,NA,4.9,1350,1500,-10,SW,6,NA,97,1
AL,2009,54,2009-02-23,1,NA,5.4,1340,1500,-9,NA,0,NA,10,1
AL,2009,76,2009-03-17,1,NA,5.1,1105,1210,8,SW,5,NA,30,1
AL,2009,117,2009-04-27,1,2.5,2,1110,1240,7,W,9,8,100,NA
AL,2009,132,2009-05-12,1,4.1,3.1,1215,1303,18,SW,12,5,40,NA
AL,2009,146,2009-05-26,1,3.4,3.3,1023,1221,12,S,6,3,100,NA
AL,2009,159,2009-06-08,1,3.9,3.5,1310,1407,8.5,SSW,8,4,100,NA
AL,2009,173,2009-06-22,1,3.8,3.2,1013,1134,27,SE,5,4,65,NA
AL,2009,187,2009-07-06,1,3.3,2.7,950,1102,17,NW,12,15,5,NA
AL,2009,202,2009-07-21,1,2.9,2.3,1411,1535,22,SW,7,5,95,NA
AL,2009,216,2009-08-04,1,3.3,3.1,940,1030,17,NW,16,10,55,NA
AL,2009,231,2009-08-19,1,2.2,2,916,1026,18,SSE,5,4,85,NA
AL,2009,243,2009-08-31,1,1.8,1.6,1458,1544,20,WSW,6,5,15,NA
AL,2009,257,2009-09-14,1,4.1,4.1,1405,1533,26,SE,7,5,60,NA
AL,2009,272,2009-09-29,1,2,2,1315,1405,8,WSW,12,10,100,NA
AL,2009,287,2009-10-14,1,2.1,2.1,1502,1607,4,SSE,2,2,100,NA
AL,2009,299,2009-10-26,1,4.7,4.4,951,1046,4,NA,0,0,100,NA
AL,2009,313,2009-11-09,1,2.5,2.3,1337,1525,8,NNE,7,5,5,NA
AL,2010,19,2010-01-19,1,NA,2.7,1135,1250,-6,NA,0,NA,100,1
AL,2010,47,2010-02-16,1,NA,3.7,1210,1340,-5,NW,15,NA,100,1
AL,2010,81,2010-03-22,1,NA,5.9,1035,1130,4,SE,3,NA,15,1
AL,2010,102,2010-04-12,1,3,2.7,1050,1210,NA,SSW,6,3,100,NA
AL,2010,117,2010-04-27,1,6.6,6.5,1424,1513,13,N,5,3,2,NA
AL,2010,132,2010-05-12,1,5.7,4.8,1020,1130,11,E,17,10,15,NA
AL,2010,144,2010-05-24,1,5.3,6,1453,1622,29,SSW,7,3,70,NA
AL,2010,158,2010-06-07,1,4.1,3.3,1538,1716,22,S,3,1,45,NA
AL,2010,173,2010-06-22,1,4.8,3.9,1256,1340,37,E,5,6,45,NA
AL,2010,189,2010-07-08,1,4,3.3,830,952,36,W,7,5,10,NA
AL,2010,200,2010-07-19,1,3.4,2.2,1000,1035,29,NE,4,4,50,NA
AL,2010,214,2010-08-02,1,2.8,2.3,1239,1345,25,W,7,6,100,NA
AL,2010,230,2010-08-18,1,2.4,2.1,1325,1400,22,W,7,10,100,NA
AL,2010,243,2010-08-31,1,2.2,2.1,1030,1222,24,SW,8,3,100,NA
AL,2010,256,2010-09-13,1,1.8,1.5,1400,1500,15,WNW,20,15,5,NA
AL,2010,272,2010-09-29,1,2.3,1.9,1457,1608,14,WNW,8,20,100,NA
AL,2010,285,2010-10-12,1,3.2,3.2,1400,1455,22,WSW,4,2,15,NA
AL,2010,301,2010-10-28,1,3.3,2.4,955,1110,4,WNW,20,28,100,NA
AL,2010,314,2010-11-10,1,4,3.4,900,1040,8,SSE,6,3,100,NA
AL,2011,19,2011-01-19,1,NA,2.9,1317,1425,-10,WNW,6,NA,100,1
AL,2011,46,2011-02-15,1,NA,2.7,1005,1110,3,S,6,NA,98,1
AL,2011,75,2011-03-16,1,NA,3.9,1410,1510,10,SW,6,NA,90,1
AL,2011,122,2011-05-02,1,NA,1.8,1105,1220,0,W,7,5,100,NA
AL,2011,137,2011-05-17,1,2.7,2.5,1444,1549,18,ESE,7,6,2,NA
AL,2011,151,2011-05-31,1,1.9,1.2,1559,1733,22,WSW,22,24,10,NA
AL,2011,164,2011-06-13,1,4.7,3.4,930,1156,21,ESE,5,1,3,NA
AL,2011,178,2011-06-27,1,3.6,3.4,923,1049,21,ESE,8,9,100,NA
AL,2011,193,2011-07-12,1,3.4,2.6,922,1030,22,WNW,9,12,95,NA
AL,2011,206,2011-07-25,1,3.3,2.8,940,1110,25,NNW,8,22,5,NA
AL,2011,220,2011-08-08,1,2.6,2.4,1448,1532,30,WSW,2,2,90,NA
AL,2011,234,2011-08-22,1,2.6,2.6,1051,1304,23,SSW,5,2,70,NA
AL,2011,250,2011-09-07,1,2.3,2.3,930,1050,19,NW,5,4,0,NA
AL,2011,262,2011-09-19,1,2.1,2.2,1000,1100,15,NNW,8,10,5,NA
AL,2011,278,2011-10-05,1,2.6,2.3,1010,1109,19.5,SSE,2,3,10,NA
AL,2011,290,2011-10-17,1,2.6,2.2,1447,1600,9.5,WNW,9,12,100,NA
AL,2011,304,2011-10-31,1,2.6,2.4,1405,1504,7.5,WSW,6,4,100,NA
AL,2011,315,2011-11-11,1,2.5,2.3,1451,1643,3,WSW,5,7,20,NA
AL,2012,16,2012-01-16,1,NA,4.1,1430,1533,-2,NNW,8,NA,100,1
AL,2012,54,2012-02-23,1,NA,3.2,1110,1210,7,NA,0,NA,70,1
AL,2012,94,2012-04-03,1,3.1,3.1,1445,1540,15,NW,5,2,0,NA
AL,2012,107,2012-04-16,1,1.6,1.5,1040,1120,1,NW,12,13,100,NA
AL,2012,121,2012-04-30,1,3.3,3.2,955,1050,NA,S,2,1,100,NA
AL,2012,135,2012-05-14,1,4.8,4.2,1327,1410,26,W,6,7,35,NA
AL,2012,150,2012-05-29,1,5.3,3.1,937,1045,15,WSW,9,7,70,NA
AL,2012,163,2012-06-11,1,5.4,3.6,1006,1105,26,SSW,8,8,100,NA
AL,2012,178,2012-06-26,1,3,2.8,1323,1421,30,SSW,5,7,1,NA
AL,2012,192,2012-07-10,1,3.7,3.6,909,956,31,NA,0,0,20,NA
AL,2012,207,2012-07-25,1,3.2,2.7,1022,1112,20,SSE,4,6,100,NA
AL,2012,219,2012-08-06,1,2.1,1.9,1305,1345,29,SSW,14,24,2,NA
AL,2012,233,2012-08-20,1,1.6,1.5,1525,1645,22,SW,7,5,50,NA
AL,2012,248,2012-09-04,1,1.3,0.7,1415,1454,38,S,8,1,10,NA
AL,2012,263,2012-09-19,1,1.3,1.1,1315,1422,12.5,SE,6,7,85,NA
AL,2012,275,2012-10-01,1,3.2,2.9,928,1037,17,SW,8,4,70,NA
AL,2012,292,2012-10-18,1,3.2,2.9,943,1048,12.5,NA,0,0,90,NA
AL,2012,306,2012-11-01,1,3.8,2.8,1330,1425,3.5,N,9,10,90,NA
AL,2012,314,2012-11-09,1,4.2,3.3,1440,1547,4.5,E,6,3,95,NA
AL,2013,25,2013-01-25,1,NA,2.8,1310,1415,-6,WNW,8,NA,100,1
AL,2013,56,2013-02-25,1,NA,3.9,1040,1142,3,SW,3,NA,100,1
AL,2013,86,2013-03-27,1,NA,4.6,1122,1215,1,NW,8,NA,75,1
AL,2013,134,2013-05-14,1,2.6,2.2,1333,1435,21,S,6,2,60,NA
AL,2013,161,2013-06-10,1,4.2,4.2,1530,1730,25,W,2,0,90,NA
AL,2013,177,2013-06-26,1,4.2,3.8,1315,1415,29,SW,10,9,60,NA
AL,2013,192,2013-07-11,1,3.8,3.5,920,1050,32,NA,0,0,0,NA
AL,2013,219,2013-08-07,1,3.4,2.4,1040,1205,20,NW,5,15,70,NA
AL,2013,231,2013-08-19,1,4.2,3.7,930,1020,21,SW,6,4,55,NA
AL,2013,246,2013-09-03,1,2.1,2.7,1607,1732,21,WSW,9,5,5,NA
AL,2013,274,2013-10-01,1,3.1,2.8,943,1051,18,S,8,5,2,NA
AL,2013,303,2013-10-30,1,3.1,2.8,1507,1611,7,SE,4,3,100,NA
AL,2013,311,2013-11-07,1,3.2,2.7,1412,1526,1,W,9,8,100,NA
AL,2014,17,2014-01-17,1,NA,2.6,1125,1240,-6,NW,9,NA,100,1
AL,2014,77,2014-03-18,1,NA,2.4,1200,1310,5,SE,9,NA,100,1
AL,2014,86,2014-03-27,1,NA,2.4,1430,1523,2,NA,0,NA,100,1
AL,2014,140,2014-05-20,1,1.6,1.5,1613,1810,19,WNW,3,1,20,NA
AL,2014,153,2014-06-02,1,2.5,2.3,1600,1715,19,W,5,3,45,NA
AL,2014,168,2014-06-17,1,5.7,4.5,1530,1700,27,NNW,4,2,10,NA
AL,2014,183,2014-07-02,1,4.2,3.6,830,925,15,NW,4,5,98,NA
AL,2014,195,2014-07-14,1,3.4,2.9,945,1130,15,WNW,4,4,100,NA
AL,2014,211,2014-07-30,1,4.2,3.9,1050,1150,26,NW,7,4,55,NA
AL,2014,224,2014-08-12,1,4.8,4.1,920,1045,18,NW,6,20,5,NA
AL,2014,238,2014-08-26,1,4.4,4.2,1245,1350,27,WNW,8,6,8,NA
AL,2014,251,2014-09-08,1,3.4,3.2,1445,1600,18,NA,0,0,100,NA
AL,2014,267,2014-09-24,1,2.3,1.7,1400,1515,21,SE,7,4,70,NA
AL,2014,279,2014-10-06,1,2.9,2.4,1011,1200,9,SSW,10,8,5,NA
AL,2014,294,2014-10-21,1,2.8,2.6,1355,1455,11,SW,4,2,5,NA
AL,2014,307,2014-11-03,1,2.7,2.5,1030,1202,11,S,6,2,100,NA
AL,2015,19,2015-01-19,1,NA,2.5,1150,1245,-3,SW,5,NA,100,1
AL,2015,55,2015-02-24,1,NA,2.3,1430,1545,-6,NNW,10,NA,70,1
AL,2015,82,2015-03-23,1,NA,4,1130,1225,5,SW,5,NA,80,1
AL,2015,111,2015-04-21,1,2.1,1.6,1050,1155,4,WNW,9,10,100,NA
AL,2015,125,2015-05-05,1,4.5,4,1055,1155,18,SE,5,2,0,NA
AL,2015,139,2015-05-19,1,5.7,3.6,1550,1727,13,NNW,6,7,0,NA
AL,2015,153,2015-06-02,1,6,3.5,943,1127,24,SE,5,2,85,NA
AL,2015,169,2015-06-18,1,4.3,2.5,928,1047,28,WNW,7,5,80,NA
AL,2015,181,2015-06-30,1,4.5,3,938,1031,16,NNW,4,2,99,NA
AL,2015,194,2015-07-13,1,4.6,3.3,1412,1535,25,WNW,5,2,98,NA
AL,2015,208,2015-07-27,1,4.5,3.4,1311,1402,37,S,5,5,5,NA
AL,2015,222,2015-08-10,1,3.7,3.2,919,1042,25,NW,2,3,50,NA
AL,2015,238,2015-08-26,1,3,2.4,935,1023,18,NW,8,5,20,NA
AL,2015,251,2015-09-08,1,3.5,3.1,1508,1640,24,WNW,8,6,75,NA
AL,2015,264,2015-09-21,1,3.1,2.8,1303,1427,21,SSW,6,7,4,NA
AL,2015,279,2015-10-06,1,3.3,2.4,1433,1602,18,WSW,5,5,70,NA
AL,2015,292,2015-10-19,1,4,3.6,935,1037,14,WSW,6,6,90,NA
AL,2015,313,2015-11-09,1,4.3,3.8,950,1140,12,NW,7,5,0,NA
AL,2016,28,2016-01-28,1,NA,2.8,1135,1235,-5,NW,9,NA,100,1
AL,2016,68,2016-03-08,1,NA,3.4,1045,1145,11,S,4,NA,100,1
AL,2016,116,2016-04-25,1,3,2,1029,1145,5,E,10,4,100,NA
AL,2016,131,2016-05-10,1,3.2,2.2,1040,1130,16,E,10,10,100,NA
AL,2016,144,2016-05-23,1,4.9,2.8,1425,1608,25,SSW,8,10,20,NA
AL,2016,158,2016-06-06,1,5.3,3.8,1305,1425,17.5,NW,12,20,90,NA
AL,2016,172,2016-06-20,1,3.9,2.4,1440,1615,23,NW,20,18,25,NA
AL,2016,187,2016-07-05,1,3.9,3.2,1345,1445,29,WSW,6,10,50,NA
AL,2016,202,2016-07-20,1,4.6,3.8,925,1048,28,SW,4,8,20,NA
AL,2016,216,2016-08-03,1,3.7,3.7,935,1030,24.5,NA,0,0,0,NA
AL,2016,231,2016-08-18,1,3.6,3.3,935,1120,29,WSW,3,4,20,NA
AL,2016,242,2016-08-29,1,NA,2.3,1010,1140,28,SE,7,2,75,NA
AL,2016,256,2016-09-12,1,2.7,2.6,915,1045,22,SSW,6,6,10,NA
AL,2016,270,2016-09-26,1,2.4,2.1,940,1030,12,W,11,13,100,NA
AL,2016,285,2016-10-11,1,2.5,2.1,915,1045,13,S,9,3,100,NA
AL,2016,298,2016-10-24,1,2.6,2.3,945,1050,4,WNW,5,5,75,NA
AL,2016,315,2016-11-10,1,2.5,2.1,930,1055,15,W,5,4,0,NA
AL,2017,16,2017-01-16,1,NA,2.3,1220,1345,-2,NA,0,NA,90,1
AL,2017,51,2017-02-20,1,NA,3.3,1100,1215,7,SE,9,NA,100,1
AL,2017,80,2017-03-21,1,NA,3,1200,1300,-2,NNW,8,NA,90,1
AL,2017,107,2017-04-17,1,2.2,1.7,1505,1620,10,NA,0,2,85,NA
AL,2017,123,2017-05-03,1,4.5,3.5,1043,1136,12,SW,10,12,5,NA
AL,2017,136,2017-05-16,1,4.3,2.9,1310,1410,17,SW,5,5,100,NA
AL,2017,150,2017-05-30,1,3.5,2.5,1433,1556,NA,W,12,20,100,NA
AL,2017,165,2017-06-14,1,3.3,2.7,947,1150,24,SW,3,3,100,NA
AL,2017,178,2017-06-27,1,2.6,2.1,1340,1435,25,W,7,4,10,NA
AL,2017,193,2017-07-12,1,2.8,2.3,955,1105,21,SE,4,1,100,NA
AL,2017,206,2017-07-25,1,2.8,2.3,1315,1405,25,S,10,5,20,NA
AL,2017,220,2017-08-08,1,2.6,2,1530,1640,24,W,7,4,95,NA
AL,2017,234,2017-08-22,1,2.6,1.7,905,945,18,NW,10,6,85,NA
AL,2017,248,2017-09-05,1,2.5,1.9,1359,1505,13,NNW,9,15,85,NA
AL,2017,262,2017-09-19,1,2.9,2.5,908,949,17,SSE,5,8,2,NA
AL,2017,277,2017-10-04,1,2.3,1.6,1420,1514,13,W,7,18,5,NA
AL,2017,289,2017-10-16,1,2.5,1.8,1305,1339,15,W,10,20,25,NA
AL,2017,311,2017-11-07,1,2.6,1.9,950,1103,-2,NW,6,13,5,NA
AL,2018,16,2018-01-16,1,NA,2.4,1138,1251,-3,NNW,6,NA,95,1
AL,2018,53,2018-02-22,1,NA,2.7,1040,1154,0,S,5,NA,50,1
AL,2018,85,2018-03-26,1,NA,3.1,1025,1130,9,SSE,5,NA,70,1
AL,2018,134,2018-05-14,1,2.1,1.6,910,1033,21,W,8,5,15,NA
AL,2018,149,2018-05-29,1,3.2,1.7,1334,1430,34,SW,6,5,20,NA
AL,2018,162,2018-06-11,1,3.9,3,1510,1705,26,SSE,6,4,60,NA
AL,2018,176,2018-06-25,1,3.7,3.4,920,1015,23,E,4,4,5,NA
AL,2018,192,2018-07-11,1,3.3,2.3,933,1045,22,se,5,3,80,NA
AL,2018,206,2018-07-25,1,3.2,2.6,910,1024,21,W,5,5,95,NA
AL,2018,220,2018-08-08,1,3.5,3,1330,1540,30,SW,7,6,25,NA
AL,2018,234,2018-08-22,1,3.4,2.8,930,1015,21,NW,7,6,10,NA
AL,2018,247,2018-09-04,1,2.8,2.5,1519,1649,22,NA,0,3,90,NA
AL,2018,260,2018-09-17,1,4,3.6,935,1055,27,W,5,11,10,NA
AL,2018,275,2018-10-02,1,2.4,2.1,1415,1535,12,S,4,3,100,NA
AL,2018,289,2018-10-16,1,3.6,2.2,1415,1535,10,NW,12,20,25,NA
AL,2018,309,2018-11-05,1,2.5,2,1400,1530,2,SW,7,3,100,NA
AL,2019,15,2019-01-15,1,NA,2.9,930,1035,-4,N,9,NA,100,1
AL,2019,59,2019-02-28,1,NA,2.5,1245,1400,-6,W,10,NA,20,1
AL,2019,80,2019-03-21,1,NA,2.6,940,1043,3,W,9,NA,30,1
AL,2019,127,2019-05-07,1,2.1,1.5,935,1050,14,NA,0,0,5,NA
AL,2019,140,2019-05-20,1,2.6,1.9,1000,1105,11,NW,4,10,85,NA
AL,2019,154,2019-06-03,1,3.9,2.8,1501,1704,15,SSW,6,3,100,NA
AL,2019,169,2019-06-18,1,5.6,3.5,945,1047,21,NW,8,10,85,NA
AL,2019,182,2019-07-01,1,4.4,3.3,915,1052,25,NW,3,1,100,NA
AL,2019,197,2019-07-16,1,3.6,2.4,942,1040,28,WSW,5,4,45,NA
AL,2019,212,2019-07-31,1,3.4,2.9,1459,1536,28,W,2,3,0,NA
AL,2019,225,2019-08-13,1,3.5,2.5,932,1013,21,E,5,6,100,NA
AL,2019,239,2019-08-27,1,3.2,2.6,1314,1413,16,W,10,25,80,NA
AL,2019,252,2019-09-09,1,2.7,2,1230,1320,12,S,4,10,100,NA
AL,2019,266,2019-09-23,1,3.8,3.1,1415,1624,17,NW,7,3,20,NA
AL,2019,282,2019-10-09,1,2.7,2.2,1328,1500,14,NW,8,10,5,NA
AL,2019,295,2019-10-22,1,2,1.4,1345,1512,14,NW,10,10,100,NA
AL,2019,310,2019-11-06,1,2.3,1.7,1200,1345,-6,NW,10,10,100,NA
AL,2020,24,2020-01-24,1,NA,3,1035,1145,-3,N,7,NA,100,1
AL,2020,122,2020-05-01,1,2,1.7,945,1055,17,S,4,5,60,NA
AL,2020,155,2020-06-03,1,3.9,3.3,855,958,18,W,7,7,0,NA
AL,2020,184,2020-07-02,1,5,3.7,1248,1345,NA,W,3,5,50,NA
AL,2020,216,2020-08-03,1,3.1,2.6,1345,1450,15,N,8,5,75,NA
AL,2020,252,2020-09-08,1,2.2,1.9,903,955,7,E,3,5,90,NA
AL,2020,288,2020-10-14,1,2.2,1.8,1228,1316,2,SE,5,5,100,NA
AL,2020,303,2020-10-29,1,2.4,2.2,915,1010,-6,N,7,5,100,NA
AL,2021,26,2021-01-26,1,NA,3.5,1000,1110,-10,N,5,NA,100,1
AL,2021,54,2021-02-23,1,NA,3.3,1320,1422,1,W,7,NA,50,1
AL,2021,97,2021-04-07,1,1.8,1.6,935,1030,6,SE,6,5,100,NA
AL,2021,123,2021-05-03,1,2.1,1.8,1322,1426,6,NE,2,1,100,NA
AL,2021,152,2021-06-01,1,3.2,2.6,1406,1515,24,NA,0,0,15,NA
AL,2021,179,2021-06-28,1,4.6,3.6,953,1053,23,WSW,7,5,80,NA
AL,2021,207,2021-07-26,1,3.1,2.4,1215,1303,27.5,W,9,10,30,NA
AL,2021,235,2021-08-23,1,4,3,918,1020,22,WSW,7,5,10,NA
AL,2021,264,2021-09-21,1,2.2,1.9,1335,1455,16,WNW,8,15,85,NA
AL,2021,292,2021-10-19,1,1.8,1.6,1341,1430,20,SW,8,10,10,NA
AL,2021,313,2021-11-09,1,2.7,2.6,1145,1315,9,W,7,8,60,NA
AL,2022,31,2022-01-31,1,NA,3.4,1425,1520,-1,ESE,6,NA,95,1
AL,2022,59,2022-02-28,1,NA,3.1,1110,1215,-1,SSW,4,NA,99,1
AL,2022,75,2022-03-16,1,NA,3.4,930,1018,9.5,SE,4,NA,90,1
AL,2022,91,2022-04-01,1,NA,NA,1,NA,NA,NA,NA,NA,NA,NA
AL,2022,123,2022-05-03,1,2.9,2.2,1325,1420,7.4,NW,4,3,98,NA
AL,2022,136,2022-05-16,1,2.5,1.9,1415,1445,15,WNW,12,10,50,NA
AL,2022,151,2022-05-31,1,4.6,2.2,947,1140,23,SW,20,40,10,NA
AL,2022,164,2022-06-13,1,4.5,3.8,1441,1520,18,NNE,8,2,100,NA
AL,2022,178,2022-06-27,1,3.6,2.8,1522,1637,21.2,WSW,9,3,15,NA
AL,2022,193,2022-07-12,1,3.8,2.5,1219,1254,22.5,WSW,10,8,55,NA
AL,2022,206,2022-07-25,1,4.4,3,1409,1523,20.1,WSW,7,3,60,NA
AL,2022,221,2022-08-09,1,2.9,2.5,1309,1341,23.5,SW,7,3,5,NA
AL,2022,237,2022-08-25,1,2.6,2.2,935,1125,19.2,WSW,7,10,100,NA
AL,2022,250,2022-09-07,1,2.4,2.1,943,1038,24.3,NA,0,3,45,NA
AL,2022,262,2022-09-19,1,2.4,2.1,1421,1525,26,SW,7,10,50,NA
AL,2022,277,2022-10-04,1,1.6,1.4,1453,1546,22,NA,0,1,95,NA
AL,2022,292,2022-10-19,1,2.8,2.3,1451,1620,6,NW,17,25,25,NA
AL,2022,304,2022-10-31,1,4.4,4,1240,1334,13,W,3,3,5,NA
AL,2022,318,2022-11-14,1,4.1,3.5,1425,1555,1.1,SE,4,5,100,NA
AL,2023,17,2023-01-17,1,NA,4.5,1027,1155,1,W,4,NA,100,1
AL,2023,42,2023-02-11,1,NA,4.7,1412,1515,-4,NW,12,NA,99,NA
AL,2023,46,2023-02-15,1,NA,4.7,1412,1515,-4,NW,12,NA,99,1
AL,2023,76,2023-03-17,1,3.2,NA,1107,1157,-9,W,12,NA,100,1
AL,2023,124,2023-05-04,1,2.9,2.2,1245,1415,16,SSW,4,5,5,NA
AL,2023,150,2023-05-30,1,4.7,3.3,1018,1237,28,SW,10,7,27,NA
AL,2023,163,2023-06-12,1,5.2,3.6,1050,1210,13.6,NW,7,3,100,NA
AL,2023,180,2023-06-29,1,5.8,3.6,1010,1117,13.7,NW,9,7,100,NA
AL,2023,193,2023-07-12,1,5,3.9,935,1030,19.1,ESE,5,3,70,NA
AL,2023,207,2023-07-26,1,5.3,4.3,1504,1631,24.3,NNW,1,3,40,NA
AL,2023,221,2023-08-09,1,4.7,3.8,949,1038,21.7,NW,6,5,55,NA
AL,2023,233,2023-08-21,1,5.6,3.9,1341,1453,21.1,E,4,1,100,NA
AL,2023,248,2023-09-05,1,6.1,4.3,924,1035,28,SSW,7,5,70,NA
AL,2023,262,2023-09-19,1,6,4.6,1509,1616,19,S,9,10,85,NA
AL,2023,276,2023-10-03,1,6.4,5.7,1301,1350,26,S,13,9,10,NA
AL,2023,289,2023-10-16,1,4.5,3.4,1405,1532,7,NW,3,2,100,NA
AL,2023,303,2023-10-30,1,4.2,3.6,1333,1437,3,WSW,9,12,50,NA
AL,2023,318,2023-11-14,1,3.4,2.4,927,1052,9,SSW,16,15,70,NA
AL,2024,10,2024-01-10,1,NA,4,1327,1422,-3,NNE,4,NA,100,1
AL,2024,37,2024-02-06,1,NA,5.2,1425,1537,8,S,6,NA,100,1
AL,2024,99,2024-04-08,1,4.9,3.9,1247,1412,8,S,7,4,100,NA
AL,2024,120,2024-04-29,1,5,3.7,1320,1415,11,E,5,5,100,NA
AL,2024,134,2024-05-13,1,5.4,5.1,1245,1339,18,N,5,5,1,NA
AL,2024,149,2024-05-28,1,6,4.7,1005,1113,13,NA,0,1,100,NA
AL,2024,164,2024-06-12,1,7,5.6,1028,1217,19,W,4,3,100,NA
AL,2024,177,2024-06-25,1,4,3.6,949,1059,21.2,NW,9,15,25,NA
AL,2024,191,2024-07-09,1,3.9,3.8,1518,1614,22.3,W,1,5,40,NA
AL,2024,205,2024-07-23,1,4.1,3.6,1339,1429,17.3,E,5,5,90,NA
AL,2024,222,2024-08-09,1,3.9,2.6,1402,1517,16.9,NW,14,12,90,NA
AL,2024,232,2024-08-19,1,3.6,2.9,940,1022,20.8,N,2,3,75,NA
AL,2024,247,2024-09-03,1,1.9,1.6,920,1037,19,S,11,5,50,NA
AL,2024,262,2024-09-18,1,2.9,2.7,1353,1444,27.3,S,6,8,20,NA
AL,2024,275,2024-10-01,1,3,2.3,1346,1458,15.1,W,10,22,40,NA
AL,2024,288,2024-10-14,1,2.5,2.2,1226,1319,6.6,N,3,4,95,NA
AL,2024,302,2024-10-28,1,3.7,3,921,1225,9.8,W,6,10,50,NA
AL,2024,319,2024-11-14,1,4.5,4,1350,1536,8.9,N,4,6,85,NA
AL,2025,17,2025-01-17,1,NA,4.6,923,1010,2,S,12,NA,75,1
AL,2025,45,2025-02-14,1,NA,4.6,1341,1505,-8,SW,6,NA,100,1
AL,2025,72,2025-03-13,1,NA,6.2,1311,1355,12,S,6,NA,40,1
AL,2025,113,2025-04-23,1,3.5,3.1,1113,1215,16.2,N,6,4,30,NA
AL,2025,135,2025-05-15,1,6.2,4.5,925,1023,24.3,N,4,8,5,NA
AL,2025,147,2025-05-27,1,6.3,6.1,1358,1541,21,W,3,2,80,NA
AL,2025,160,2025-06-09,1,4.4,4,951,1121,12,W,5,6,100,NA
AL,2025,175,2025-06-24,1,4.4,3.6,915,1010,20.4,NW,4,2,40,NA
AL,2025,188,2025-07-07,1,3.4,3.3,1513,1633,26.4,N,0,2,15,NA
AL,2025,204,2025-07-23,1,4.2,3.5,1242,1332,24.3,SW,5,5,100,NA
AL,2025,217,2025-08-05,1,4.2,3.6,824,955,21.2,S,5,4,70,NA
AL,2025,232,2025-08-20,1,3.4,2.4,948,1048,19.2,N,3,5,100,NA
AL,2025,246,2025-09-03,1,3.3,2.9,1237,1320,11,WNW,9,15,99,NA
AL,2025,258,2025-09-15,1,3,2.9,1006,1053,23,S,4,5,5,NA
AL,2025,274,2025-10-01,1,3,2.9,1305,1400,21.5,S,5,8,50,NA
AL,2025,286,2025-10-13,1,2,1.4,1051,1203,14.5,W,8,4,0,NA
AL,2025,301,2025-10-28,1,2.8,1.8,1414,1535,10.1,E,9,7,75,NA
AL,2025,315,2025-11-11,1,3.6,2.8,1055,1204,2.1,SSW,10,10,80,NA
BM,1981,155,1981-06-04,1,NA,NA,NA,NA,23.2,SE,NA,NA,NA,NA
BM,1981,168,1981-06-17,1,6.5,NA,NA,NA,22,SW,23,NA,0,NA
BM,1981,181,1981-06-30,1,4.4,NA,NA,NA,20.8,NA,NA,NA,NA,NA
BM,1981,195,1981-07-14,1,4.5,NA,NA,NA,20.5,0,0,0,99,NA
BM,1981,209,1981-07-28,1,4.6,NA,NA,NA,25,NE,5,NA,NA,NA
BM,1981,223,1981-08-11,1,4.9,NA,NA,NA,24,SW,NA,0,25,NA
BM,1981,238,1981-08-26,1,5.2,NA,NA,NA,19,NA,NA,NA,99,NA
BM,1981,257,1981-09-14,1,5.5,NA,NA,NA,17.2,W,8,8,15,NA
BM,1981,266,1981-09-23,1,5.6,NA,NA,NA,11.2,S,8,18,80,NA
BM,1981,293,1981-10-20,1,3.9,NA,NA,NA,7.9,N,5,8,99,NA
BM,1981,334,1981-11-30,1,3.9,NA,NA,NA,NA,NA,6,8,80,NA
BM,1982,25,1982-01-25,1,NA,4.3,1100,1324,-12,NW,3,NA,5,1
BM,1982,56,1982-02-25,1,NA,4.7,1045,1300,-8,W,4,NA,0,1
BM,1982,97,1982-04-07,1,NA,5.6,1030,1200,-3,NA,0,NA,5,1
BM,1982,131,1982-05-11,1,4.6,4.1,1023,1205,15,NA,3,12,50,NA
BM,1982,145,1982-05-25,1,3.3,3.7,1010,1230,22.2,NA,0,0,10,NA
BM,1982,160,1982-06-09,1,NA,8.7,1025,1206,16,SE,3,8,99,NA
BM,1982,172,1982-06-21,1,10.7,9.6,1029,1140,17,NW,5,15,90,NA
BM,1982,189,1982-07-08,1,NA,6.8,1421,1611,24,W,5,30,20,NA
BM,1982,202,1982-07-21,1,9.3,7.5,1020,1140,23,SW,2,2,60,NA
BM,1982,217,1982-08-05,1,8.2,7.7,1015,1150,22,CLM,1,1,99,NA
BM,1982,230,1982-08-18,1,8.7,7.7,1355,1600,26,W,8,5,5,NA
BM,1982,251,1982-09-08,1,7.2,6,1010,1238,17.2,W,9,25,95,NA
BM,1982,264,1982-09-21,1,8,7.7,955,1140,9.8,N,8,10,5,NA
BM,1982,279,1982-10-06,1,9.1,7.5,958,1209,18,SE,5,10,99,NA
BM,1982,291,1982-10-18,1,9.5,8.2,1032,1245,11.8,W,5,8,90,NA
BM,1982,313,1982-11-09,1,9.2,7.6,950,1212,-0.4,SE,3,10,99,NA
BM,1982,337,1982-12-03,1,9.3,7,1320,1445,4,W,9,30,50,NA
BM,1983,12,1983-01-12,1,NA,NA,1000,1215,-11.5,S,6,NA,99,1
BM,1983,48,1983-02-17,1,NA,9.1,1100,1330,0.5,NA,0,NA,0,1
BM,1983,82,1983-03-23,1,NA,5.9,1045,1300,-5,NA,2,NA,90,1
BM,1983,130,1983-05-10,1,8.3,7.4,1037,1325,13.4,SSE,5,7,0,NA
BM,1983,146,1983-05-26,1,9.5,8.6,1015,1217,8.7,NA,3,5,2,NA
BM,1983,157,1983-06-06,1,8.8,8.7,1120,1350,14,SW,13,25,53,NA
BM,1983,173,1983-06-22,1,8.1,7.7,1007,1320,24.8,SE,15,30,0,NA
BM,1983,187,1983-07-06,1,6.1,5.1,1505,1745,23,S,2,5,0,NA
BM,1983,199,1983-07-18,1,NA,6.2,1525,1755,24.5,S,2,2,99,NA
BM,1983,214,1983-08-02,1,7.6,6,1045,1340,24,SW,4,15,50,NA
BM,1983,229,1983-08-17,1,6.4,4.9,1415,1635,24,SW,2,6,95,NA
BM,1983,250,1983-09-07,1,7.1,6.5,1008,1248,14.2,WNW,5,7,30,NA
BM,1983,271,1983-09-28,1,7,5.3,1023,1259,18.5,SE,10,4,80,NA
BM,1983,290,1983-10-17,1,7.8,6,1005,1235,4.4,NW,10,13,0,NA
BM,1983,306,1983-11-02,1,6.7,5.3,920,1100,10,NE,2,2,99,NA
BM,1983,318,1983-11-14,1,6.8,6.1,1310,1535,1.8,SE,2,1,99,NA
BM,1983,332,1983-11-28,1,8,6.1,1322,1505,-2,NE,10,8,99,NA
BM,1984,10,1984-01-10,1,NA,7.3,1215,1457,-17.2,SW,3,NA,0,1
BM,1984,54,1984-02-23,1,NA,10.9,1000,1153,1.6,W,5,NA,99,1
BM,1984,95,1984-04-04,1,NA,9.1,1440,1620,7,N,3,NA,80,1
BM,1984,128,1984-05-07,1,8.4,6.4,1530,1720,6.8,W,17,20,99,NA
BM,1984,145,1984-05-24,1,8.4,6.6,1015,NA,12.2,S,16,42,95,NA
BM,1984,158,1984-06-06,1,7.9,6.5,852,1130,NA,SW,4,4,99,NA
BM,1984,172,1984-06-20,1,9.3,6.8,950,1230,20.2,S,4,3,99,NA
BM,1984,185,1984-07-03,1,6.2,5.2,1009,1210,22.4,W,9,10,92,NA
BM,1984,199,1984-07-17,1,5.2,3.9,930,1217,14.9,NW,14,15,99,NA
BM,1984,214,1984-08-01,1,6.2,5.6,932,1140,19.6,SE,5,3,99,NA
BM,1984,226,1984-08-13,1,5.3,4.9,950,1230,22.2,SW,8,8,20,NA
BM,1984,248,1984-09-04,1,NA,NA,1334,1545,16.2,N,3,1,85,NA
BM,1984,269,1984-09-25,1,5,4.5,1521,1815,5.8,W,10,12,95,NA
BM,1984,289,1984-10-15,1,5.4,4.7,1000,1230,14.5,NW,8,10,99,NA
BM,1984,310,1984-11-05,1,NA,4.1,909,1118,-0.5,NW,9,6,99,NA
BM,1985,9,1985-01-09,1,NA,6.3,1200,1411,-11.2,NA,0,NA,99,1
BM,1985,57,1985-02-26,1,NA,9,950,1152,-1.1,W,5,NA,99,1
BM,1985,86,1985-03-27,1,NA,10,945,1143,5,SW,10,NA,99,1
BM,1985,101,1985-04-11,1,NA,NA,1430,1530,NA,SW,2,NA,30,1
BM,1985,121,1985-05-01,1,6.1,5.6,945,1220,11,SE,1,5,99,NA
BM,1985,134,1985-05-14,1,6.7,4.6,920,1147,10,E,5,15,99,NA
BM,1985,150,1985-05-30,1,10.1,8.6,1918,1133,14.5,W,1,1,99,NA
BM,1985,164,1985-06-13,1,8.5,6.6,943,1204,14.5,W,3,8,30,NA
BM,1985,177,1985-06-26,1,6.9,5.4,1252,1425,21,SW,8,4,85,NA
BM,1985,190,1985-07-09,1,6.3,5.6,947,1220,23,NNW,4,3,77,NA
BM,1985,206,1985-07-25,1,7.9,6,NA,NA,19,NW,8,4,55,NA
BM,1985,220,1985-08-08,1,6.9,5,1030,1237,26,SE,13,22,95,NA
BM,1985,233,1985-08-21,1,8.3,7.9,1257,1521,24,NA,0,0,55,NA
BM,1985,254,1985-09-11,1,8.3,7,1325,1503,20,E,3,10,55,NA
BM,1985,276,1985-10-03,1,7.4,6.3,910,1120,13,SE,3,14,75,NA
BM,1985,298,1985-10-25,1,7.4,7.4,847,1036,5.5,S,2,3,0,NA
BM,1985,317,1985-11-13,1,9.2,6.5,855,1030,0.5,W,4,5,99,NA
BM,1986,8,1986-01-08,1,NA,7.7,1045,1300,-11.3,SW,11,NA,90,1
BM,1986,57,1986-02-26,1,NA,6.2,1303,1445,-2,NW,8,NA,99,1
BM,1986,91,1986-04-01,1,NA,10,930,1130,6,N,18,NA,0,1
BM,1986,113,1986-04-23,1,4.6,3.8,906,1048,11,S,11,18,95,NA
BM,1986,128,1986-05-08,1,5.3,4.3,950,1115,10,NE,8,8,90,NA
BM,1986,139,1986-05-19,1,9.8,8.3,930,1200,NA,N,13,15,40,NA
BM,1986,155,1986-06-04,1,10.1,7.1,1410,1610,18,NNE,8,5,99,NA
BM,1986,169,1986-06-18,1,7.8,7.7,910,1200,21,E,2,1,70,NA
BM,1986,182,1986-07-01,1,NA,5.9,910,NA,NA,E,10,5,95,NA
BM,1986,197,1986-07-16,1,7.3,5.5,930,1140,21,E,10,5,99,NA
BM,1986,211,1986-07-30,1,8.2,6.1,1310,1430,NA,S,3,2,99,NA
BM,1986,224,1986-08-12,1,8.9,7.4,905,1125,22,S,3,1,0,NA
BM,1986,237,1986-08-25,1,6.9,5.7,1355,1509,21.5,S,18,30,50,NA
BM,1986,253,1986-09-10,1,5.8,5.4,840,1055,16,NE,8,5,99,NA
BM,1986,266,1986-09-23,1,8,6.8,859,1040,16,S,13,10,0,NA
BM,1986,280,1986-10-07,1,7,5.5,1400,1642,16,S,18,50,80,NA
BM,1986,294,1986-10-21,1,9.3,7.7,1255,1430,16.2,SW,8,10,0,NA
BM,1986,309,1986-11-05,1,10.3,6.8,950,1122,-2.5,SW,10,15,99,NA
BM,1987,12,1987-01-12,1,NA,8.4,929,1104,-1.5,SSW,3,NA,0,1
BM,1987,56,1987-02-25,1,NA,6.8,1256,1500,4,SE,10,NA,99,1
BM,1987,83,1987-03-24,1,NA,8,1300,1445,15,SE,8,NA,0,1
BM,1987,106,1987-04-16,1,4.1,4,930,1115,10,S,1,0,99,NA
BM,1987,126,1987-05-06,1,6.4,5.8,859,1011,15.2,NW,8,6,0,NA
BM,1987,141,1987-05-21,1,14.4,10.4,924,1222,NA,SW,7,4,80,NA
BM,1987,153,1987-06-02,1,10.9,7.5,1318,1456,NA,W,13,15,15,NA
BM,1987,162,1987-06-11,1,9,6.4,1120,1239,NA,S,8,8,99,NA
BM,1987,181,1987-06-30,1,9,7.7,1321,1435,NA,NW,9,4,80,NA
BM,1987,195,1987-07-14,1,7.5,6.2,921,1055,NA,N,9,3,95,NA
BM,1987,209,1987-07-28,1,7,5.9,1234,1344,NA,NA,0,0,90,NA
BM,1987,223,1987-08-11,1,8,6.1,1423,1622,NA,S,18,14,40,NA
BM,1987,236,1987-08-24,1,7.5,6,932,1058,NA,W,12,12,2,NA
BM,1987,252,1987-09-09,1,7.3,6.2,1427,1604,NA,SW,8,10,60,NA
BM,1987,266,1987-09-23,1,7,5.9,858,1019,NA,W,18,20,0,NA
BM,1987,279,1987-10-06,1,6.1,4.8,1422,1700,NA,N,13,15,99,NA
BM,1987,294,1987-10-21,1,5.6,4.5,1409,1622,NA,NW,7,7,90,NA
BM,1987,308,1987-11-04,1,5.8,4.8,914,1115,NA,SW,14,15,99,NA
BM,1987,320,1987-11-16,1,7.7,5.7,1345,1515,NA,S,10,8,99,NA
BM,1988,12,1988-01-12,1,7.4,4,1240,1450,NA,NW,23,NA,99,1
BM,1988,61,1988-03-01,1,7.4,4.6,945,1210,-5,SE,13,NA,99,1
BM,1988,97,1988-04-06,1,7.4,6.9,930,1105,7,ENE,10,NA,20,1
BM,1988,116,1988-04-25,1,4,3.8,1355,1610,11,WNW,8,25,20,NA
BM,1988,132,1988-05-11,1,6.4,5.1,1312,1440,13,S,13,20,60,NA
BM,1988,146,1988-05-25,1,11.2,10.7,1243,1530,17,NW,5,7,0,NA
BM,1988,161,1988-06-09,1,9.9,7.8,1103,1255,17,N,13,8,15,NA
BM,1988,174,1988-06-22,1,10.4,7.6,1259,1535,23,NW,13,10,35,NA
BM,1988,187,1988-07-05,1,8.2,6.4,1317,1454,32,SE,10,7,5,NA
BM,1988,202,1988-07-20,1,7.4,6.6,943,1154,26,W,3,4,20,NA
BM,1988,217,1988-08-04,1,6.5,5.9,949,1120,23,E,6,3,99,NA
BM,1988,231,1988-08-18,1,8.7,6.7,920,1106,18,N,10,7,99,NA
BM,1988,243,1988-08-30,1,6.4,6.2,938,1120,20,NE,6,3,15,NA
BM,1988,256,1988-09-12,1,5.4,4.5,908,1103,21,S,10,8,25,NA
BM,1988,271,1988-09-27,1,5.2,4.2,955,1131,13,W,15,10,80,NA
BM,1988,287,1988-10-13,1,5.3,5,921,1121,6,S,15,20,5,NA
BM,1988,298,1988-10-24,1,6,4.7,1322,1501,1,W,20,20,99,NA
BM,1988,312,1988-11-07,1,8.2,7.7,1417,1536,1,-,0,0,99,NA
BM,1989,17,1989-01-17,1,9.7,6.5,940,1110,-4,SE,2,NA,100,1
BM,1989,59,1989-02-28,1,6.3,5,1000,1137,-8,SW,15,NA,100,1
BM,1989,90,1989-03-31,1,12.7,11.3,950,1120,-2,N,13,NA,100,1
BM,1989,122,1989-05-02,1,4.6,5.1,1357,1600,13,W,13,10,90,NA
BM,1989,135,1989-05-15,1,7.2,6.9,902,1042,12,NNE,2,1,45,NA
BM,1989,151,1989-05-31,1,10.7,9,1338,1545,17,NW,3,2,100,NA
BM,1989,163,1989-06-12,1,11.5,8.9,1320,1515,14.5,SE,13,8,100,NA
BM,1989,178,1989-06-27,1,10.1,8.6,1253,1435,23.5,W,15,18,2,NA
BM,1989,191,1989-07-10,1,8.6,7.8,1236,1418,28,NA,0,3,5,NA
BM,1989,206,1989-07-25,1,9.1,6.3,1239,1438,27,W,3,4,60,NA
BM,1989,222,1989-08-10,1,8.6,6.5,943,1117,25,SW,3,3,0,NA
BM,1989,234,1989-08-22,1,8.5,6.4,842,1025,21,NW,8,8,100,NA
BM,1989,250,1989-09-07,1,7.5,5.6,1346,1516,22.5,W,10,20,100,NA
BM,1989,263,1989-09-20,1,7.4,5.9,1238,1412,23,S,10,15,70,NA
BM,1989,276,1989-10-03,1,6.9,5.2,928,1057,5.5,NW,15,20,60,NA
BM,1989,290,1989-10-17,1,5.7,4.3,854,1022,4,NE,10,20,100,NA
BM,1989,305,1989-11-01,1,6.1,4.7,1219,1406,3.5,NW,6,10,100,NA
BM,1989,318,1989-11-14,1,7.9,5.5,1234,1415,2.5,N,8,9,100,NA
BM,1990,23,1990-01-23,1,8.9,5.2,1000,1140,-2,N,13,NA,100,1
BM,1990,51,1990-02-20,1,8.3,5.4,1000,1200,-2,S,18,NA,2,1
BM,1990,88,1990-03-29,1,7.4,6.1,920,1040,7,S,7,NA,25,1
BM,1990,121,1990-05-01,1,4.1,3.9,1247,1445,NA,SW,15,18,97,NA
BM,1990,134,1990-05-14,1,9.3,6.7,1231,1408,11,E,5,2,100,NA
BM,1990,151,1990-05-31,1,9.4,8.7,1320,1519,23.5,WSW,9,4,25,NA
BM,1990,164,1990-06-13,1,9.6,7.2,1209,1350,24,SW,18,13,50,NA
BM,1990,177,1990-06-26,1,8.3,7.9,855,1045,23.5,NW,13,3,20,NA
BM,1990,190,1990-07-09,1,6.7,5.9,855,1020,23,NW,13,6,50,NA
BM,1990,207,1990-07-26,1,9.2,6.4,848,1033,23,SW,18,7,70,NA
BM,1990,218,1990-08-06,1,8.2,6.5,1120,1246,23,NW,18,9,20,NA
BM,1990,233,1990-08-21,1,7.2,6.9,843,1030,23,N,8,3,40,NA
BM,1990,248,1990-09-05,1,5.7,4.8,1234,1417,24,SW,8,4,75,NA
BM,1990,263,1990-09-20,1,5.5,4.8,906,1055,16,E,8,3,60,NA
BM,1990,274,1990-10-01,1,5.5,5,1204,1407,15.5,SW,23,23,20,NA
BM,1990,292,1990-10-19,1,5.8,4.7,849,1100,4,E,13,2,95,NA
BM,1990,302,1990-10-29,1,7.4,6.5,1202,1404,14,S,10,4,5,NA
BM,1990,318,1990-11-14,1,8.1,7.3,1333,1540,13.5,S,15,9,40,NA
BM,1991,14,1991-01-14,1,10.6,8.7,1330,1507,-2.5,W,3,NA,100,1
BM,1991,52,1991-02-21,1,11.8,6.7,950,1115,6,S,3,NA,50,1
BM,1991,85,1991-03-26,1,14.9,12.7,925,1215,8,NA,0,NA,0,1
BM,1991,126,1991-05-06,1,5.3,4.6,930,1230,4,SW,10,15,100,NA
BM,1991,140,1991-05-20,1,8.2,7,1325,1526,24,S,3,7,10,NA
BM,1991,156,1991-06-05,1,12.3,9.7,1252,1454,27,E,8,6,50,NA
BM,1991,168,1991-06-17,1,11.8,9.5,1246,1508,31,S,8,4,45,NA
BM,1991,182,1991-07-01,1,9.2,7.7,1303,1450,19,E,8,5,100,NA
BM,1991,196,1991-07-15,1,8.1,7.3,829,1026,22,S,15,15,0,NA
BM,1991,210,1991-07-29,1,6.6,5.6,1154,1350,18,NE,12,7,100,NA
BM,1991,226,1991-08-14,1,7.2,6.9,851,952,26,NA,0,0,0,NA
BM,1991,239,1991-08-27,1,7,5.7,1157,1334,27,S,12,12,0,NA
BM,1991,252,1991-09-09,1,6.7,5.4,847,1021,21,S,7,5,100,NA
BM,1991,267,1991-09-24,1,5,5,1107,1326,16,S,2,0,50,NA
BM,1991,280,1991-10-07,1,5.8,5.2,900,1110,8,W,7,2,10,NA
BM,1991,302,1991-10-29,1,5.5,4.8,1330,1530,13,S,5,5,100,NA
BM,1992,13,1992-01-13,1,NA,5.9,NA,1212,-7,NW,5,NA,100,1
BM,1992,56,1992-02-25,1,4.8,4.3,1410,1600,-2,W,5,NA,100,1
BM,1992,87,1992-03-27,1,4.6,4.3,955,1145,1,N,15,NA,0,1
BM,1992,126,1992-05-05,1,5.3,4.9,1410,1625,17,N,4,7,0,NA
BM,1992,141,1992-05-20,1,7.4,7.2,915,1111,24,S,2,3,0,NA
BM,1992,155,1992-06-03,1,14.5,13.6,1515,1730,23,SW,4,7,75,NA
BM,1992,170,1992-06-18,1,8.7,8.2,1200,1331,16,NW,4,9,100,NA
BM,1992,190,1992-07-08,1,7.8,7.8,1125,1305,20,S,4,7,100,NA
BM,1992,196,1992-07-14,1,6.8,5.8,1145,1305,23,SSE,2,2,50,NA
BM,1992,212,1992-07-30,1,6.8,6.3,1300,1447,23,SW,1,0,55,NA
BM,1992,225,1992-08-12,1,6.6,5.4,955,1157,17,N,13,8,75,NA
BM,1992,238,1992-08-25,1,5.7,4.9,1520,1730,14,N,15,8,100,NA
BM,1992,253,1992-09-09,1,4.7,4.5,1415,1555,16.5,N,8,12,100,NA
BM,1992,267,1992-09-23,1,5.2,4,940,1140,12.5,W,15,10,15,NA
BM,1992,281,1992-10-07,1,5.3,5.4,948,1140,12,N,2,2,100,NA
BM,1992,293,1992-10-19,1,4.8,4.6,937,1205,3.5,SW,10,20,5,NA
BM,1992,316,1992-11-11,1,6.5,5.6,912,1120,6,S,13,15,0,NA
BM,1993,6,1993-01-06,1,7.9,7.4,1215,1415,-14,S,8,NA,2,1
BM,1993,53,1993-02-22,1,9,5.3,915,1250,-5,N,10,NA,NA,1
BM,1993,83,1993-03-24,1,10.9,7.5,1040,1230,14,N,1,NA,0,1
BM,1993,125,1993-05-05,1,6.2,5.9,1355,1609,22.5,S,10,7,10,NA
BM,1993,138,1993-05-18,1,4.4,3.8,1415,1628,14.5,NE,17,30,35,NA
BM,1993,153,1993-06-02,1,8.7,8.4,1445,1615,18.5,NE,10,20,40,NA
BM,1993,166,1993-06-15,1,9.7,7.5,945,1215,16,NW,17,10,100,NA
BM,1993,179,1993-06-28,1,7.4,5.9,1438,1756,22.8,W,6,8,80,NA
BM,1993,195,1993-07-14,1,7.5,6.5,1400,1615,26.6,NW,7,6,60,NA
BM,1993,209,1993-07-28,1,7.2,5.2,1506,1810,23.6,W,28,25,90,NA
BM,1993,224,1993-08-12,1,6.8,5.6,1017,1207,26,SW,6,7,80,NA
BM,1993,238,1993-08-26,1,6.2,4.9,1334,1600,33,SW,6,10,70,NA
BM,1993,251,1993-09-08,1,5.8,4.7,1350,1559,19.9,SW,17,30,95,NA
BM,1993,264,1993-09-21,1,6.2,4.7,948,1258,13.5,SE,2,2,100,NA
BM,1993,277,1993-10-04,1,4.6,4.5,916,1111,8,W,20,30,60,NA
BM,1993,292,1993-10-19,1,5.7,5,1503,1707,14,SW,5,3,15,NA
BM,1993,314,1993-11-10,1,5.7,4.5,1416,1608,1,SW,5,3,40,NA
BM,1994,11,1994-01-11,1,NA,6.1,1300,1510,-13.5,SE,0,NA,10,1
BM,1994,55,1994-02-24,1,NA,9.5,1300,1440,-7,N,5,NA,20,1
BM,1994,89,1994-03-30,1,NA,2.3,930,1100,1,SW,10,NA,50,1
BM,1994,126,1994-05-06,1,5.9,4.5,1030,1225,12.5,N,5,5,5,NA
BM,1994,136,1994-05-16,1,8.8,6.4,1243,1356,14,NW,7,4,30,NA
BM,1994,152,1994-06-01,1,9.9,3.4,917,1150,11,NW,20,6,10,NA
BM,1994,164,1994-06-13,1,12.1,10.8,1315,1530,26,S,1,1,55,NA
BM,1994,180,1994-06-29,1,8.6,5.5,852,1055,19.5,NW,18,8,100,NA
BM,1994,194,1994-07-13,1,7.5,6.4,1325,1536,17,E,8,7,99,NA
BM,1994,206,1994-07-25,1,6.9,3.7,845,1117,19.5,NW,13,8,75,NA
BM,1994,222,1994-08-10,1,6.2,5.4,1153,1325,14,W,8,4,100,NA
BM,1994,238,1994-08-26,1,NA,NA,1030,1255,25,NW,2,2,80,NA
BM,1994,249,1994-09-06,1,4.3,4.3,1430,1615,20,W,15,10,30,NA
BM,1994,262,1994-09-19,1,5.9,5.2,941,1245,26,SSW,5,5,5,NA
BM,1994,278,1994-10-05,1,5.6,4.3,1025,1200,12,SSW,10,14,75,NA
BM,1994,291,1994-10-18,1,5.7,5.2,915,1120,16,WSW,13,8,100,NA
BM,1994,307,1994-11-03,1,7.5,6.5,900,1115,8,NE,10,8,100,NA
BM,1994,318,1994-11-14,1,9.7,6.1,900,1120,6,W,18,25,90,NA
BM,1995,11,1995-01-11,1,NA,5.9,930,1145,-2,E,13,NA,100,1
BM,1995,52,1995-02-21,1,NA,5.4,1300,1515,-4,SE,5,NA,100,1
BM,1995,82,1995-03-23,1,NA,14.5,930,1130,3,NE,6,NA,10,1
BM,1995,123,1995-05-03,1,6.1,5.7,915,1115,14,SW,5,3,50,NA
BM,1995,136,1995-05-16,1,6.3,5.8,1341,1613,21.5,E,20,25,60,NA
BM,1995,150,1995-05-30,1,8.8,6.1,1000,1310,23,SW,10,15,5,NA
BM,1995,164,1995-06-13,1,12.4,11.1,830,1036,25,NW,8,7,20,NA
BM,1995,177,1995-06-26,1,8.4,6.8,803,1040,24,NE,10,12,95,NA
BM,1995,191,1995-07-10,1,7.3,6.2,1205,1357,29,NW,5,5,20,NA
BM,1995,206,1995-07-25,1,6.8,6.6,858,1115,26,N,4,5,85,NA
BM,1995,220,1995-08-08,1,5.9,5.3,1254,1410,24,W,9,18,10,NA
BM,1995,235,1995-08-23,1,6.3,6,1347,1552,27,SW,9,13,5,NA
BM,1995,250,1995-09-07,1,6.4,5.1,1226,1404,15,N,30,25,30,NA
BM,1995,263,1995-09-20,1,6.3,5.8,849,1128,9,NW,8,5,90,NA
BM,1995,276,1995-10-03,1,8,7.3,855,1036,11,S,10,5,100,NA
BM,1995,289,1995-10-16,1,4,4,849,1110,8,N,5,5,0,NA
BM,1995,303,1995-10-30,1,3.4,3.4,900,1055,5,NE,8,4,60,NA
BM,1995,352,1995-12-18,1,NA,6.6,1100,1240,0,N,13,NA,100,1
BM,1996,38,1996-02-07,1,NA,6.1,1135,1300,5,S,8,NA,5,1
BM,1996,54,1996-02-23,1,NA,6.3,1015,1200,3,E,10,NA,100,1
BM,1996,100,1996-04-09,1,NA,4.2,1115,1255,6,N,8,NA,2,1
BM,1996,136,1996-05-15,1,4.7,4.5,945,1200,9,S,5,5,100,NA
BM,1996,149,1996-05-28,1,3.3,3.4,1045,1305,21,N,8,10,2,NA
BM,1996,162,1996-06-10,1,4.8,5.4,1505,1815,23,SW,1,0,60,NA
BM,1996,177,1996-06-25,1,6.3,6.4,900,1130,21,W,5,10,60,NA
BM,1996,192,1996-07-10,1,7.4,6.6,1355,1650,22,W,10,20,2,NA
BM,1996,205,1996-07-23,1,6.6,6.9,1300,1515,23,S,18,45,85,NA
BM,1996,219,1996-08-06,1,6.2,6,1345,1620,29,W,5,35,20,NA
BM,1996,234,1996-08-21,1,6.2,5.2,1400,1606,26,S,11,5,50,NA
BM,1996,247,1996-09-03,1,5.4,5.1,1405,1705,27,S,2,1,30,NA
BM,1996,261,1996-09-17,1,5.5,5.1,1245,1433,17,N,5,5,40,NA
BM,1996,276,1996-10-02,1,5.1,3.2,1235,1455,4,NW,28,23,95,NA
BM,1996,288,1996-10-14,1,5.1,4.1,1310,1500,10,W,11,5,80,NA
BM,1996,311,1996-11-06,1,6.7,5.4,1345,1530,7.5,S,11,6,100,NA
BM,1997,15,1997-01-15,1,NA,6.2,1130,1300,-9,SSW,15,NA,100,1
BM,1997,51,1997-02-20,1,NA,7.6,1205,1350,2,S,8,NA,100,1
BM,1997,92,1997-04-02,1,NA,10.6,1150,1330,11.5,W,23,NA,60,1
BM,1997,126,1997-05-06,1,4.8,4.6,1350,1531,12,W,15,10,1,NA
BM,1997,141,1997-05-21,1,5.6,4.9,945,1055,NA,NW,13,10,30,NA
BM,1997,153,1997-06-02,1,7.9,8.9,915,1125,26,NE,8,8,20,NA
BM,1997,168,1997-06-17,1,12.1,10.7,910,1110,18.5,SW,8,15,20,NA
BM,1997,181,1997-06-30,1,9,7.8,920,1130,24,SW,3,2,98,NA
BM,1997,195,1997-07-14,1,7.8,6.3,1018,1150,26,SW,13,10,75,NA
BM,1997,211,1997-07-30,1,7.7,7.3,1355,1533,24.5,W,8,5,0,NA
BM,1997,225,1997-08-13,1,8,7.1,1220,1320,19,NW,18,20,25,NA
BM,1997,239,1997-08-27,1,7.8,6.9,1313,1525,22,NW,10,6,2,NA
BM,1997,253,1997-09-10,1,6.2,5.1,1338,1505,19,N,8,11,70,NA
BM,1997,265,1997-09-22,1,5.8,4.4,1347,1553,17,SSE,13,14,100,NA
BM,1997,283,1997-10-10,1,4.9,4.1,1343,1500,16,S,8,5,5,NA
BM,1997,295,1997-10-22,1,4.5,3.2,909,1035,1,NW,5,7,100,NA
BM,1997,316,1997-11-12,1,5.4,3.6,1000,1237,-2,NNW,13,9,90,NA
BM,1998,15,1998-01-15,1,NA,6,1100,1225,-6,SE,5,NA,25,1
BM,1998,50,1998-02-19,1,NA,10.7,1410,1545,4,N,8,NA,20,1
BM,1998,78,1998-03-19,1,NA,6.5,1042,1215,-1,E,18,NA,5,1
BM,1998,113,1998-04-23,1,6.8,6.1,1042,1222,21,SW,8,6,30,NA
BM,1998,124,1998-05-04,1,10.4,9.8,958,1121,18,S,3,3,20,NA
BM,1998,138,1998-05-18,1,8.7,5.9,1040,1300,25,S,8,10,35,NA
BM,1998,153,1998-06-02,1,8.1,6.4,945,1125,11,N,18,13,100,NA
BM,1998,169,1998-06-18,1,6.1,5.2,855,1050,24,E,15,13,99,NA
BM,1998,181,1998-06-30,1,6.2,6.1,850,1110,21,N,11,5,100,NA
BM,1998,194,1998-07-13,1,7.1,7.1,850,1140,26,W,12,15,35,NA
BM,1998,209,1998-07-28,1,6.6,5.4,1545,1735,24,W,15,20,40,NA
BM,1998,223,1998-08-11,1,6.1,6.5,1320,1540,27,N,8,4,25,NA
BM,1998,236,1998-08-24,1,6.8,6.4,845,1000,22,SW,10,10,70,NA
BM,1998,251,1998-09-08,1,6.6,4.9,950,1218,15.9,NE,10,8,97,NA
BM,1998,264,1998-09-21,1,5.6,4.6,1415,1550,15,N,8,7,97,NA
BM,1998,278,1998-10-05,1,4.8,4,1245,1430,12,E,25,20,100,NA
BM,1998,293,1998-10-20,1,4.3,4.1,1415,1520,5.6,W,10,8,95,NA
BM,1998,306,1998-11-02,1,4.1,4.1,1020,1210,7,NE,13,10,5,NA
BM,1999,15,1999-01-15,1,NA,6.7,1225,1410,-10,E,13,NA,100,1
BM,1999,55,1999-02-24,1,NA,6.4,1025,1205,-3.3,E,10,NA,100,1
BM,1999,83,1999-03-24,1,NA,9.7,1305,1427,-1.6,NW,10,NA,2,1
BM,1999,123,1999-05-03,1,3.7,2.8,1045,1330,20.3,S,20,18,40,NA
BM,1999,138,1999-05-18,1,8.2,7.9,937,1124,16.1,N,8,8,100,NA
BM,1999,152,1999-06-01,1,7.3,7.2,1100,1358,18,N,5,2,100,NA
BM,1999,166,1999-06-15,1,6.4,6.2,927,1126,21.2,W,8,6,60,NA
BM,1999,179,1999-06-28,1,6.8,6.7,932,1207,21.1,NE,8,4,99,NA
BM,1999,194,1999-07-13,1,5.1,5,1230,1406,20.3,E,18,8,90,NA
BM,1999,208,1999-07-27,1,7.4,7,1454,1730,23.6,E,13,7,50,NA
BM,1999,224,1999-08-12,1,5.1,5,1005,1131,20.2,W,8,4,100,NA
BM,1999,239,1999-08-27,1,6,6,925,1213,27.1,N,3,3,100,NA
BM,1999,250,1999-09-07,1,6,5.9,928,1048,20.7,NW,13,5,45,NA
BM,1999,266,1999-09-23,1,5.4,5.1,1439,1647,14.8,NW,15,6,70,NA
BM,1999,277,1999-10-04,1,4.5,4.5,1319,1441,8.2,N,18,7,75,NA
BM,1999,294,1999-10-21,1,4.3,4.2,1333,1535,13.6,SW,18,10,99,NA
BM,1999,315,1999-11-11,1,4.5,4.2,1252,1504,1.9,N,15,6,100,NA
BM,2000,24,2000-01-24,1,NA,5.5,1200,1330,-9,S,13,NA,70,1
BM,2000,54,2000-02-23,1,NA,7,1235,1352,1,NA,0,NA,100,1
BM,2000,96,2000-04-05,1,7,5.6,1000,1137,7.4,S,5,8,80,NA
BM,2000,109,2000-04-18,1,4.9,4.2,1050,1215,5.5,SW,13,10,100,NA
BM,2000,123,2000-05-02,1,8.5,8.4,1320,1450,18.6,SE,2,1,10,NA
BM,2000,136,2000-05-15,1,10.5,8.2,1038,1215,16,SW,5,5,60,NA
BM,2000,151,2000-05-30,1,9.4,8.7,1020,1224,16.5,E,12,4,70,NA
BM,2000,167,2000-06-15,1,7.7,5.3,1005,1155,20.6,W,22,20,65,NA
BM,2000,178,2000-06-26,1,6.4,5.8,918,1245,16,W,16,4,85,NA
BM,2000,192,2000-07-10,1,6.2,5.8,1400,1510,26,W,8,5,50,NA
BM,2000,206,2000-07-24,1,7.1,5.7,1430,1645,25.3,SW,10,8,50,NA
BM,2000,220,2000-08-07,1,6.6,5.5,1341,1505,24.7,W,8,5,65,NA
BM,2000,237,2000-08-24,1,7.4,6.8,1008,1200,22.1,NA,0,1,0,NA
BM,2000,251,2000-09-07,1,4.7,3.3,1112,1228,17.9,N,9,11,100,NA
BM,2000,264,2000-09-20,1,5.1,3.8,1356,1533,15.2,NE,6,11,100,NA
BM,2000,277,2000-10-03,1,6,5.5,1028,1140,13.6,NE,5,6,50,NA
BM,2000,290,2000-10-16,1,6.2,6.3,1022,1220,11.7,NA,0,0,70,NA
BM,2000,306,2000-11-01,1,6.1,5.3,1328,1445,16.5,WNW,15,6,60,NA
BM,2000,319,2000-11-14,1,8.3,5.1,1039,1240,0.6,NNW,13,7,100,NA
BM,2001,18,2001-01-18,1,NA,11.3,1220,1415,-4,S,5,NA,100,1
BM,2001,54,2001-02-23,1,NA,7.8,1145,1315,-9,NA,0,NA,2,1
BM,2001,96,2001-04-06,1,10.6,NA,1240,1345,5,N,5,NA,98,1
BM,2001,124,2001-05-04,1,5.1,4.6,1140,1345,15.3,NNW,8,5,70,NA
BM,2001,135,2001-05-15,1,9,7.4,1335,1535,25.9,S,6,8,2,NA
BM,2001,151,2001-05-31,1,9.8,9.3,930,1135,21.2,W,2,1,0,NA
BM,2001,163,2001-06-12,1,8.5,8.3,1330,1530,31.5,SW,5,2,65,NA
BM,2001,178,2001-06-27,1,7.2,6.9,930,1140,28.7,S,4,3,40,NA
BM,2001,191,2001-07-10,1,8.6,6.9,1220,1415,22,NW,13,7,50,NA
BM,2001,206,2001-07-25,1,7.8,7.2,950,1145,20.2,NW,8,3,30,NA
BM,2001,219,2001-08-07,1,8.3,8.3,915,1130,31,NA,0,0,1,NA
BM,2001,233,2001-08-21,1,6.1,5.6,945,1130,25,S,9,12,20,NA
BM,2001,247,2001-09-04,1,5.3,5.1,940,1130,24,NA,0,0,1,NA
BM,2001,260,2001-09-17,1,3.4,2.8,1410,1552,21,SE,1,1,100,NA
BM,2001,274,2001-10-01,1,5.8,5.3,1250,1352,20,SSW,7,5,1,NA
BM,2001,289,2001-10-16,1,4,4.3,1342,1522,5.4,NW,7,10,75,NA
BM,2001,304,2001-10-31,1,4.1,3.8,1316,1428,14.5,S,8,10,100,NA
BM,2001,316,2001-11-12,1,5.8,5.1,940,1207,7.5,E,2,3,1,NA
BM,2002,22,2002-01-22,1,NA,NA,1005,1130,0,S,5,NA,20,1
BM,2002,57,2002-02-26,1,NA,4.8,1035,1235,-8,N,20,NA,100,1
BM,2002,106,2002-04-16,1,NA,14.2,1135,1245,22,SE,6,NA,5,1
BM,2002,114,2002-04-24,1,7.9,7,1030,1145,11.7,S,7,7,100,NA
BM,2002,126,2002-05-06,1,6.2,5.8,1408,1538,11,NA,0,0,100,NA
BM,2002,140,2002-05-20,1,7.2,6.4,1323,1505,17,N,8,1,35,NA
BM,2002,154,2002-06-03,1,9.9,8,850,1055,11,E,7,10,100,NA
BM,2002,169,2002-06-18,1,9.4,8.1,1215,1425,21,E,20,10,30,NA
BM,2002,184,2002-07-03,1,8.8,7.9,1300,1440,27,SW,6,5,5,NA
BM,2002,196,2002-07-15,1,6.4,6.1,900,1045,31,W,8,10,0,NA
BM,2002,211,2002-07-30,1,8.8,8.7,1340,1515,31.4,SW,5,5,5,NA
BM,2002,224,2002-08-12,1,6.4,5.7,945,1215,23,S,10,30,70,NA
BM,2002,240,2002-08-28,1,6.1,5.9,840,945,18,SSE,2,3,100,NA
BM,2002,252,2002-09-09,1,5.6,5.4,1047,1250,31,SW,7,8,0,NA
BM,2002,266,2002-09-23,1,4.8,4.5,900,1025,9.1,SE,4,0,100,NA
BM,2002,280,2002-10-07,1,4.6,4,1405,1620,8.4,SSW,6,10,95,NA
BM,2002,294,2002-10-21,1,5.7,4,1240,1405,0.5,N,8,20,100,NA
BM,2002,309,2002-11-05,1,6.3,6.2,1430,1620,2,SSE,6,1,100,NA
BM,2003,30,2003-01-30,1,NA,5.3,935,1050,NA,SW,7,NA,100,1
BM,2003,52,2003-02-21,1,NA,8.2,1115,1255,NA,NW,7,NA,100,1
BM,2003,91,2003-04-01,1,NA,8.2,1010,1140,7.5,NA,0,NA,100,1
BM,2003,120,2003-04-30,1,7.3,7.3,1435,1700,19,NA,0,0,50,NA
BM,2003,135,2003-05-15,1,4.4,3,935,1053,22,NE,3,7,30,NA
BM,2003,150,2003-05-30,1,7.9,6.3,1535,1725,15,N,15,15,100,NA
BM,2003,160,2003-06-09,1,9.7,8.6,1015,1232,20,SW,4,2,99,NA
BM,2003,176,2003-06-25,1,7.9,5.8,1315,1500,29,WNW,9,10,90,NA
BM,2003,190,2003-07-09,1,8.4,7.2,852,1009,24,NA,0,3,100,NA
BM,2003,204,2003-07-23,1,7.3,6,1409,1555,28,NE,7,6,50,NA
BM,2003,218,2003-08-06,1,6.4,6.3,849,947,28,N,5,3,78,NA
BM,2003,231,2003-08-19,1,5.6,5,1440,NA,30,S,4,8,100,NA
BM,2003,245,2003-09-02,1,5.8,4.6,955,1140,25,S,7,8,5,NA
BM,2003,260,2003-09-17,1,6.4,6,915,1145,21,SW,8,8,5,NA
BM,2003,275,2003-10-02,1,6.3,6.3,905,1105,4.1,WSW,9,5,15,NA
BM,2003,286,2003-10-13,1,6.3,6.2,1315,1520,16.1,SW,7,6,75,NA
BM,2003,302,2003-10-29,1,6.4,5.6,847,1040,4,WNW,6,4,100,NA
BM,2003,314,2003-11-10,1,7.5,7.1,942,1212,1.5,SE,6,3,100,NA
BM,2004,26,2004-01-26,1,NA,9.1,915,1055,NA,NE,8,NA,100,1
BM,2004,62,2004-03-02,1,NA,8,1125,1310,2,SW,1,NA,100,1
BM,2004,96,2004-04-05,1,NA,11.8,1250,1320,5,SE,7,NA,5,1
BM,2004,120,2004-04-29,1,4.4,4.2,1400,1510,6,N,7,4,100,NA
BM,2004,132,2004-05-11,1,3.5,3.3,1403,1510,18.5,E,10,8,70,NA
BM,2004,146,2004-05-25,1,6.9,6.2,1020,1215,12,SW,9,10,100,NA
BM,2004,160,2004-06-08,1,8.3,7.6,1310,1500,26,WSW,7,5,100,NA
BM,2004,174,2004-06-22,1,7.8,7.6,925,1210,18,WSW,9,7,85,NA
BM,2004,189,2004-07-07,1,5.2,4.6,1300,1440,13.5,WNW,7,7,100,NA
BM,2004,201,2004-07-19,1,7.2,6.9,925,1130,24,WSW,7,11,20,NA
BM,2004,216,2004-08-03,1,7.2,7,845,1035,24,SSE,4,4,20,NA
BM,2004,230,2004-08-17,1,5.8,5.4,1015,1230,23,WSW,2,6,95,NA
BM,2004,243,2004-08-30,1,5.3,4.9,1029,1125,18.5,SE,9,15,50,NA
BM,2004,257,2004-09-13,1,6.9,6.4,1428,1625,24,S,8,15,38,NA
BM,2004,272,2004-09-28,1,8,7.4,1142,1330,16,NE,5,3,0,NA
BM,2004,286,2004-10-12,1,5.8,5.2,1242,1436,17,NA,0,0,45,NA
BM,2004,301,2004-10-27,1,8.7,6.6,1211,1356,6.5,SE,5,5,100,NA
BM,2004,313,2004-11-08,1,8.5,7.7,924,1150,2.5,NW,5,6,2,NA
BM,2005,11,2005-01-11,1,NA,10,1045,1212,-7,NA,0,NA,100,1
BM,2005,55,2005-02-24,1,NA,8.5,1150,1335,-4,NA,0,NA,80,1
BM,2005,94,2005-04-04,1,NA,13.2,1215,1455,9,E,12,NA,100,1
BM,2005,112,2005-04-22,1,4.2,3.7,1200,1410,1,N,9,10,100,NA
BM,2005,125,2005-05-05,1,4.1,4,915,1045,11,SW,8,10,100,NA
BM,2005,136,2005-05-16,1,6.3,6.3,1030,1143,12,NA,0,0,70,NA
BM,2005,151,2005-05-31,1,11,10.8,1057,1250,28,NA,0,0,50,NA
BM,2005,165,2005-06-14,1,8.5,7.6,1027,1235,23,S,7,8,60,NA
BM,2005,179,2005-06-28,1,7.8,7.8,1410,1529,34,NA,0,0,75,NA
BM,2005,193,2005-07-12,1,6.4,6.4,954,1208,33,W,3,2,50,NA
BM,2005,207,2005-07-26,1,6,4.9,1323,1440,17,NNW,8,6,99,NA
BM,2005,222,2005-08-10,1,6.1,5.9,858,1058,24,ESE,6,3,10,NA
BM,2005,235,2005-08-23,1,6.3,4.8,927,1038,29,SE,4,2,15,NA
BM,2005,252,2005-09-09,1,6.4,5.5,1016,1155,23,SW,9,12,15,NA
BM,2005,265,2005-09-22,1,5.7,5.2,917,1005,14.5,N,8,10,90,NA
BM,2005,278,2005-10-05,1,5.8,5.1,913,1042,18,SE,5,2,15,NA
BM,2005,290,2005-10-17,1,4.7,4.4,947,1132,10.5,SW,19,20,100,NA
BM,2005,315,2005-11-11,1,6.3,5.8,934,1110,7,S,7,4,45,NA
BM,2006,16,2006-01-16,1,NA,9.2,1030,1220,-2,W,15,NA,100,1
BM,2006,52,2006-02-21,1,8,NA,1200,1340,-4,SW,7,NA,60,1
BM,2006,94,2006-04-04,1,NA,11.8,1115,1240,3,NW,20,NA,20,1
BM,2006,114,2006-04-24,1,5.1,5.1,1010,1136,14,SW,7,5,95,NA
BM,2006,123,2006-05-03,1,7.5,6,1005,1055,14,WNW,16,15,5,NA
BM,2006,139,2006-05-19,1,9.9,7.8,1438,1600,16,NW,8,4,10,NA
BM,2006,150,2006-05-30,1,7.6,6.1,1015,1230,26,NNW,7,4,95,NA
BM,2006,164,2006-06-13,1,7.9,7.7,1400,1600,25,NE,6,2,70,NA
BM,2006,178,2006-06-27,1,5,6.5,1315,1445,26,W,5,5,70,NA
BM,2006,191,2006-07-10,1,5.6,3.8,950,1135,22,NA,0,2,60,NA
BM,2006,206,2006-07-25,1,6.2,4.3,1304,1430,29,W,4,3,70,NA
BM,2006,219,2006-08-07,1,5.7,5,959,1145,20,N,9,8,40,NA
BM,2006,235,2006-08-23,1,6.9,5.4,935,1050,20,NA,0,0,42,NA
BM,2006,248,2006-09-05,1,5.9,5.2,923,1118,24,W,5,3,0,NA
BM,2006,261,2006-09-18,1,5.8,4.8,858,959,12,SW,20,20,98,NA
BM,2006,275,2006-10-02,1,6.1,5.8,1200,1319,23.5,S,4,1,10,NA
BM,2006,289,2006-10-16,1,4.1,3.4,1214,1321,6,SE,7,4,100,NA
BM,2006,305,2006-11-01,1,8,5.1,1240,1434,9,NW,21,50,65,NA
BM,2007,17,2007-01-17,1,NA,4.8,1205,1340,-6,SSE,16,NA,30,1
BM,2007,58,2007-02-27,1,NA,7.9,1140,1320,-1,NA,0,NA,100,1
BM,2007,89,2007-03-30,1,NA,11.7,1120,1245,2,NE,7,NA,100,1
BM,2007,115,2007-04-25,1,9.8,8.3,1030,1220,11,NA,0,0,100,NA
BM,2007,127,2007-05-07,1,6.1,4.8,1445,1550,15,S,3,3,100,NA
BM,2007,142,2007-05-22,1,9.7,4.8,940,1205,15,S,24,5,10,NA
BM,2007,158,2007-06-07,1,9.8,6.2,915,1040,23,S,10,5,40,NA
BM,2007,171,2007-06-20,1,6.9,5.4,1400,1540,22,W,8,10,80,NA
BM,2007,183,2007-07-02,1,6.8,4.8,950,1100,16,S,6,2,100,NA
BM,2007,199,2007-07-18,1,8.2,7.7,1230,1405,24,N,5,1,25,NA
BM,2007,213,2007-08-01,1,7.3,5.8,838,958,25,WSW,14,13,3,NA
BM,2007,227,2007-08-15,1,6.4,6,1240,1400,23,SE,4,2,5,NA
BM,2007,239,2007-08-27,1,6.4,5.7,1230,1340,22,S,8,10,55,NA
BM,2007,254,2007-09-11,1,5.2,3.7,1344,1512,11,W,30,45,100,NA
BM,2007,270,2007-09-27,1,5.8,5.2,924,1020,12,SW,7,6,100,NA
BM,2007,281,2007-10-08,1,5.4,5,924,1041,23,SW,8,5,50,NA
BM,2007,295,2007-10-22,1,5.3,4.9,917,1049,7,NW,8,5,85,NA
BM,2007,313,2007-11-09,1,6.3,5.9,926,1115,2,NW,6,5,100,NA
BM,2008,16,2008-01-16,1,NA,7.7,1055,1230,-5,S,4,NA,100,1
BM,2008,57,2008-02-26,1,NA,7,1105,1256,-8,N,10,NA,98,1
BM,2008,86,2008-03-26,1,NA,7.6,1105,1230,-1,W,16,NA,100,1
BM,2008,130,2008-05-09,1,4.9,4.2,1115,1310,10,W,10,4,50,NA
BM,2008,141,2008-05-20,1,7.1,6.8,NA,1506,12,SW,18,12,50,NA
BM,2008,155,2008-06-03,1,8,6,1043,1240,14,E,9,9,100,NA
BM,2008,175,2008-06-23,1,11.3,10.5,1051,1220,24,NE,6,8,40,NA
BM,2008,183,2008-07-01,1,7,6.5,1057,1422,25,SW,7,30,10,NA
BM,2008,198,2008-07-16,1,4.5,4.5,1339,1454,25,NA,0,1,100,NA
BM,2008,212,2008-07-30,1,7,6.6,941,1120,19,W,8,20,50,NA
BM,2008,228,2008-08-15,1,6.3,6.3,937,1118,20,NA,0,0,0,NA
BM,2008,241,2008-08-28,1,6,4.8,955,1137,18,W,6,7,100,NA
BM,2008,252,2008-09-08,1,6,5.2,939,1046,13,W,6,6,95,NA
BM,2008,266,2008-09-22,1,6.2,4.3,1234,1352,22,SW,15,30,60,NA
BM,2008,280,2008-10-06,1,5,4.5,1346,1440,9.5,SE,15,20,100,NA
BM,2008,295,2008-10-21,1,4,3.6,1233,1346,8.5,NA,0,0,10,NA
BM,2008,312,2008-11-07,1,5.3,5,910,1050,5,SE,5,5,75,NA
BM,2009,21,2009-01-21,1,NA,7.3,1005,1135,-8,SW,6,NA,100,1
BM,2009,55,2009-02-24,1,NA,12.7,1055,1240,-4,S,8,NA,3,1
BM,2009,75,2009-03-16,1,NA,7.9,1240,1420,12,SSW,15,NA,10,1
BM,2009,119,2009-04-29,1,7.1,4.9,1110,1258,11,SE,8,5,100,NA
BM,2009,132,2009-05-12,1,NA,5.7,1430,1545,15,SSW,15,15,75,NA
BM,2009,146,2009-05-26,1,6.5,6.3,1542,1743,11,SE,3,1,100,NA
BM,2009,161,2009-06-10,1,8.4,7.4,948,1124,15,NNE,9,5,100,NA
BM,2009,174,2009-06-23,1,10,9.5,1351,1703,31,SW,5,6,5,NA
BM,2009,188,2009-07-07,1,6.2,5.5,1456,1623,20,N,7,6,25,NA
BM,2009,201,2009-07-20,1,5.5,5,1040,1344,21,SW,5,7,60,NA
BM,2009,216,2009-08-04,1,6.9,6.2,1252,1415,19,NW,14,7,45,NA
BM,2009,229,2009-08-17,1,6.5,6.1,925,1147,22,SW,6,7,5,NA
BM,2009,244,2009-09-01,1,6.1,5.5,1047,1220,21,SW,3,5,0,NA
BM,2009,257,2009-09-14,1,7.3,6.8,937,1148,23,WSW,1,3,0,NA
BM,2009,272,2009-09-29,1,5,3.1,920,1050,6,N,10,8,100,NA
BM,2009,285,2009-10-12,1,4.9,4.7,1336,1536,1,NA,0,1,100,NA
BM,2009,299,2009-10-26,1,5.1,5,1358,1519,5,NA,0,1,100,NA
BM,2009,314,2009-11-10,1,6,6,930,1130,9,NA,0,0,0,NA
BM,2010,18,2010-01-18,1,NA,7.9,1202,1340,-2,SW,7,NA,100,1
BM,2010,43,2010-02-12,1,NA,7.9,1215,1343,-6,NW,5,NA,20,1
BM,2010,103,2010-04-13,1,3.7,3,1117,1250,8,E,18,10,100,NA
BM,2010,123,2010-05-03,1,5.9,4.2,1110,1240,10,S,18,15,100,NA
BM,2010,130,2010-05-10,1,7.1,5.9,1405,1545,15,E,8,8,60,NA
BM,2010,145,2010-05-25,1,9,9.25,946,1140,26,NA,0,0,70,NA
BM,2010,158,2010-06-07,1,7,6.1,1010,1250,18,W,3,1,65,NA
BM,2010,175,2010-06-24,1,7,6.2,911,1030,25.5,SW,8,12,10,NA
BM,2010,190,2010-07-09,1,7.6,7,936,1145,24,W,8,11,70,NA
BM,2010,201,2010-07-20,1,6.9,5.7,1328,1424,24,W,4,5,100,NA
BM,2010,214,2010-08-02,1,6.6,6.2,905,1105,25,W,12,15,100,NA
BM,2010,229,2010-08-17,1,4.9,4.9,850,1030,18,NW,18,25,10,NA
BM,2010,242,2010-08-30,1,5.6,4,1157,1354,29,SW,6,10,50,NA
BM,2010,258,2010-09-15,1,4.6,4.3,1342,1515,11,ESE,6,3,100,NA
BM,2010,270,2010-09-27,1,4.6,4,1324,1521,18,SSW,8,5,90,NA
BM,2010,287,2010-10-14,1,5.6,5.2,845,1015,10,SW,8,6,30,NA
BM,2010,302,2010-10-29,1,5.8,5.1,1435,1634,5,SSW,3,5,95,NA
BM,2010,315,2010-11-11,1,7.9,7.2,908,1122,7,SW,10,8,0,NA
BM,2011,14,2011-01-14,1,NA,5.9,1230,1400,-6,SSE,4,NA,100,1
BM,2011,47,2011-02-16,1,NA,9.5,1345,1508,8,S,4,NA,5,1
BM,2011,81,2011-03-22,1,NA,8,1100,1220,1,NE,6,NA,100,1
BM,2011,125,2011-05-05,1,6.9,6.1,1020,1215,5,SSE,5,2,100,NA
BM,2011,137,2011-05-17,1,6.6,5.1,1012,1217,13,ENE,6,10,0,NA
BM,2011,151,2011-05-31,1,7.7,4.1,1041,1312,24,SSW,20,21,95,NA
BM,2011,165,2011-06-14,1,6.8,6.1,1313,1510,21,ESE,9,12,10,NA
BM,2011,182,2011-07-01,1,6.4,5.2,1023,1203,29,SSW,5,3,100,NA
BM,2011,193,2011-07-12,1,6.8,5.9,1245,1430,23,NNW,6,10,90,NA
BM,2011,208,2011-07-27,1,5.9,5,955,1142,19,ESE,9,10,100,NA
BM,2011,221,2011-08-09,1,5.6,4.4,924,1107,20,WSW,14,10,95,NA
BM,2011,235,2011-08-23,1,5.5,5.1,1000,1230,26,SSW,9,13,90,NA
BM,2011,249,2011-09-06,1,5.7,5.8,955,1127,20,NA,0,1,25,NA
BM,2011,262,2011-09-19,1,6.4,6,1330,1530,16,NW,6,7,0,NA
BM,2011,276,2011-10-03,1,5.5,5.9,1306,1423,20,NNW,3,1,0,NA
BM,2011,291,2011-10-18,1,5.1,4.6,1439,1650,10.5,NNW,8,10,50,NA
BM,2011,305,2011-11-01,1,5.4,4.4,937,1050,7,SSW,10,10,100,NA
BM,2011,319,2011-11-15,1,4.7,4.6,1429,1620,6,SE,2,2,40,NA
BM,2012,11,2012-01-11,1,NA,8.1,1137,1258,4,NA,0,NA,100,1
BM,2012,51,2012-02-20,1,NA,6.7,1020,1154,0,SSE,9,NA,100,1
BM,2012,94,2012-04-03,1,4.7,4.4,1030,1205,8,N,7,5,100,NA
BM,2012,110,2012-04-19,1,6.4,5.2,1046,1152,6,NE,7,5,75,NA
BM,2012,121,2012-04-30,1,8,7.9,1325,1500,13,NA,0,0,100,NA
BM,2012,138,2012-05-17,1,9.3,7.7,1417,1520,20,SE,18,10,100,NA
BM,2012,150,2012-05-29,1,8.5,7.6,1330,1506,16,WSW,10,12,72,NA
BM,2012,165,2012-06-13,1,5.9,5.1,1215,1322,25,SSW,5,12,20,NA
BM,2012,177,2012-06-25,1,7.5,7.1,948,1123,31,ENE,2,4,2,NA
BM,2012,192,2012-07-10,1,7.1,6.6,1236,1337,34,NNE,4,3,70,NA
BM,2012,205,2012-07-23,1,6.5,6.1,1006,1136,27,WSW,7,22,6,NA
BM,2012,222,2012-08-09,1,6.1,4.4,1430,1529,15,NNE,7,12,100,NA
BM,2012,233,2012-08-20,1,4.9,4.3,1024,1318,22,SW,7,13,70,NA
BM,2012,248,2012-09-04,1,6.1,5.3,1004,1141,29,SW,6,5,60,NA
BM,2012,261,2012-09-17,1,5,4.4,1510,1706,12.5,NW,8,5,85,NA
BM,2012,275,2012-10-01,1,4.6,4.3,1300,1546,21,W,5,2,10,NA
BM,2012,291,2012-10-17,1,7.8,4.3,928,1120,12,NE,5,8,90,NA
BM,2012,303,2012-10-29,1,8.2,7.9,946,1205,15.5,NA,0,0,0,NA
BM,2012,318,2012-11-13,1,9.2,8.1,1020,1220,0,SW,8,8,0,NA
BM,2013,18,2013-01-18,1,NA,8.6,1240,1405,-5,S,4,NA,100,1
BM,2013,53,2013-02-22,1,NA,7.1,1145,1330,-3,N,7,NA,100,1
BM,2013,88,2013-03-29,1,NA,10.8,1037,1158,4.5,NA,0,NA,0,1
BM,2013,135,2013-05-15,1,6.3,5.4,1047,1221,20,SW,15,10,15,NA
BM,2013,161,2013-06-10,1,3.7,2.9,1010,1250,27,S,3,3,80,NA
BM,2013,175,2013-06-24,1,9.9,8.8,940,1125,NA,S,4,8,30,NA
BM,2013,189,2013-07-08,1,9,7.2,950,1215,NA,NA,0,3,20,NA
BM,2013,219,2013-08-07,1,5.6,5.4,1500,1740,20,NW,8,14,0,NA
BM,2013,232,2013-08-20,1,6.5,4.7,1325,1445,27,SW,9,16,85,NA
BM,2013,246,2013-09-03,1,8,6.5,1106,1349,22,SSW,6,10,30,NA
BM,2013,273,2013-09-30,1,6.9,5.9,935,1125,18,S,8,15,85,NA
BM,2013,301,2013-10-28,1,5.5,5.7,1310,1458,7,ENE,7,5,65,NA
BM,2013,318,2013-11-14,1,6.2,6.1,1502,1700,2,SW,2,2,70,NA
BM,2014,30,2014-01-30,1,NA,4.2,945,1205,-5,N,3,NA,100,1
BM,2014,63,2014-03-04,1,NA,6.1,1115,1250,-5,NA,0,NA,60,1
BM,2014,86,2014-03-27,1,NA,7.2,1110,1227,3,SW,5,NA,100,1
BM,2014,140,2014-05-20,1,3.5,3.9,1010,1315,13,SW,4,1,100,NA
BM,2014,153,2014-06-02,1,7.3,7.1,1015,1210,20,WSW,8,6,96,NA
BM,2014,167,2014-06-16,1,12.5,8.5,950,1255,26,WSW,12,30,15,NA
BM,2014,181,2014-06-30,1,9.4,7.1,950,1200,29,WSW,10,22,15,NA
BM,2014,196,2014-07-15,1,6.3,5.6,1330,1615,17,NNW,14,5,80,NA
BM,2014,209,2014-07-28,1,8.2,6.3,1335,1515,23,NNW,8,15,90,NA
BM,2014,223,2014-08-11,1,8.4,5.6,1320,1540,17,NNE,6,3,100,NA
BM,2014,239,2014-08-27,1,7.3,7.3,925,1105,23,NNW,2,2,65,NA
BM,2014,252,2014-09-09,1,5.9,8.4,1422,1626,24,NA,0,0,90,NA
BM,2014,265,2014-09-22,1,5.9,5.2,947,1106,16,NW,5,8,95,NA
BM,2014,280,2014-10-07,1,5.3,4.1,1445,1640,9,W,6,10,100,NA
BM,2014,295,2014-10-22,1,5.1,4.4,1340,1500,13,S,5,5,25,NA
BM,2014,309,2014-11-05,1,5.4,5.1,1347,1523,7,W,2,2,100,NA
BM,2015,21,2015-01-21,1,NA,7.7,1150,1310,-2,NA,0,NA,100,1
BM,2015,62,2015-03-03,1,NA,6.1,1230,1400,-5,S,8,NA,100,1
BM,2015,85,2015-03-26,1,NA,5.4,1430,1545,-5,NW,9,NA,100,1
BM,2015,113,2015-04-23,1,5,3.2,1115,1305,6,NW,9,10,5,NA
BM,2015,126,2015-05-06,1,7.2,6.3,1040,1145,12,SE,7,7,100,NA
BM,2015,139,2015-05-19,1,11.4,8.9,1020,1250,7,NNW,9,5,100,NA
BM,2015,154,2015-06-03,1,11.6,8.4,932,1120,22,SW,12,20,70,NA
BM,2015,166,2015-06-15,1,9.4,8.1,1335,1555,27,NA,0,0,85,NA
BM,2015,181,2015-06-30,1,8,7.5,1321,1457,19,NE,8,12,65,NA
BM,2015,195,2015-07-14,1,8.1,6.6,1314,1536,23,NNE,5,10,60,NA
BM,2015,210,2015-07-29,1,9.6,7.5,936,1108,27,WSW,18,46,15,NA
BM,2015,224,2015-08-12,1,8.4,6.3,933,1127,26,SW,7,10,75,NA
BM,2015,237,2015-08-25,1,6.1,5.9,1405,1545,14,NNW,6,3,100,NA
BM,2015,252,2015-09-09,1,8.2,6.7,940,1207,23,SW,8,5,65,NA
BM,2015,266,2015-09-23,1,6.7,5.5,955,1118,18,SE,8,8,100,NA
BM,2015,278,2015-10-05,1,5.9,5.5,1342,1610,15,SW,6,6,90,NA
BM,2015,294,2015-10-21,1,4.8,4.3,930,1100,14,SW,7,9,85,NA
BM,2015,314,2015-11-10,1,4.9,4.3,958,1215,11,SSW,7,6,85,NA
BM,2016,22,2016-01-22,1,NA,7.3,1150,1315,NA,NA,0,NA,100,1
BM,2016,64,2016-03-04,1,NA,6.9,1245,1435,-1,SW,5,NA,100,1
BM,2016,118,2016-04-27,1,6.1,4.5,1020,1215,11,NE,12,12,5,NA
BM,2016,130,2016-05-09,1,8.2,7.4,1020,1135,14,ENE,8,5,5,NA
BM,2016,144,2016-05-23,1,6.4,2.7,950,1228,24,SSW,12,20,40,NA
BM,2016,159,2016-06-07,1,9.1,6.5,1244,1435,18,NW,10,15,50,NA
BM,2016,173,2016-06-21,1,8.5,6.8,1300,1530,26.5,WNW,12,15,50,NA
BM,2016,187,2016-07-05,1,7.4,6.4,920,1100,26,SW,5,12,75,NA
BM,2016,202,2016-07-20,1,6.4,6.2,1242,1445,28,SSW,7,10,50,NA
BM,2016,216,2016-08-03,1,7,6.2,1300,1412,29,SW,3,4,15,NA
BM,2016,229,2016-08-16,1,7.7,6.8,1315,1540,28,WNW,7,15,80,NA
BM,2016,242,2016-08-29,1,4.9,3.4,1320,1500,29,SSW,7,3,40,NA
BM,2016,257,2016-09-13,1,5.4,3.9,900,1110,16,NW,7,5,50,NA
BM,2016,271,2016-09-27,1,5.2,5.1,935,1035,11,WSW,9,10,100,NA
BM,2016,284,2016-10-10,1,5.2,4.8,930,1145,52,S,8,6,0,NA
BM,2016,300,2016-10-26,1,6.5,5.3,1040,1215,6,NE,6,5,100,NA
BM,2016,316,2016-11-11,1,5.2,4.8,930,1200,9,N,8,10,10,NA
BM,2017,18,2017-01-18,1,NA,6.9,1100,1225,3,SW,8,NA,0,1
BM,2017,52,2017-02-21,1,NA,13.9,1125,1300,5,SSW,8,NA,4,1
BM,2017,87,2017-03-28,1,NA,8.3,1145,1310,7,WNW,3,NA,0,1
BM,2017,109,2017-04-19,1,5.3,4.2,1420,1603,8,E,8,10,100,NA
BM,2017,121,2017-05-01,1,6.2,4.9,1250,1405,6,NE,7,5,100,NA
BM,2017,136,2017-05-16,1,8.2,6.9,930,1100,17,SW,9,8,100,NA
BM,2017,150,2017-05-30,1,8,5,1011,1217,12,W,10,12,100,NA
BM,2017,164,2017-06-13,1,8.1,5.4,1009,1250,25,SE,9,6,100,NA
BM,2017,177,2017-06-26,1,6.5,6,940,1125,12,E,12,4,100,NA
BM,2017,192,2017-07-11,1,7.1,6.4,1300,1500,36,NA,0,0,30,NA
BM,2017,205,2017-07-24,1,7.5,5.9,940,1115,23,SE,8,3,0,NA
BM,2017,219,2017-08-07,1,7.7,6.7,1440,1645,25,N,9,5,60,NA
BM,2017,234,2017-08-22,1,7.3,5.7,1200,1300,22,NW,8,5,80,NA
BM,2017,249,2017-09-06,1,6.7,4.7,854,1040,15,NNW,7,5,95,NA
BM,2017,261,2017-09-18,1,7.3,5.3,925,1112,17,SSW,6,10,55,NA
BM,2017,276,2017-10-03,1,6.3,4.8,912,1042,19,SW,10,25,85,NA
BM,2017,290,2017-10-17,1,6,4.8,1255,1401,18,SW,5,10,50,NA
BM,2017,312,2017-11-08,1,6.3,4.3,947,1145,0,SW,8,28,95,NA
BM,2018,22,2018-01-22,1,NA,5.1,1005,1130,-2,NE,10,NA,100,1
BM,2018,51,2018-02-20,1,NA,6.3,1030,1214,-4,NW,7,NA,100,1
BM,2018,87,2018-03-28,1,NA,8,1220,1345,6,W,10,NA,7,1
BM,2018,136,2018-05-16,1,6.1,4.6,935,1120,21,W,12,15,2,NA
BM,2018,149,2018-05-29,1,7.2,6.5,950,1123,28,SE,6,10,10,NA
BM,2018,164,2018-06-13,1,9.5,6.4,1022,1240,30,W,8,8,40,NA
BM,2018,177,2018-06-26,1,7.2,6.2,1245,1500,33,SE,8,6,75,NA
BM,2018,190,2018-07-09,1,6.2,5.9,930,1125,27,SW,3,2,80,NA
BM,2018,204,2018-07-23,1,8.1,7.8,920,1040,24,N,4,5,5,NA
BM,2018,218,2018-08-06,1,7.7,6.7,915,1115,24,SW,7,4,50,NA
BM,2018,232,2018-08-20,1,8.3,6.7,1215,1345,25,SE,6,4,100,NA
BM,2018,247,2018-09-04,1,7.5,5.6,949,1245,22,W,7,10,100,NA
BM,2018,262,2018-09-19,1,8.6,6.2,1250,1420,15,SE,6,9,100,NA
BM,2018,274,2018-10-01,1,7.8,7.2,1345,1550,10,E,5,0,100,NA
BM,2018,290,2018-10-17,1,7.7,5.7,1245,1450,3,W,16,30,50,NA
BM,2018,310,2018-11-06,1,7.2,5.2,940,1220,5,W,5,10,100,NA
BM,2019,16,2019-01-16,1,NA,7.4,1235,1410,-12,SW,4,NA,40,1
BM,2019,60,2019-03-01,1,NA,6.2,1215,1356,3,NE,2,NA,100,1
BM,2019,84,2019-03-25,1,NA,12.3,1330,1455,5,SSE,5,NA,0,1
BM,2019,128,2019-05-08,1,5,3.8,915,1055,9,W,8,10,100,NA
BM,2019,141,2019-05-21,1,6.5,5.1,942,1134,16,E,7,10,60,NA
BM,2019,154,2019-06-03,1,10,7.7,925,1228,13,SW,6,5,100,NA
BM,2019,168,2019-06-17,1,10,6,951,1158,23,SW,7,8,15,NA
BM,2019,183,2019-07-02,1,7.3,5.7,1500,1740,28,W,6,10,5,NA
BM,2019,199,2019-07-18,1,6.6,5.5,1117,1239,28,SW,6,10,70,NA
BM,2019,210,2019-07-29,1,7.6,5.6,931,1155,25,W,10,25,75,NA
BM,2019,226,2019-08-14,1,7.9,6.2,918,1035,22,NNE,8,5,30,NA
BM,2019,240,2019-08-28,1,7.9,4,923,1105,9,W,10,25,100,NA
BM,2019,253,2019-09-10,1,7.3,4.7,910,1100,15,SW,7,15,100,NA
BM,2019,267,2019-09-24,1,9.4,8,935,1145,20,SSW,7,6,5,NA
BM,2019,281,2019-10-08,1,9.5,5.4,1234,1356,16,NW,10,NA,20,NA
BM,2019,294,2019-10-21,1,11.5,6,915,1130,6,NW,10,15,100,NA
BM,2019,311,2019-11-07,1,8.3,6.3,1134,1330,-8,NW,9,30,98,NA
BM,2020,15,2020-01-15,1,NA,5.9,1015,1141,6,E,6,NA,100,1
BM,2020,56,2020-02-25,1,NA,7.6,1250,1420,-6,N,8,NA,60,1
BM,2020,125,2020-05-04,1,4.7,4.4,926,1122,3,NE,8,10,5,NA
BM,2020,154,2020-06-02,1,10.4,8.8,1218,1400,24,W,6,15,60,NA
BM,2020,184,2020-07-02,1,8.7,7.2,926,1101,25,W,4,5,70,NA
BM,2020,218,2020-08-05,1,7.1,6,1210,1342,19,W,4,10,50,NA
BM,2020,252,2020-09-08,1,7.7,5.9,1135,1300,7,N,6,10,100,NA
BM,2020,288,2020-10-14,1,7.4,5.9,919,1038,3,SE,5,10,100,NA
BM,2020,307,2020-11-02,1,7.4,5.8,1007,1137,NA,SW,NA,10,60,NA
BM,2021,18,2021-01-18,1,NA,7.8,1020,1155,-10,W,7,NA,100,1
BM,2021,54,2021-02-23,1,NA,12,1000,1135,1,SW,10,NA,40,1
BM,2021,99,2021-04-09,1,5.7,4.9,1226,1351,5,E,5,8,98,NA
BM,2021,124,2021-05-04,1,6.9,5.1,921,1048,NA,NW,9,10,99,NA
BM,2021,154,2021-06-03,1,8.6,6.6,935,1125,15,SW,5,10,100,NA
BM,2021,179,2021-06-28,1,7.9,3.9,1335,1510,20.5,NNW,7,10,100,NA
BM,2021,208,2021-07-27,1,8.3,7.1,1229,1402,31,W,2,2,80,NA
BM,2021,237,2021-08-25,1,8.3,7.5,910,1040,24,W,5,5,15,NA
BM,2021,265,2021-09-22,1,6.6,5.6,913,1045,13,N,7,10,80,NA
BM,2021,291,2021-10-18,1,6.7,5.4,1315,1430,21.8,SW,5,5,0,NA
BM,2021,319,2021-11-15,1,6.1,5.3,1227,1438,0,N,6,10,100,NA
BM,2022,31,2022-01-31,1,NA,7.7,1110,1230,-2.1,SSE,9,NA,20,1
BM,2022,56,2022-02-25,1,NA,6.7,1400,1513,-7,W,7,NA,10,1
BM,2022,73,2022-03-14,1,NA,5,953,1122,-1,WNW,3,NA,100,1
BM,2022,125,2022-05-05,1,7.7,7.1,1000,1130,17.3,ENE,4,5,95,NA
BM,2022,136,2022-05-16,1,5.4,4.8,1035,1135,14,W,12,20,75,NA
BM,2022,153,2022-06-02,1,9.1,5.4,1356,1559,19,N,11,20,75,NA
BM,2022,164,2022-06-13,1,9.5,8.7,959,1134,17,NNE,5,3,100,NA
BM,2022,179,2022-06-28,1,8,5.9,857,1057,19.6,SW,16,25,25,NA
BM,2022,192,2022-07-11,1,7.1,5.9,853,957,22.1,SW,9,8,70,NA
BM,2022,207,2022-07-26,1,6.8,4.4,1336,1556,23.5,SSW,11,12,80,NA
BM,2022,220,2022-08-08,1,7.4,6,938,1041,14.4,NNW,11,5,70,NA
BM,2022,236,2022-08-24,1,7.8,4.8,1014,1307,27.9,SSW,4,5,75,NA
BM,2022,250,2022-09-07,1,7.3,6.8,1237,1347,26.3,NW,4,5,50,NA
BM,2022,263,2022-09-20,1,6.3,5.3,1005,1219,24,SSW,6,20,90,NA
BM,2022,276,2022-10-03,1,6.5,5.3,1006,1123,16,SW,8,10,65,NA
BM,2022,292,2022-10-19,1,5.5,4.5,1015,1225,5,NW,5,10,80,NA
BM,2022,306,2022-11-02,1,7.8,5.3,1226,1354,21,SSW,12,20,10,NA
BM,2022,320,2022-11-16,1,6.8,5.3,1023,1235,5,NNE,1,3,90,NA
BM,2023,18,2023-01-18,1,NA,7.8,947,1118,-3,N,5,NA,100,1
BM,2023,45,2023-02-14,1,NA,7,1031,1206,6,S,5,NA,100,1
BM,2023,75,2023-03-16,1,5.1,NA,947,1107,6,NA,0,NA,100,1
BM,2023,129,2023-05-09,1,3.9,3.5,1050,1231,17,SW,2,0,80,NA
BM,2023,151,2023-05-31,1,7.5,5.6,942,1158,26.8,SW,6,2,50,NA
BM,2023,164,2023-06-13,1,8.5,5.5,1316,1450,15.9,N,7,5,100,NA
BM,2023,177,2023-06-26,1,7.4,6.1,955,1203,15.5,NW,7,8,100,NA
BM,2023,192,2023-07-11,1,6.7,5.1,935,1108,18.5,NW,11,10,30,NA
BM,2023,205,2023-07-24,1,7.4,5.7,938,1148,26.9,NA,0,3,10,NA
BM,2023,219,2023-08-07,1,7.5,6.2,1229,1348,25,WNW,2,3,50,NA
BM,2023,233,2023-08-21,1,7.1,6.1,941,1134,19.5,E,3,2,100,NA
BM,2023,250,2023-09-07,1,6.3,4.9,1307,1427,15,N,11,10,100,NA
BM,2023,252,2023-09-09,1,8.1,7.3,923,1143,19,NE,2,4,50,NA
BM,2023,261,2023-09-18,1,8.1,7.3,939,1143,19,NE,2,4,50,NA
BM,2023,277,2023-10-04,1,7.9,5.4,1330,1439,21,SSW,21,45,40,NA
BM,2023,291,2023-10-18,1,6.6,4.7,858,1035,12,SSE,5,6,75,NA
BM,2023,306,2023-11-02,1,6.8,4.9,1328,1458,9,SW,6,10,5,NA
BM,2023,317,2023-11-13,1,6.9,6.3,928,1143,8,WNW,11,20,0,NA
BM,2024,8,2024-01-08,1,NA,6.3,955,1138,-4,E,5,NA,100,1
BM,2024,38,2024-02-07,1,NA,8.1,1047,1212,6,S,3,NA,100,1
BM,2024,102,2024-04-11,1,4.3,3.9,925,1108,14,ENE,2,0,75,NA
BM,2024,120,2024-04-29,1,6.2,5,1005,1114,9,E,3,3,100,NA
BM,2024,135,2024-05-14,1,9.9,9.1,1338,1500,17,NE,4,10,1,NA
BM,2024,149,2024-05-28,1,9.6,8.3,1406,1547,12,NE,2,5,98,NA
BM,2024,162,2024-06-10,1,10.2,6.8,948,1250,16,NE,8,15,2,NA
BM,2024,176,2024-06-24,1,5.3,4.5,1332,1520,23,SW,5,10,90,NA
BM,2024,190,2024-07-08,1,7.3,5.1,908,1055,19.6,S,0,1,90,NA
BM,2024,206,2024-07-24,1,8.7,7,1147,1259,19,N,5,10,50,NA
BM,2024,218,2024-08-05,1,8,6.2,905,1129,20.5,E,4,10,10,NA
BM,2024,233,2024-08-20,1,8,7.3,955,1050,20.3,W,2,1,25,NA
BM,2024,247,2024-09-03,1,7.5,5.3,1252,1445,21,S,15,15,50,NA
BM,2024,261,2024-09-17,1,6.8,5.6,1304,1436,26.8,S,4,10,55,NA
BM,2024,274,2024-09-30,1,7.1,4.6,1253,1452,23.9,N,12,25,40,NA
BM,2024,290,2024-10-16,1,6.2,5.8,912,1056,6.8,W,3,12,10,NA
BM,2024,304,2024-10-30,1,5.1,4.1,901,1052,19.2,S,10,22,75,NA
BM,2024,319,2024-11-14,1,6,4.8,911,1116,8.8,N,1,10,50,NA
BM,2025,10,2025-01-10,1,NA,7.7,1300,1416,-4,SW,5,NA,100,1
BM,2025,56,2025-02-25,1,NA,10.6,1150,1400,4,W,3,NA,10,1
BM,2025,72,2025-03-13,1,NA,9.5,1002,1115,9,NA,0,NA,100,1
BM,2025,114,2025-04-24,1,5.1,4.7,922,1042,7.4,NW,6,5,100,NA
BM,2025,133,2025-05-13,1,7.7,6.5,1255,1407,25.5,N,6,14,50,NA
BM,2025,149,2025-05-29,1,10.2,10.5,926,1106,17.4,SW,2,2,90,NA
BM,2025,160,2025-06-09,1,11.7,7.7,1332,1527,14.6,W,10,6,95,NA
BM,2025,175,2025-06-24,1,6.4,6.7,1252,1426,24,SW,5,10,15,NA
BM,2025,190,2025-07-09,1,7.2,5,1233,1438,20.9,NE,6,7,70,NA
BM,2025,204,2025-07-23,1,7.1,6,931,1040,23.4,S,7,10,100,NA
BM,2025,218,2025-08-06,1,7.2,6.9,825,1018,21.6,SE,5,10,100,NA
BM,2025,231,2025-08-19,1,7.5,5.3,1405,1520,22.6,N,5,14,95,NA
BM,2025,246,2025-09-03,1,6.6,5.3,929,1045,11,NW,12,15,100,NA
BM,2025,259,2025-09-16,1,7.1,6,1301,1410,25,S,11,15,30,NA
BM,2025,272,2025-09-29,1,7.5,7.3,945,1207,21.8,SSW,5,6,20,NA
BM,2025,288,2025-10-15,1,6.1,6.3,952,1138,8.4,NE,3,1,100,NA
BM,2025,300,2025-10-27,1,8.4,5,907,1047,7.9,SSE,9,10,65,NA
BM,2025,317,2025-11-13,1,7.6,6.1,948,1118,6.6,WSW,9,10,10,NA
CB,1981,211,1981-07-30,1,1.5,NA,NA,NA,21,S,8,NA,NA,NA
CB,1981,222,1981-08-10,1,1.8,NA,NA,NA,24,W,5,0,50,NA
CB,1981,239,1981-08-27,1,1.5,NA,NA,NA,21,SE,8,0,70,NA
CB,1981,253,1981-09-10,1,2.1,NA,NA,NA,28.1,NA,0,0,0,NA
CB,1981,268,1981-09-25,1,1.6,NA,NA,NA,15.5,SE,4,0,99,NA
CB,1981,296,1981-10-23,1,2.1,NA,NA,NA,2,NNW,5,3,20,NA
CB,1982,18,1982-01-18,1,1.8,1,1300,1440,-10,NA,0,NA,0,1
CB,1982,53,1982-02-22,1,NA,1.1,1045,1154,3.5,E,4,NA,95,1
CB,1982,97,1982-04-07,1,NA,1.1,1415,1445,0,NA,0,NA,0,1
CB,1982,133,1982-05-13,1,1.6,1.2,1402,1455,17,NA,0,2,99,NA
CB,1982,144,1982-05-24,1,1.7,1.5,1052,1202,21,E,3,0,25,NA
CB,1982,161,1982-06-10,1,1.5,1.5,1400,1600,18.5,W,8,3,20,NA
CB,1982,174,1982-06-23,1,1.7,1.6,1443,1525,21,S,2,0,80,NA
CB,1982,187,1982-07-06,1,1.7,1.9,954,1112,25,NA,7,3,50,NA
CB,1982,203,1982-07-22,1,1.8,1.4,1008,1058,22,S,1,1,25,NA
CB,1982,216,1982-08-04,1,1.7,1.5,1317,1408,23,NA,0,0,60,NA
CB,1982,231,1982-08-19,1,1.5,1,1445,1535,27.5,W,3,1,5,NA
CB,1982,250,1982-09-07,1,1.8,1.2,1537,1640,19.8,NA,0,0,5,NA
CB,1982,265,1982-09-22,1,1.6,2.2,1418,1507,19,NA,0,0,0,NA
CB,1982,279,1982-10-06,1,2.2,1.4,1425,1511,18,SW,1,2,50,NA
CB,1982,295,1982-10-22,1,1.9,1.5,1412,1508,5.4,W,3,0,10,NA
CB,1982,315,1982-11-11,1,1.9,1.8,1435,1528,2.9,NA,0,0,99,NA
CB,1982,335,1982-12-01,1,1.9,1.2,1025,1119,2.8,NA,2,NA,99,1
CB,1983,11,1983-01-11,1,NA,1.3,930,1100,-6,W,8,NA,99,1
CB,1983,54,1983-02-23,1,NA,1,1050,1210,1,NA,0,NA,99,1
CB,1983,84,1983-03-25,1,NA,1.1,1135,1318,0.7,S,1,NA,0,1
CB,1983,132,1983-05-12,1,1.5,1.4,1615,1753,18,SSE,2,1,99,NA
CB,1983,146,1983-05-26,1,1.1,1.1,1524,1650,NA,NA,0,0,2,NA
CB,1983,158,1983-06-07,1,1.1,0.9,1545,1705,19,W,1,1,0,NA
CB,1983,174,1983-06-23,1,2.1,1.6,1413,1552,26.8,N,3,1,0,NA
CB,1983,188,1983-07-07,1,1.6,1.1,1457,1600,27.5,S,5,1,20,NA
CB,1983,200,1983-07-19,1,1.4,1.4,1345,1500,28,S,1,0,35,NA
CB,1983,213,1983-08-01,1,1.9,1.7,1535,1645,26,N,2,2,10,NA
CB,1983,230,1983-08-18,1,NA,1.6,837,940,22,NA,0,0,10,NA
CB,1983,250,1983-09-07,1,2.3,1.6,1520,1642,20.8,W,1,0,20,NA
CB,1983,272,1983-09-29,1,2.3,2,1030,1127,19.8,NA,0,0,99,NA
CB,1983,291,1983-10-18,1,2.3,2,1542,1653,7.8,NA,0,0,99,NA
CB,1983,320,1983-11-16,1,1.5,1.3,1357,1512,2,NA,0,0,99,1
CB,1984,5,1984-01-05,1,NA,1.3,935,1039,2,W,2,NA,99,1
CB,1984,51,1984-02-20,1,NA,1.3,1413,1605,5,W,5,NA,3,1
CB,1984,100,1984-04-09,1,NA,1.2,1300,1434,11.8,N,3,NA,99,1
CB,1984,131,1984-05-10,1,1.6,1.5,1533,1645,13.8,S,5,0,99,NA
CB,1984,145,1984-05-24,1,1.5,1.4,1435,1600,18.5,S,15,2,95,NA
CB,1984,157,1984-06-05,1,1.8,1.6,1333,1442,27,S,7,3,55,NA
CB,1984,170,1984-06-18,1,1.7,1.3,1500,1551,28.2,W,4,2,35,NA
CB,1984,186,1984-07-04,1,1.8,1.8,940,1033,NA,SW,3,NA,3,NA
CB,1984,200,1984-07-18,1,2.2,1.3,1453,1550,25.4,NA,0,0,45,NA
CB,1984,213,1984-07-31,1,1.9,1.7,1413,1504,25.3,SW,5,2,70,NA
CB,1984,229,1984-08-16,1,2,1.9,1000,1200,23.8,NA,0,0,2,NA
CB,1984,250,1984-09-06,1,NA,2.1,1327,1445,21.5,W,6,1,70,NA
CB,1984,268,1984-09-24,1,2.6,2.6,1032,1108,12.6,NA,0,0,99,NA
CB,1984,291,1984-10-17,1,NA,2.3,1229,1315,11,SW,4,1,3,NA
CB,1984,310,1984-11-05,1,NA,2.5,1329,1425,2.5,NW,7,2,89,NA
CB,1985,15,1985-01-15,1,NA,1.7,1402,1515,-10.5,NA,0,NA,80,1
CB,1985,57,1985-02-26,1,NA,1.4,1420,1520,-6,SW,5,NA,99,1
CB,1985,85,1985-03-26,1,NA,0.8,1310,1410,8,W,5,NA,99,1
CB,1985,122,1985-05-02,1,2.1,1.9,1140,1232,13.5,NW,1,0,99,NA
CB,1985,134,1985-05-14,1,1.8,1.4,1415,1516,19.9,NA,1,0,80,NA
CB,1985,150,1985-05-30,1,2,1.7,1450,1609,23.8,W,1,0,10,NA
CB,1985,161,1985-06-10,1,2,1.6,1345,1440,17.5,NW,3,1,70,NA
CB,1985,176,1985-06-25,1,2.2,1.7,1323,1435,22.5,SE,3,2,99,NA
CB,1985,191,1985-07-10,1,1.8,1.7,925,NA,15,W,4,0,99,NA
CB,1985,203,1985-07-22,1,2.2,1.4,947,1045,20,NNW,8,1,13,NA
CB,1985,217,1985-08-05,1,2.2,1.9,1348,1444,26,SW,10,1,55,NA
CB,1985,232,1985-08-20,1,2.4,1.9,1425,1533,17,E,2,0,99,NA
CB,1985,252,1985-09-09,1,2.4,2.4,920,1015,14,NA,4,0,99,NA
CB,1985,276,1985-10-03,1,2.5,2.5,1406,1445,NA,S,4,0,5,NA
CB,1985,297,1985-10-24,1,2.7,2.7,1209,1257,15,W,9,1,15,NA
CB,1985,316,1985-11-12,1,NA,NA,835,941,1,SSW,2,NA,99,1
CB,1986,13,1986-01-13,1,NA,1,1032,1139,-2.5,W,1,NA,99,1
CB,1986,56,1986-02-25,1,NA,2,1303,1410,4,NA,0,NA,95,1
CB,1986,113,1986-04-23,1,1.9,1.1,1246,1330,17.5,S,5,1,62,NA
CB,1986,126,1986-05-06,1,1.9,1,1453,1525,18,S,15,8,3,NA
CB,1986,140,1986-05-20,1,2,1.8,1400,1530,19,N,8,1,0,NA
CB,1986,153,1986-06-02,1,2.1,1.6,1220,1308,NA,NE,8,1,1,NA
CB,1986,168,1986-06-17,1,2.2,1.9,945,1050,18,NNW,3,1,0,NA
CB,1986,182,1986-07-01,1,2.5,1.9,1205,NA,20,SE,8,0,95,NA
CB,1986,195,1986-07-14,1,2.1,1.6,1430,1526,19.5,N,8,0,15,NA
CB,1986,212,1986-07-31,1,2.4,2,938,NA,24,NA,0,0,0,NA
CB,1986,223,1986-08-11,1,2.5,1.4,1424,1514,21.5,SW,8,1,50,NA
CB,1986,239,1986-08-27,1,2.5,1.5,1330,1420,NA,NW,8,0,80,NA
CB,1986,252,1986-09-09,1,NA,NA,1018,1110,17.9,VAR,3,0,5,NA
CB,1986,266,1986-09-23,1,2.4,1.1,1435,1505,19.5,SW,19,1,40,NA
CB,1986,281,1986-10-08,1,1.8,1.5,1031,1114,8.9,V,3,0,99,NA
CB,1986,293,1986-10-20,1,2.7,1.8,1415,1444,18.1,S,13,0,5,NA
CB,1986,309,1986-11-05,1,2,1.5,1418,1510,NA,VAR,3,0,99,NA
CB,1987,20,1987-01-20,1,NA,0.5,1328,1400,-9,NW,15,NA,5,1
CB,1987,54,1987-02-23,1,NA,0.4,1230,1315,3,W,1,NA,99,1
CB,1987,78,1987-03-19,1,NA,1,1245,1335,11,W,7,NA,0,1
CB,1987,103,1987-04-13,1,2,1.5,1125,1212,18,NE,3,1,99,NA
CB,1987,120,1987-04-30,1,2,1.5,927,1005,8.2,NA,0,0,99,NA
CB,1987,139,1987-05-19,1,2.2,1.7,1430,NA,NA,NA,0,0,99,NA
CB,1987,154,1987-06-03,1,2.3,2,1122,1149,NA,SW,3,1,99,NA
CB,1987,174,1987-06-23,1,2.2,1.6,950,1045,NA,NA,5,1,2,NA
CB,1987,182,1987-07-01,1,2.4,1.7,1103,1130,NA,N,3,1,70,NA
CB,1987,195,1987-07-14,1,2.3,2,1327,1427,NA,NNE,3,1,99,NA
CB,1987,208,1987-07-27,1,2.5,2.2,1115,1242,NA,NW,3,1,1,NA
CB,1987,225,1987-08-13,1,2.3,1.8,1337,1428,NA,E,2,0,99,NA
CB,1987,237,1987-08-25,1,2.4,1.7,1417,1453,NA,NA,0,0,50,NA
CB,1987,253,1987-09-10,1,2.3,1.7,1141,1223,NA,W,7,2,90,NA
CB,1987,266,1987-09-23,1,2.4,1.9,1245,1324,NA,NW,3,2,0,NA
CB,1987,280,1987-10-07,1,2.4,2,1545,1630,NA,N,10,2,99,NA
CB,1987,293,1987-10-20,1,2.4,1.9,929,1008,NA,NA,0,0,75,NA
CB,1987,302,1987-10-29,1,2.3,2,1400,1504,NA,S,8,1,30,NA
CB,1987,321,1987-11-17,1,2.6,2,1445,1525,NA,N,2,1,99,NA
CB,1988,20,1988-01-20,1,1.6,1.1,1030,1110,-1,NE,6,NA,99,1
CB,1988,60,1988-02-29,1,1,0.9,1425,1535,1,NE,8,NA,60,1
CB,1988,83,1988-03-23,1,1.5,1,1240,1325,3,NE,3,NA,99,1
CB,1988,112,1988-04-21,1,2,1.1,1300,1415,8,NW,7,2,50,NA
CB,1988,132,1988-05-11,1,2,1.9,915,1005,14,S,5,1,99,NA
CB,1988,144,1988-05-23,1,2.1,1.8,945,1105,20,W,5,1,0,NA
CB,1988,160,1988-06-08,1,1.9,1.6,920,1002,10,N,3,0,99,NA
CB,1988,174,1988-06-22,1,2.1,1.5,909,1007,20,NW,8,2,65,NA
CB,1988,189,1988-07-07,1,1.4,0.8,1003,1048,29,SW,10,1,10,NA
CB,1988,200,1988-07-18,1,1.6,1.1,1347,1447,24,SW,8,1,50,NA
CB,1988,215,1988-08-02,1,1.7,1.3,926,1001,28,SW,8,2,70,NA
CB,1988,228,1988-08-15,1,2.1,1.4,911,1011,23,S,3,0,0,NA
CB,1988,245,1988-09-01,1,2.1,1.7,951,1019,19,SE,8,1,99,NA
CB,1988,258,1988-09-14,1,2.4,2.3,900,957,18,N,3,0,5,NA
CB,1988,270,1988-09-26,1,2,1.4,1429,1503,19,SE,7,0,90,NA
CB,1988,284,1988-10-10,1,2.2,1.7,1420,1507,10,NW,10,2,60,NA
CB,1988,301,1988-10-27,1,2.4,1.9,1005,1057,1,E,3,0,99,NA
CB,1988,321,1988-11-16,1,2.2,2,1032,1117,2,S,15,1,99,NA
CB,1989,19,1989-01-19,1,1.4,1,930,1010,-2,S,1,NA,100,1
CB,1989,52,1989-02-21,1,1.5,0.8,1335,1440,-4,W,3,NA,0,1
CB,1989,87,1989-03-28,1,1.1,0.9,900,940,8,W,7,NA,100,1
CB,1989,124,1989-05-04,1,2,1.4,905,1003,14,W,7,1,65,NA
CB,1989,136,1989-05-16,1,2.2,1.4,900,935,20,NA,0,0,0,NA
CB,1989,150,1989-05-30,1,2.1,1.6,1337,1430,13,W,3,0,100,NA
CB,1989,165,1989-06-14,1,2.2,1.5,1338,1412,10,NA,0,0,100,NA
CB,1989,177,1989-06-26,1,2.1,1.5,900,947,22,NA,0,0,100,NA
CB,1989,192,1989-07-11,1,2,1.6,1235,1307,24.5,SE,3,1,100,NA
CB,1989,207,1989-07-26,1,2,1.5,1425,1510,30,SW,3,1,50,NA
CB,1989,221,1989-08-09,1,2.2,2,843,916,20,NA,0,0,0,NA
CB,1989,235,1989-08-23,1,2.4,1.4,1333,1422,21.5,NE,3,1,80,NA
CB,1989,249,1989-09-06,1,2.3,1.5,1313,1347,25,SE,3,1,2,NA
CB,1989,262,1989-09-19,1,2.4,1.4,914,1003,18,S,8,1,50,NA
CB,1989,275,1989-10-02,1,2.3,1.4,1208,1234,9.5,NW,8,2,70,NA
CB,1989,291,1989-10-18,1,2.4,1.5,854,938,3.5,NW,8,1,10,NA
CB,1989,303,1989-10-30,1,2.4,1.5,922,1000,7.5,N,6,2,100,NA
CB,1989,311,1989-11-07,1,2.4,1.9,838,923,6.5,NA,0,0,100,NA
CB,1990,18,1990-01-18,1,2.1,1.1,1005,1110,-7,NE,8,NA,100,1
CB,1990,58,1990-02-27,1,1.1,0.8,1355,1447,-4,NW,13,NA,0,1
CB,1990,87,1990-03-28,1,1.3,1.1,905,940,4,E,2,NA,95,1
CB,1990,122,1990-05-02,1,0.9,0.9,1416,1506,13,W,6,2,20,NA
CB,1990,135,1990-05-15,1,1.9,1.3,1211,1244,12.5,NE,8,1,100,NA
CB,1990,150,1990-05-30,1,2.5,2,1227,1331,21,N,5,1,0,NA
CB,1990,162,1990-06-11,1,2.4,1.9,855,940,21,SW,13,1,80,NA
CB,1990,176,1990-06-25,1,2.4,2,900,1005,NA,NW,3,0,5,NA
CB,1990,192,1990-07-11,1,2.5,1.9,850,922,24,NW,3,0,40,NA
CB,1990,206,1990-07-25,1,2,1.6,1332,1420,25,S,13,1,70,NA
CB,1990,218,1990-08-06,1,2.5,1.5,850,923,20.5,NE,3,1,10,NA
CB,1990,232,1990-08-20,1,2.2,1.6,1328,1428,24,NE,8,1,95,NA
CB,1990,247,1990-09-04,1,2.5,2,1521,1553,28,W,5,1,90,NA
CB,1990,260,1990-09-17,1,2.2,1.6,849,946,13,N,3,0,85,NA
CB,1990,276,1990-10-03,1,2.3,1.4,855,932,17,SW,15,1,100,NA
CB,1990,288,1990-10-15,1,2,1.8,1357,1449,14,SW,18,2,50,NA
CB,1990,303,1990-10-30,1,2.4,2,1251,1324,17.5,NW,3,1,0,NA
CB,1990,312,1990-11-08,1,2.3,1.8,1450,1542,4,SW,8,0,90,NA
CB,1991,15,1991-01-15,1,1.5,1.3,1330,1410,1,SW,1,NA,100,1
CB,1991,49,1991-02-18,1,1.2,1,1450,1605,-1,SE,7,NA,100,1
CB,1991,81,1991-03-22,1,1.5,1.1,1020,1130,3,SE,6,NA,100,1
CB,1991,129,1991-05-09,1,2.1,1.1,909,1022,17,S,3,1,15,NA
CB,1991,141,1991-05-21,1,1.9,1.5,1356,1450,29,S,8,2,85,NA
CB,1991,154,1991-06-03,1,1.9,1.3,1336,1428,26,NW,4,1,50,NA
CB,1991,168,1991-06-17,1,2.4,1.3,858,1013,28,S,3,1,0,NA
CB,1991,183,1991-07-02,1,2,1.7,1452,1547,24,W,3,1,50,NA
CB,1991,197,1991-07-16,1,2.1,1.4,840,920,25,S,13,2,30,NA
CB,1991,212,1991-07-31,1,2.3,1,1251,1335,26,W,10,2,0,NA
CB,1991,224,1991-08-12,1,2.4,1.7,1215,1247,26,NW,2,0,0,NA
CB,1991,238,1991-08-26,1,2.3,1.8,843,936,24,SW,10,1,20,NA
CB,1991,253,1991-09-10,1,2.2,1.6,1330,1416,19,NA,0,0,100,NA
CB,1991,268,1991-09-25,1,2,1.5,928,1007,11,N,10,2,100,NA
CB,1991,281,1991-10-08,1,2.7,2.5,923,956,13,NA,0,0,0,NA
CB,1991,302,1991-10-29,1,2.6,2.1,834,922,14,SW,3,1,100,NA
CB,1992,15,1992-01-15,1,NA,1.2,1045,1140,-19,NW,2,NA,0,1
CB,1992,56,1992-02-25,1,1.3,1.3,1110,1215,-1,N,1,NA,100,1
CB,1992,85,1992-03-25,1,1.3,1.1,1030,1135,7,W,13,NA,70,1
CB,1992,125,1992-05-04,1,1.7,1.2,1415,1550,10,N,2,0,100,NA
CB,1992,142,1992-05-21,1,1.8,1.4,915,941,27,NA,0,0,0,NA
CB,1992,156,1992-06-04,1,1.6,1.4,810,915,22,SW,2,0,0,NA
CB,1992,168,1992-06-16,1,1.6,1.3,840,907,19,SE,11,2,100,NA
CB,1992,190,1992-07-08,1,1.4,1.1,852,925,21,SSE,2,0,90,NA
CB,1992,197,1992-07-15,1,1.8,1.4,903,934,21,SW,2,0,75,NA
CB,1992,209,1992-07-27,1,2.5,1.9,1307,1347,23,N,3,1,0,NA
CB,1992,226,1992-08-13,1,2.2,1.8,1343,1432,17.5,E,3,0,40,NA
CB,1992,239,1992-08-26,1,2.2,2.1,1345,1445,24,N,3,0,45,NA
CB,1992,255,1992-09-11,1,NA,1.8,928,1010,18.2,W,2,0,0,NA
CB,1992,267,1992-09-23,1,NA,1.7,1416,1525,17.5,S,3,3,90,NA
CB,1992,281,1992-10-07,1,1.9,1.8,1442,1530,13.5,NW,3,0,100,NA
CB,1992,296,1992-10-22,1,2.5,1.9,940,1045,12,S,5,0,0,NA
CB,1992,310,1992-11-05,1,2.4,1.9,940,1050,1.5,N,5,0,100,NA
CB,1993,14,1993-01-14,1,1.3,1.1,1400,1455,-5.3,W,3,NA,40,1
CB,1993,56,1993-02-25,1,1.3,0.8,1305,1420,-1,NW,3,NA,0,1
CB,1993,82,1993-03-23,1,1.4,0.9,1000,1105,12,N,5,NA,80,1
CB,1993,124,1993-05-04,1,0.7,1.5,1420,1540,13,N,2,1,100,NA
CB,1993,139,1993-05-19,1,1.6,1.3,1445,1600,13.5,NW,NA,2,90,NA
CB,1993,154,1993-06-03,1,NA,1.7,1430,1515,19,NE,13,5,95,NA
CB,1993,166,1993-06-15,1,1.9,1.6,1440,1540,22.3,NE,4,2,0,NA
CB,1993,182,1993-07-01,1,2,1.2,1015,1136,16,NE,1,1,100,NA
CB,1993,193,1993-07-12,1,1.9,1.5,1245,1333,23.7,NW,6,2,50,NA
CB,1993,210,1993-07-29,1,1.9,1.3,941,1132,18.9,W,5,2,95,NA
CB,1993,222,1993-08-10,1,2.1,1.5,1419,1510,31.8,W,4,1,5,NA
CB,1993,237,1993-08-25,1,2.2,1.9,1456,1610,35.5,W,3,1,5,NA
CB,1993,252,1993-09-09,1,2.4,2.1,1137,1500,17.8,NW,20,0,95,NA
CB,1993,263,1993-09-20,1,1.6,1.5,1758,1922,11.8,E,1,0,100,NA
CB,1993,279,1993-10-06,1,2.3,1.9,1620,1657,24,SW,5,0,1,NA
CB,1993,293,1993-10-20,1,2,1.7,1550,1752,NA,SW,2,0,100,NA
CB,1993,306,1993-11-02,1,2.3,1.7,1002,1159,3,E,2,NA,100,NA
CB,1994,17,1994-01-17,1,NA,1.3,1450,1540,-25,NW,8,NA,10,1
CB,1994,54,1994-02-23,1,NA,1,920,1010,-10,NW,8,NA,100,1
CB,1994,89,1994-03-30,1,NA,0.6,1300,1400,5,NW,5,NA,0,1
CB,1994,122,1994-05-02,1,2.1,1.5,1430,1530,14,VAR,2,0,70,NA
CB,1994,139,1994-05-19,1,2.1,1.8,840,906,20,NA,0,0,0,NA
CB,1994,157,1994-06-06,1,1.9,2.4,1330,1522,24.9,N,3,1,40,NA
CB,1994,165,1994-06-14,1,1.9,1.6,855,1029,NA,S,8,1,100,NA
CB,1994,180,1994-06-29,1,2,1.3,1343,1448,18.8,VAR,8,2,100,NA
CB,1994,192,1994-07-11,1,1.7,1.5,847,1115,20,S,5,1,100,NA
CB,1994,207,1994-07-26,1,1.4,1.5,1526,1630,19,NW,5,1,95,NA
CB,1994,223,1994-08-11,1,1.7,1.5,1116,1159,24,VAR,2,0,15,NA
CB,1994,234,1994-08-22,1,2,1.3,1000,1100,27.5,NA,0,0,0,NA
CB,1994,251,1994-09-08,1,2.5,1.5,1302,1337,22,NE,2,1,20,NA
CB,1994,263,1994-09-20,1,2,1.3,1015,1155,23,NA,1,0,25,NA
CB,1994,277,1994-10-04,1,1.8,1.2,1350,1430,NA,NE,3,0,85,NA
CB,1994,293,1994-10-20,1,1.8,1.4,1330,1430,12,NW,3,0,100,NA
CB,1994,306,1994-11-02,1,2.2,1.4,1300,1345,9,NA,0,0,95,NA
CB,1994,319,1994-11-15,1,1.8,1.4,1340,1445,8,NA,0,0,5,NA
CB,1995,12,1995-01-12,1,NA,1,1245,1350,4,SE,3,NA,100,1
CB,1995,46,1995-02-15,1,NA,1,950,1110,-2,N,4,NA,65,1
CB,1995,79,1995-03-20,1,NA,1.3,944,1038,NA,NA,0,NA,100,1
CB,1995,122,1995-05-02,1,1.5,1.5,850,1015,12,NA,0,0,10,NA
CB,1995,137,1995-05-17,1,2.6,1.4,1430,1610,21,SW,8,1,0,NA
CB,1995,153,1995-06-02,1,1.8,1.7,846,1007,27,N,3,1,20,NA
CB,1995,163,1995-06-12,1,1.8,1.3,828,915,22,W,2,1,5,NA
CB,1995,178,1995-06-27,1,1.5,1.5,1338,1441,23,SE,0,0,100,NA
CB,1995,193,1995-07-12,1,1.6,1.4,842,926,23,W,2,1,100,NA
CB,1995,205,1995-07-24,1,1.4,1.3,915,1030,27,W,5,1,5,NA
CB,1995,219,1995-08-07,1,2,1.9,851,950,25,SE,5,2,30,NA
CB,1995,234,1995-08-22,1,1.5,1.5,1531,1631,27,SW,4,1,30,NA
CB,1995,248,1995-09-05,1,2.4,2.3,915,1020,26,S,2,0,10,NA
CB,1995,264,1995-09-21,1,2.2,2,1440,1531,9,NW,5,0,90,NA
CB,1995,277,1995-10-04,1,2.7,2.7,1314,1359,NA,NW,5,0,3,NA
CB,1995,290,1995-10-17,1,2.6,2.4,1150,1240,18,NW,15,5,70,NA
CB,1995,304,1995-10-31,1,2.5,2,1138,1224,7,NW,5,0,100,NA
CB,1995,312,1995-11-08,1,2.1,1.5,1050,1215,-1,SW,13,0,60,NA
CB,1996,17,1996-01-17,1,NA,1,1400,1530,5,SW,5,NA,100,1
CB,1996,51,1996-02-20,1,NA,0.9,1420,1518,0,W,3,NA,0,1
CB,1996,99,1996-04-08,1,NA,1.2,1434,1522,5,E,3,NA,40,1
CB,1996,129,1996-05-08,1,1.2,1.1,1100,1200,15,E,3,0,100,NA
CB,1996,150,1996-05-29,1,1.2,1.1,1430,1520,22,N,1,0,0,NA
CB,1996,165,1996-06-13,1,1,1.2,915,1035,26.5,SW,5,2,20,NA
CB,1996,177,1996-06-25,1,1.5,1.2,1430,1520,24.5,W,4,1,5,NA
CB,1996,190,1996-07-08,1,1.2,1.1,935,1055,19.5,W,8,5,65,NA
CB,1996,204,1996-07-22,1,1.8,1.8,1415,1510,25,W,8,2,55,NA
CB,1996,220,1996-08-07,1,1.9,1.7,915,1040,23,VAR,7,1,100,NA
CB,1996,235,1996-08-22,1,1.9,1.6,917,1030,23,NE,8,0,90,NA
CB,1996,249,1996-09-05,1,1.5,2,1420,1535,29,NA,0,0,5,NA
CB,1996,262,1996-09-18,1,2.4,2.1,1330,1419,NA,NW,5,0,0,NA
CB,1996,275,1996-10-01,1,1.1,0.9,1450,1550,19.5,S,11,0,25,NA
CB,1996,288,1996-10-14,1,2.6,1.8,845,945,7,NW,2,0,100,NA
CB,1996,310,1996-11-05,1,NA,1.9,915,1030,6,NA,0,0,70,NA
CB,1997,13,1997-01-13,1,NA,0.8,1230,1345,-12,NW,7,NA,2,1
CB,1997,48,1997-02-17,1,NA,1.4,1040,1140,-3,S,5,NA,100,1
CB,1997,100,1997-04-10,1,NA,1.1,950,1035,0,NA,0,NA,20,1
CB,1997,127,1997-05-07,1,1.5,1.2,1427,1513,18,SE,10,2,100,NA
CB,1997,139,1997-05-19,1,1.6,1.4,1347,1420,8,NW,5,1,100,NA
CB,1997,153,1997-06-02,1,1.8,1.1,1415,1515,29,NE,3,1,20,NA
CB,1997,170,1997-06-19,1,2,1.6,850,915,17.5,S,3,0,100,NA
CB,1997,181,1997-06-30,1,2.2,1.4,1410,1515,26.5,SE,5,0,90,NA
CB,1997,195,1997-07-14,1,2,1.4,835,902,24,S,3,1,98,NA
CB,1997,210,1997-07-29,1,1.9,1.3,920,1140,23.5,N,5,0,0,NA
CB,1997,223,1997-08-11,1,2.4,1.3,1140,1205,20,NE,3,0,40,NA
CB,1997,238,1997-08-26,1,2.3,1.9,935,1040,19,NA,0,0,100,NA
CB,1997,254,1997-09-11,1,1.7,1.6,931,1025,16.5,NW,3,1,5,NA
CB,1997,265,1997-09-22,1,1.9,1.5,950,1102,18,W,8,1,20,NA
CB,1997,279,1997-10-06,1,1.9,1.6,821,852,11,NA,0,0,100,NA
CB,1997,294,1997-10-21,1,1.8,1.3,921,1019,3,NE,8,1,98,NA
CB,1997,310,1997-11-06,1,1.7,1.1,840,1126,4,NE,6,1,95,NA
CB,1998,20,1998-01-20,1,NA,1,1130,1233,-7,SE,2,NA,100,1
CB,1998,50,1998-02-19,1,NA,1.1,1030,1127,5,SE,3,NA,20,1
CB,1998,76,1998-03-17,1,NA,1,1420,1505,4,E,3,NA,100,1
CB,1998,110,1998-04-20,1,1.3,1.2,1345,1435,15,NW,4,0,60,NA
CB,1998,125,1998-05-05,1,1.8,1.1,1124,1155,16.5,W,4,1,10,NA
CB,1998,139,1998-05-19,1,1.9,1.8,1430,1522,26,NW,6,1,0,NA
CB,1998,154,1998-06-03,1,1.9,1.7,1048,1132,13,NW,8,1,85,NA
CB,1998,167,1998-06-16,1,1.8,1.7,1445,1541,29,NE,3,1,30,NA
CB,1998,181,1998-06-30,1,1.9,1.7,1330,1400,24.5,W,3,1,65,NA
CB,1998,196,1998-07-15,1,1.7,1.7,910,1010,23,S,3,1,100,NA
CB,1998,209,1998-07-28,1,2.1,1.7,850,925,21,SW,4,1,95,NA
CB,1998,222,1998-08-10,1,1.8,2,935,1045,23,NA,4,1,5,NA
CB,1998,236,1998-08-24,1,2.4,2,1400,1430,26,W,3,1,35,NA
CB,1998,251,1998-09-08,1,2.3,1.8,1500,1607,17.1,VAR,3,0,90,NA
CB,1998,264,1998-09-21,1,2,1.2,915,950,11,VAR,3,2,100,NA
CB,1998,280,1998-10-07,1,2.1,1.5,915,1010,10.5,VAR,8,1,90,NA
CB,1998,294,1998-10-21,1,2.6,1.9,920,1000,9,VAR,5,1,50,NA
CB,1998,306,1998-11-02,1,2,1.9,1400,1500,7,VAR,5,0,0,NA
CB,1999,19,1999-01-19,1,NA,1.1,1405,1445,-3,W,3,NA,85,1
CB,1999,56,1999-02-25,1,NA,1.3,930,1025,-0.6,N,1,NA,100,1
CB,1999,88,1999-03-29,1,NA,0.7,1000,1100,4,S,3,NA,10,1
CB,1999,124,1999-05-04,1,1.7,1.5,1550,1710,26.3,SE,13,2,30,NA
CB,1999,139,1999-05-19,1,2.3,2.2,944,1039,18.8,W,2,0,0,NA
CB,1999,153,1999-06-02,1,1.7,1.6,1538,1703,NA,NE,2,1,95,NA
CB,1999,165,1999-06-14,1,1.8,1.5,1056,1136,18.8,N,13,3,75,NA
CB,1999,181,1999-06-30,1,1.6,1.5,1004,1135,18.8,NA,0,0,100,NA
CB,1999,194,1999-07-13,1,1.4,1.3,921,1003,21.2,E,3,2,100,NA
CB,1999,207,1999-07-26,1,1.7,1.6,953,1122,24.4,E,3,1,100,NA
CB,1999,221,1999-08-09,1,1.5,1.4,947,1022,17.7,NA,0,0,100,NA
CB,1999,237,1999-08-25,1,0.8,0.7,1331,1420,27.3,NA,0,0,65,NA
CB,1999,252,1999-09-09,1,1.2,1.2,1359,1434,12.4,NW,3,1,100,NA
CB,1999,264,1999-09-21,1,1.2,1.2,1006,1109,9,N,8,1,30,NA
CB,1999,278,1999-10-05,1,1.9,1.6,1332,1405,11.8,NW,3,1,90,NA
CB,1999,293,1999-10-20,1,1.6,1.4,1502,1552,9.2,NW,2,1,30,NA
CB,1999,307,1999-11-03,1,2,1.9,1121,1227,3.1,NA,0,0,0,NA
CB,2000,28,2000-01-28,1,NA,1,1315,1410,-1,S,2,NA,0,1
CB,2000,54,2000-02-23,1,NA,1.1,1005,1102,6.8,NA,0,NA,100,1
CB,2000,89,2000-03-29,1,1.8,1.5,1333,1445,4.7,W,3,1,98,NA
CB,2000,108,2000-04-17,1,1.8,1.7,1352,1430,5.5,NA,0,0,100,NA
CB,2000,122,2000-05-01,1,1.7,1.5,1107,1155,16,NA,0,0,100,NA
CB,2000,138,2000-05-17,1,1.9,1.7,1250,1320,17.7,VAR,1,0,100,NA
CB,2000,152,2000-05-31,1,1.8,1.5,1540,1645,30,NA,0,0,15,NA
CB,2000,166,2000-06-14,1,1.7,1.4,1455,1540,20.7,NA,0,0,100,NA
CB,2000,180,2000-06-28,1,2,1.7,940,1040,19.2,W,3,1,85,NA
CB,2000,192,2000-07-10,1,1.5,1.1,1020,1100,26,W,4,1,0,NA
CB,2000,209,2000-07-27,1,1.7,1.3,1530,1645,21.3,N,8,1,90,NA
CB,2000,221,2000-08-08,1,1.8,1.5,1320,1345,24.5,NA,0,0,80,NA
CB,2000,235,2000-08-22,1,1.8,1.6,1605,1740,25.7,NA,0,0,50,NA
CB,2000,250,2000-09-06,1,1.8,1.5,1419,1455,22.1,N,2,0,95,NA
CB,2000,262,2000-09-18,1,1.6,1.1,1016,1123,24.1,SE,3,0,15,NA
CB,2000,276,2000-10-02,1,2,1.3,1351,1430,14.6,SSE,4,0,100,NA
CB,2000,292,2000-10-18,1,2.5,2,1509,1605,18.3,NA,0,0,50,NA
CB,2000,305,2000-10-31,1,2.5,2.5,1352,1433,17.2,SE,4,0,15,NA
CB,2000,318,2000-11-13,1,1.7,1.7,1544,1645,2.1,NA,0,0,100,NA
CB,2001,16,2001-01-16,1,NA,1.3,1145,1245,-5,NW,2,NA,100,1
CB,2001,60,2001-03-01,1,NA,1.2,1235,1315,7.5,N,3,NA,98,1
CB,2001,92,2001-04-02,1,1,NA,1320,1350,1,NA,0,NA,100,1
CB,2001,123,2001-05-03,1,1.6,1.3,1525,1643,10.7,NA,0,0,100,NA
CB,2001,135,2001-05-15,1,1.5,1.5,955,1040,20.7,NNW,2,0,50,NA
CB,2001,155,2001-06-04,1,1.2,1.6,1005,1105,14.9,NA,1,0,75,NA
CB,2001,164,2001-06-13,1,1.6,1.5,940,1020,21.4,E,1,0,100,NA
CB,2001,177,2001-06-26,1,1.3,1.3,1010,1105,29.5,W,5,1,3,NA
CB,2001,192,2001-07-11,1,2.3,2.1,920,950,21.8,N,5,0,10,NA
CB,2001,205,2001-07-24,1,1.6,1.3,1355,1450,24.5,N,1,1,20,NA
CB,2001,220,2001-08-08,1,1.9,1.6,1320,1345,32.9,NA,0,0,25,NA
CB,2001,234,2001-08-22,1,2.1,1.6,930,1020,23,NA,0,0,100,NA
CB,2001,248,2001-09-05,1,1.6,1,1230,1325,24.4,S,2,0,0,NA
CB,2001,262,2001-09-19,1,1.6,1.6,1436,1525,17,NA,0,0,100,NA
CB,2001,275,2001-10-02,1,1.8,1.4,1245,1333,23.2,SW,1,0,45,NA
CB,2001,290,2001-10-17,1,2.1,2.2,933,1013,7.3,NA,0,0,0,NA
CB,2001,303,2001-10-30,1,2.1,1.8,1300,1331,8.4,SSE,2,0,100,NA
CB,2001,316,2001-11-12,1,1.5,1.4,1505,1542,11.7,NA,0,0,0,NA
CB,2002,22,2002-01-22,1,NA,1,1325,1406,8,S,5,NA,40,1
CB,2002,53,2002-02-22,1,NA,1.1,1205,1300,2,NA,0,NA,10,1
CB,2002,92,2002-04-02,1,NA,0.8,950,1045,2,NA,0,NA,100,1
CB,2002,115,2002-04-25,1,1.1,1.1,1447,1525,NA,W,8,4,70,NA
CB,2002,128,2002-05-08,1,1.8,1.5,923,1002,7,N,3,0,100,NA
CB,2002,141,2002-05-21,1,1.4,1.2,1315,1410,22,NA,0,0,5,NA
CB,2002,155,2002-06-04,1,1.6,1.4,850,920,13,NA,0,0,100,NA
CB,2002,169,2002-06-18,1,1.8,1.6,915,1005,21,E,6,0,40,NA
CB,2002,182,2002-07-01,1,1.8,1.1,1420,1450,34,VAR,4,1,25,NA
CB,2002,198,2002-07-17,1,1.7,1.5,1245,1330,33,S,7,0,40,NA
CB,2002,210,2002-07-29,1,2.1,2,1335,1425,27.4,SW,2,0,75,NA
CB,2002,225,2002-08-13,1,1.9,1.6,1405,1500,25,SE,3,1,90,NA
CB,2002,239,2002-08-27,1,2.1,1.8,950,1010,16,N,4,0,100,NA
CB,2002,253,2002-09-10,1,1.7,1.5,955,1110,17,N,12,0,100,NA
CB,2002,266,2002-09-23,1,1.1,1.1,1255,1330,10.4,S,2,0,100,NA
CB,2002,281,2002-10-08,1,1.3,1.2,925,1035,10.6,ENE,3,0,100,NA
CB,2002,295,2002-10-22,1,1.4,1.2,925,955,-0.4,NA,0,0,100,NA
CB,2002,301,2002-10-28,1,1.4,1.1,955,1055,5,NA,0,0,45,NA
CB,2003,34,2003-02-03,1,NA,0.9,1215,1315,-1.9,VAR,3,NA,100,1
CB,2003,51,2003-02-20,1,NA,0.8,1425,1520,NA,NA,0,NA,0,1
CB,2003,91,2003-04-01,1,NA,1,1410,1445,9,VAR,2,NA,10,1
CB,2003,121,2003-05-01,1,1.2,1,950,1128,19,WSW,0,1,20,NA
CB,2003,132,2003-05-12,1,0.9,1.4,1004,1055,14,NW,3,2,50,NA
CB,2003,147,2003-05-27,1,2.2,2,1002,1103,24,NA,0,0,0,NA
CB,2003,161,2003-06-10,1,1.5,1.6,1345,1410,16,NA,0,0,100,NA
CB,2003,176,2003-06-25,1,1.7,1.5,917,1021,30,NA,0,0,80,NA
CB,2003,189,2003-07-08,1,1.8,1.4,1313,1345,25,NA,0,0,75,NA
CB,2003,203,2003-07-22,1,1.7,1.5,1454,1555,21,NA,0,0,50,NA
CB,2003,216,2003-08-04,1,1.8,1.5,934,1003,26,NA,0,0,99,NA
CB,2003,230,2003-08-18,1,1.9,1.5,1300,1520,31.5,S,2,1,0,NA
CB,2003,246,2003-09-03,1,2,1.4,925,1032,NA,N,4,1,90,NA
CB,2003,261,2003-09-18,1,1.9,1.4,1640,1740,23.8,S,3,1,0,NA
CB,2003,272,2003-09-29,1,2,1.9,931,1016,8.1,NNE,6,1,85,NA
CB,2003,288,2003-10-15,1,2.1,2,1455,1537,8,WNW,8,1,97,NA
CB,2003,301,2003-10-28,1,2.1,2,1303,1337,4,NA,0,0,100,NA
CB,2003,310,2003-11-06,1,2,1.8,1155,1308,0,W,7,0,0,NA
CB,2004,21,2004-01-21,1,NA,0.9,1325,1415,-6,NW,5,NA,100,1
CB,2004,58,2004-02-27,1,NA,1.2,1040,1132,5,SSE,5,NA,10,1
CB,2004,97,2004-04-06,1,NA,1.1,1250,1335,11,NE,5,NA,5,1
CB,2004,119,2004-04-28,1,1.1,1,1345,1422,2,SW,4,1,0,NA
CB,2004,132,2004-05-11,1,1.3,1.1,1100,1122,16,SE,8,1,0,NA
CB,2004,148,2004-05-27,1,1,1,1630,1820,15,ENE,4,0,70,NA
CB,2004,161,2004-06-09,1,1.2,0.9,950,1035,15,NA,0,0,100,NA
CB,2004,175,2004-06-23,1,0.9,0.7,920,1030,19,NA,0,0,5,NA
CB,2004,190,2004-07-08,1,1.4,1.3,910,945,15,N,4,1,100,NA
CB,2004,202,2004-07-20,1,1.5,1.3,1350,1440,31,SSW,5,1,35,NA
CB,2004,217,2004-08-04,1,1.7,1.5,1430,1505,24,WNW,3,1,45,NA
CB,2004,231,2004-08-18,1,1.8,1.8,910,1015,20,S,3,1,5,NA
CB,2004,244,2004-08-31,1,1.4,1.4,1400,1446,20,NA,0,0,NA,NA
CB,2004,258,2004-09-14,1,2,1.8,1346,1516,20.5,NA,0,0,100,NA
CB,2004,273,2004-09-29,1,2,1.1,1300,1400,21,NA,0,0,0,NA
CB,2004,287,2004-10-13,1,1.9,1.4,938,1102,12,NA,0,0,40,NA
CB,2004,300,2004-10-26,1,2.1,1.5,1125,1148,9,SE,2,0,75,NA
CB,2004,313,2004-11-08,1,2,1.6,1355,1503,4,NA,0,0,0,NA
CB,2005,12,2005-01-12,1,NA,0.7,1105,1150,0,SE,3,NA,100,1
CB,2005,59,2005-02-28,1,NA,1.4,1150,1245,-2,ESE,7,NA,100,1
CB,2005,90,2005-03-31,1,NA,1.1,1450,1545,5,NW,9,NA,95,1
CB,2005,108,2005-04-18,1,1.1,1.1,1055,1145,20,NA,0,0,25,NA
CB,2005,124,2005-05-04,1,1.1,1.1,1318,1343,17,NW,3,0,2,NA
CB,2005,137,2005-05-17,1,1.1,1.1,1018,1100,12,NA,0,0,100,NA
CB,2005,153,2005-06-02,1,1.4,1.3,1526,1610,30,SSE,7,0,5,NA
CB,2005,166,2005-06-15,1,1.4,1.4,1600,1706,17,SSE,6,0,35,NA
CB,2005,180,2005-06-29,1,1.6,1.5,944,1022,23,E,4,0,100,NA
CB,2005,194,2005-07-13,1,1.9,1.4,930,1035,31,NE,5,1,5,NA
CB,2005,208,2005-07-27,1,1.8,1.6,930,1000,25,SSW,4,1,40,NA
CB,2005,221,2005-08-09,1,1.6,1.4,1631,1720,20,NA,0,0,100,NA
CB,2005,234,2005-08-22,1,2,1.2,1059,1125,27,NA,0,0,75,NA
CB,2005,250,2005-09-07,1,1.7,1.5,1440,1540,19,NA,0,0,100,NA
CB,2005,263,2005-09-20,1,1.9,1.1,1251,1315,24,W,3,0,0,NA
CB,2005,279,2005-10-06,1,1.9,1.6,934,1011,17,SW,5,1,45,NA
CB,2005,292,2005-10-19,1,2,1.9,1154,1217,9,NA,0,0,0,NA
CB,2005,312,2005-11-08,1,1.9,1.2,1232,1333,11.5,NA,0,0,30,NA
CB,2006,12,2006-01-12,1,NA,0.9,1020,1120,1,NA,0,NA,30,1
CB,2006,54,2006-02-23,1,NA,1.4,1240,1345,-4,SW,8,NA,50,1
CB,2006,86,2006-03-27,1,NA,0.7,1020,1135,5,NA,0,NA,0,1
CB,2006,108,2006-04-18,1,1.7,0.9,1125,1230,15,SE,6,1,0,NA
CB,2006,123,2006-05-03,1,1.7,1.4,1320,1350,20,W,1,1,0,NA
CB,2006,137,2006-05-17,1,1.6,1,1345,1515,13,NW,4,1,50,NA
CB,2006,152,2006-06-01,1,1.2,0.7,1200,1310,24.5,NW,4,1,60,NA
CB,2006,164,2006-06-13,1,1.3,0.9,940,1100,29,NA,0,0,70,NA
CB,2006,179,2006-06-28,1,1.2,0.9,910,945,21,NA,0,0,90,NA
CB,2006,193,2006-07-12,1,1.2,1,1250,1400,30,NA,0,0,40,NA
CB,2006,207,2006-07-26,1,1.4,1.1,925,955,24,NA,0,0,90,NA
CB,2006,219,2006-08-07,1,1.6,1.5,1355,1455,25,NA,0,0,15,NA
CB,2006,234,2006-08-22,1,1.5,1.4,1000,1033,22,NA,0,0,30,NA
CB,2006,250,2006-09-07,1,1.9,1.7,911,1001,22,NA,0,0,0,NA
CB,2006,261,2006-09-18,1,1.6,1.4,1218,1248,16,NA,0,0,70,NA
CB,2006,276,2006-10-03,1,2,1.4,924,1003,14.5,NA,0,0,90,NA
CB,2006,291,2006-10-18,1,2.2,2,920,947,2,SW,3,1,98,NA
CB,2006,299,2006-10-26,1,2.1,1.9,1147,1245,5,NA,0,0,80,NA
CB,2007,22,2007-01-22,1,NA,0.8,1110,1155,-6,NA,0,NA,100,1
CB,2007,52,2007-02-21,1,NA,0.7,1255,1345,4,W,4,NA,10,1
CB,2007,113,2007-04-23,1,1.1,1,1405,1455,18,W,6,1,50,NA
CB,2007,128,2007-05-08,1,1.5,1.6,1111,1136,23,NA,0,0,20,NA
CB,2007,143,2007-05-23,1,1.7,1.6,1355,1445,23,SW,2,0,100,NA
CB,2007,156,2007-06-05,1,2.1,1.5,1115,1150,15,NW,1,1,97,NA
CB,2007,169,2007-06-18,1,1.6,1.5,930,1030,25,SW,4,2,10,NA
CB,2007,184,2007-07-03,1,1.7,1.4,1330,1400,25,W,5,1,30,NA
CB,2007,199,2007-07-18,1,1.8,1.6,910,950,22,NA,0,0,98,NA
CB,2007,212,2007-07-31,1,2,1.8,1225,1254,31,W,5,0,2,NA
CB,2007,226,2007-08-14,1,1.9,1.7,1345,1420,26,SW,3,1,50,NA
CB,2007,240,2007-08-28,1,1.8,1.6,1205,1235,24,N,2,1,60,NA
CB,2007,253,2007-09-10,1,2,1.5,1240,1330,15,NA,0,0,85,NA
CB,2007,269,2007-09-26,1,2,1.8,1142,1207,18,NA,0,0,5,NA
CB,2007,283,2007-10-10,1,1.7,1.3,1324,1403,7,W,6,0,100,NA
CB,2007,296,2007-10-23,1,1.6,1.1,916,943,4,NA,0,0,5,NA
CB,2007,312,2007-11-08,1,2.5,2.4,932,1029,2,NA,0,0,100,NA
CB,2008,28,2008-01-28,1,NA,0.9,1140,1230,3,S,5,NA,100,1
CB,2008,56,2008-02-25,1,NA,1.3,1010,1120,0,NA,0,NA,0,1
CB,2008,84,2008-03-24,1,NA,1.2,1145,1225,0,S,5,NA,5,1
CB,2008,127,2008-05-06,1,1,0.9,1415,1502,20,NA,0,0,95,NA
CB,2008,141,2008-05-20,1,1.2,0.7,1035,1108,13,NW,6,2,5,NA
CB,2008,157,2008-06-05,1,1.3,1.2,1704,1904,16,NA,0,0,100,NA
CB,2008,172,2008-06-20,1,1.2,1.1,1407,1449,26,NA,0,0,50,NA
CB,2008,184,2008-07-02,1,1,0.9,1101,1221,22,NW,5,1,87,NA
CB,2008,199,2008-07-17,1,1,0.9,1045,1110,28,NA,0,0,15,NA
CB,2008,211,2008-07-29,1,1.1,0.9,1459,1559,27,NA,0,0,80,NA
CB,2008,228,2008-08-15,1,1.4,1,1333,1400,24,NA,0,0,3,NA
CB,2008,240,2008-08-27,1,1.6,1.1,935,1030,19,SW,6,1,15,NA
CB,2008,253,2008-09-09,1,1.4,1,1339,1406,18,NA,0,0,17,NA
CB,2008,269,2008-09-25,1,1.8,1.2,1341,1423,18,S,4,0,90,NA
CB,2008,281,2008-10-07,1,1.6,1.5,1201,1220,14,NA,0,0,98,NA
CB,2008,296,2008-10-22,1,2,1.4,913,955,4,NA,0,0,90,NA
CB,2008,311,2008-11-06,1,1.7,1.4,1055,1145,11,NE,7,0,100,NA
CB,2009,22,2009-01-22,1,NA,1.1,1400,1500,-6,NA,0,NA,100,1
CB,2009,48,2009-02-17,1,NA,0.7,1400,1500,0,S,4,NA,30,1
CB,2009,77,2009-03-18,1,NA,0.8,1150,1250,4,W,3,NA,2,1
CB,2009,117,2009-04-27,1,0.8,0.8,1450,1536,9,SW,6,2,70,NA
CB,2009,132,2009-05-12,1,1.1,1,1038,1100,17,SSW,7,1,15,NA
CB,2009,147,2009-05-27,1,1.5,1.1,1630,1818,10,NW,4,0,100,NA
CB,2009,160,2009-06-09,1,1.1,1,914,1016,9,SW,0,0,100,NA
CB,2009,174,2009-06-23,1,1.3,1,945,1104,28,SW,5,0,2,NA
CB,2009,189,2009-07-08,1,1,0.8,950,1110,19,SE,2,0,35,NA
CB,2009,203,2009-07-22,1,1,0.8,1334,1454,24,SW,3,0,50,NA
CB,2009,215,2009-08-03,1,1.2,0.8,1407,1438,25,NW,3,0,70,NA
CB,2009,230,2009-08-18,1,1.2,1,1531,1641,21,N,7,0,50,NA
CB,2009,245,2009-09-02,1,1.5,1.3,912,941,18,NA,0,0,0,NA
CB,2009,259,2009-09-16,1,1.7,1.7,934,1027,16,E,4,1,5,NA
CB,2009,271,2009-09-28,1,1.2,1.3,1251,1323,9,N,9,2,100,NA
CB,2009,286,2009-10-13,1,1.6,1.6,947,1047,3,NA,0,0,80,NA
CB,2009,301,2009-10-28,1,1.7,1.6,855,934,1,NA,0,0,100,NA
CB,2009,313,2009-11-09,1,1.5,1.4,911,1042,7,ESE,3,0,60,NA
CB,2010,14,2010-01-14,1,NA,0.9,1430,1515,-4,NW,2,NA,100,1
CB,2010,53,2010-02-22,1,NA,0.9,1345,1431,0,ENE,3,NA,100,1
CB,2010,104,2010-04-14,1,1.1,1,1020,1110,16,SE,5,1,15,NA
CB,2010,116,2010-04-26,1,1.4,1.1,1035,1110,13,N,2,0,5,NA
CB,2010,131,2010-05-11,1,1.3,1.05,1440,1530,10,E,4,0,100,NA
CB,2010,147,2010-05-27,1,1.4,1.4,950,1030,22,NW,4,1,35,NA
CB,2010,159,2010-06-08,1,1.7,1.6,942,1105,22,W,1,0,100,NA
CB,2010,172,2010-06-21,1,1.3,1.1,856,932,30,SE,3,0,40,NA
CB,2010,187,2010-07-06,1,1.2,1.2,854,1002,23,NW,4,0,100,NA
CB,2010,200,2010-07-19,1,1.1,1.1,1204,1230,30,SE,3,0,100,NA
CB,2010,216,2010-08-04,1,1.2,0.9,1337,1417,28,W,8,3,20,NA
CB,2010,228,2010-08-16,1,1.3,0.8,844,914,20,NW,6,0,0,NA
CB,2010,245,2010-09-02,1,1.4,1.1,1032,1140,21,S,5,1,100,NA
CB,2010,258,2010-09-15,1,1.1,0.7,902,945,10,NA,0,0,100,NA
CB,2010,270,2010-09-27,1,1,0.9,934,1047,16,SW,1,0,80,NA
CB,2010,286,2010-10-13,1,0.9,0.6,845,935,12,NW,3,0,5,NA
CB,2010,298,2010-10-25,1,1.1,0.9,907,1008,16,NA,0,0,100,NA
CB,2010,316,2010-11-12,1,1,0.8,1343,1446,5,NA,0,0,100,NA
CB,2011,25,2011-01-25,1,NA,0.4,1412,1455,-2,NW,3,NA,95,1
CB,2011,48,2011-02-17,1,NA,0.7,1035,1123,7,NA,0,NA,100,1
CB,2011,76,2011-03-17,1,NA,0.9,1410,1505,11,NA,0,NA,85,1
CB,2011,122,2011-05-02,1,0.8,0.7,1508,1600,4,NA,0,0,95,NA
CB,2011,139,2011-05-19,1,0.9,0.8,1436,1525,21,NNW,3,1,99,NA
CB,2011,153,2011-06-02,1,1,0.8,1538,1645,24,SSW,3,1,40,NA
CB,2011,166,2011-06-15,1,1.1,0.8,923,950,20,NE,7,3,70,NA
CB,2011,180,2011-06-29,1,0.8,0.6,926,1042,25,SSW,2,0,0,NA
CB,2011,192,2011-07-11,1,1.1,0.9,915,952,30,NNW,3,2,50,NA
CB,2011,207,2011-07-26,1,0.9,0.8,1520,1602,32,NA,0,0,3,NA
CB,2011,222,2011-08-10,1,1.2,1,1330,1355,29,NNW,2,1,40,NA
CB,2011,236,2011-08-24,1,1.4,1.3,953,1058,22,W,5,2,0,NA
CB,2011,250,2011-09-07,1,0.9,0.95,1350,1415,27,NA,0,0,20,NA
CB,2011,264,2011-09-21,1,1.2,1,1502,1615,14,NA,0,0,80,NA
CB,2011,277,2011-10-04,1,1.1,0.9,1306,1335,25,NA,0,0,40,NA
CB,2011,292,2011-10-19,1,1.2,1,941,1040,7,NNE,6,1,75,NA
CB,2011,305,2011-11-01,1,1.3,1.2,1537,1600,12,NA,0,0,100,NA
CB,2011,312,2011-11-08,1,1.3,1.1,1028,1144,10.5,NNW,2,0,90,NA
CB,2012,9,2012-01-09,1,NA,0.8,1440,1535,4,NA,0,NA,0,1
CB,2012,53,2012-02-22,1,NA,0.5,1450,1540,-1,NA,0,NA,100,1
CB,2012,95,2012-04-04,1,1.1,1,1455,1545,17,NA,0,0,10,NA
CB,2012,110,2012-04-19,1,1.1,1.1,1340,1358,11,NA,0,0,98,NA
CB,2012,122,2012-05-01,1,1.3,1,1450,1530,20,S,4,1,45,NA
CB,2012,136,2012-05-15,1,1.1,1,1029,1053,22,NW,6,1,0,NA
CB,2012,151,2012-05-30,1,1.2,1.2,941,1034,14,WSW,2,1,90,NA
CB,2012,165,2012-06-13,1,0.7,0.6,928,953,23,ESE,3,2,0,NA
CB,2012,179,2012-06-27,1,1.2,0.9,1424,1504,32,ESE,4,1,0,NA
CB,2012,191,2012-07-09,1,1.2,1.1,1256,1350,32,SSW,5,2,30,NA
CB,2012,206,2012-07-24,1,1.2,1.1,1417,1505,37,ESE,2,1,3,NA
CB,2012,221,2012-08-08,1,1.2,0.8,908,930,19,NA,0,0,100,NA
CB,2012,235,2012-08-22,1,1,0.6,940,1040,28,SW,5,0,15,NA
CB,2012,249,2012-09-05,1,1,0.6,1357,1440,29,E,3,0,10,NA
CB,2012,262,2012-09-18,1,1,0.6,900,958,13,W,8,1,50,NA
CB,2012,277,2012-10-03,1,1.2,0.9,955,1017,22,NA,0,0,5,NA
CB,2012,291,2012-10-17,1,1.2,0.7,1406,1448,20.5,W,6,1,85,NA
CB,2012,304,2012-10-30,1,1.2,1,1342,1430,4,N,8,1,50,NA
CB,2012,310,2012-11-05,1,1.3,1.1,1052,1130,3,NA,0,0,80,NA
CB,2013,28,2013-01-28,1,NA,0.6,1440,1525,1,NA,0,NA,50,1
CB,2013,49,2013-02-18,1,NA,0.9,1350,1436,1,NA,0,NA,100,1
CB,2013,87,2013-03-28,1,NA,1,1517,1550,5,NW,4,NA,2,1
CB,2013,133,2013-05-13,1,1,1,1050,1135,NA,NA,0,0,5,NA
CB,2013,162,2013-06-11,1,1.1,0.9,1555,1700,31,NA,0,1,40,NA
CB,2013,177,2013-06-26,1,1.4,1.3,930,1000,28,S,5,0,80,NA
CB,2013,190,2013-07-09,1,1.4,1.2,1525,1620,26,S,2,0,100,NA
CB,2013,217,2013-08-05,1,1,1,1045,1200,18,NA,0,0,100,NA
CB,2013,231,2013-08-19,1,1.3,1,1245,1320,30,W,7,1,45,NA
CB,2013,248,2013-09-05,1,1.2,1.6,1518,1618,25,ESE,5,1,0,NA
CB,2013,276,2013-10-03,1,1.3,1.1,959,1053,15,SE,2,1,100,NA
CB,2013,301,2013-10-28,1,1.4,1,944,1041,3,ENE,5,1,80,NA
CB,2013,311,2013-11-07,1,1.4,1,1006,1106,3,NA,0,0,100,NA
CB,2014,34,2014-02-03,1,NA,0.7,1320,1435,-4,NA,0,NA,10,1
CB,2014,51,2014-02-20,1,NA,0.8,1410,1505,4,NE,7,NA,100,1
CB,2014,90,2014-03-31,1,NA,1.1,1150,1245,9,SE,2,NA,100,1
CB,2014,141,2014-05-21,1,1.5,1.2,1615,1800,18,WNW,2,0,85,NA
CB,2014,155,2014-06-04,1,1.2,1.1,940,1025,28,NE,2,1,15,NA
CB,2014,169,2014-06-18,1,1.6,1.2,945,1055,21,NA,0,0,100,NA
CB,2014,182,2014-07-01,1,1.6,1.2,1320,1400,27,E,4,1,80,NA
CB,2014,196,2014-07-15,1,1.7,1.3,1000,1105,18,NA,0,0,95,NA
CB,2014,210,2014-07-29,1,1.6,1.4,1205,1240,27,N,1,1,20,NA
CB,2014,225,2014-08-13,1,1.4,1,940,1040,20,NA,0,0,60,NA
CB,2014,238,2014-08-26,1,1.5,1.2,925,1015,18,W,5,1,99,NA
CB,2014,253,2014-09-10,1,1.7,1.2,946,1100,13,N,5,0,100,NA
CB,2014,268,2014-09-25,1,1.6,1.1,940,1046,20,NA,0,0,99,NA
CB,2014,281,2014-10-08,1,1.3,0.9,955,1030,9,NW,3,0,75,NA
CB,2014,294,2014-10-21,1,1.3,1.1,1001,1040,8,E,4,0,100,NA
CB,2014,308,2014-11-04,1,1.6,1.2,1424,1600,6,S,3,0,100,NA
CB,2015,23,2015-01-23,1,NA,0.8,1105,1147,1,SW,4,NA,100,1
CB,2015,65,2015-03-06,1,NA,0.8,1415,1500,NA,SW,1,NA,0,1
CB,2015,82,2015-03-23,1,NA,0.9,1420,1503,8,NA,0,NA,60,1
CB,2015,110,2015-04-20,1,1.3,0.9,1020,1140,3,N,5,2,100,NA
CB,2015,127,2015-05-07,1,1.2,0.9,840,910,18,S,3,1,0,NA
CB,2015,140,2015-05-20,1,1.5,0.5,1544,1636,17.5,NNW,3,1,80,NA
CB,2015,153,2015-06-02,1,1.7,1,1419,1530,28,SSE,7,0,15,NA
CB,2015,167,2015-06-16,1,1.7,1.5,1417,1515,25,NA,0,0,30,NA
CB,2015,180,2015-06-29,1,1.8,1.3,922,957,27,S,1,0,90,NA
CB,2015,195,2015-07-14,1,1.8,1.4,927,1017,18,N,2,0,99,NA
CB,2015,210,2015-07-29,1,1.8,1.3,1528,1557,29,NNW,3,1,95,NA
CB,2015,224,2015-08-12,1,2,1.3,1352,1449,28,NA,0,0,1,NA
CB,2015,238,2015-08-26,1,1.9,0.8,1430,1505,29.5,WSW,5,1,5,NA
CB,2015,252,2015-09-09,1,1.8,1.4,1527,1645,19,NW,6,1,95,NA
CB,2015,264,2015-09-21,1,1.4,0.8,938,1025,19,S,3,1,0,NA
CB,2015,280,2015-10-07,1,1.7,1.2,932,1030,14,NE,1,0,60,NA
CB,2015,292,2015-10-19,1,1.6,1.2,1318,1400,20,SW,5,1,80,NA
CB,2015,313,2015-11-09,1,1.5,1.1,1425,1530,12,SW,2,1,0,NA
CB,2016,25,2016-01-25,1,NA,0.9,1050,1130,-2,NA,0,NA,100,1
CB,2016,55,2016-02-24,1,NA,1,1345,1440,0,N,3,NA,100,1
CB,2016,113,2016-04-22,1,1.3,1,1110,1220,9,NA,0,0,95,NA
CB,2016,132,2016-05-11,1,1.3,1,1040,1115,12,S,1,0,100,NA
CB,2016,146,2016-05-25,1,1.4,1.1,930,1035,22,SE,2,1,70,NA
CB,2016,160,2016-06-08,1,3.7,3.1,1330,1410,20,NA,0,1,5,NA
CB,2016,173,2016-06-21,1,1.7,1.1,935,1050,29,WNW,5,2,50,NA
CB,2016,189,2016-07-07,1,1.6,1.3,940,1050,22,E,1,0,100,NA
CB,2016,203,2016-07-21,1,1.6,0.9,1420,1510,34,SSE,3,1,5,NA
CB,2016,215,2016-08-02,1,1.4,0.9,1310,1355,24,NA,0,0,90,NA
CB,2016,230,2016-08-17,1,1.5,1.1,1350,1450,29,NA,0,0,10,NA
CB,2016,243,2016-08-30,1,1.8,1.4,1250,1340,28,NW,3,1,60,NA
CB,2016,257,2016-09-13,1,1.4,0.9,1315,1410,20,NW,3,0,50,NA
CB,2016,271,2016-09-27,1,2.4,2.1,1155,1235,12,W,7,0,100,NA
CB,2016,286,2016-10-12,1,1.4,1.2,930,1045,8,NW,8,0,100,NA
CB,2016,299,2016-10-25,1,1.7,1.5,1300,1350,8,W,3,0,20,NA
CB,2016,315,2016-11-10,1,1.3,1.2,1345,1530,17,W,9,1,0,NA
CB,2017,17,2017-01-17,1,NA,0.7,1415,1455,4,NA,0,NA,30,1
CB,2017,54,2017-02-23,1,NA,1.1,1125,1210,4,NA,0,NA,99,1
CB,2017,83,2017-03-24,1,NA,0.7,1130,1205,3,NA,0,NA,100,1
CB,2017,108,2017-04-18,1,1.2,1.1,1355,1500,8,NA,0,0,100,NA
CB,2017,121,2017-05-01,1,1.4,1.1,1024,1055,6,NA,0,0,100,NA
CB,2017,138,2017-05-18,1,1.3,1.2,1035,1115,9,N,2,2,100,NA
CB,2017,152,2017-06-01,1,1.2,1,1322,1410,25,WNW,6,6,6,NA
CB,2017,165,2017-06-14,1,1.3,1.1,1427,1520,27,NA,0,1,75,NA
CB,2017,179,2017-06-28,1,1.1,1,1200,1225,20,NA,0,0,100,NA
CB,2017,192,2017-07-11,1,1.5,1.1,940,1030,40,NA,0,0,75,NA
CB,2017,205,2017-07-24,1,1.1,0.8,1350,1420,26,NA,0,1,0,NA
CB,2017,219,2017-08-07,1,1.4,1.2,920,1000,25,NA,0,0,40,NA
CB,2017,233,2017-08-21,1,1.6,1,1200,1225,27,NA,0,0,5,NA
CB,2017,250,2017-09-07,1,1.6,1.1,1318,1405,15,NE,3,1,90,NA
CB,2017,263,2017-09-20,1,2.1,1.2,1241,1308,19,SSW,1,1,100,NA
CB,2017,276,2017-10-03,1,1.5,1.1,1331,1415,21,SSW,3,1,100,NA
CB,2017,291,2017-10-18,1,1.4,0.9,1330,1408,18,SSW,4,1,50,NA
CB,2017,310,2017-11-06,1,2,1.6,941,1145,4,WSW,1,0,0,NA
CB,2018,18,2018-01-18,1,NA,1.1,1330,1425,1,NA,0,NA,100,1
CB,2018,54,2018-02-23,1,NA,0.9,1100,1150,0,N,5,NA,100,1
CB,2018,86,2018-03-27,1,NA,0.9,1330,1410,3,NA,0,NA,100,1
CB,2018,134,2018-05-14,1,1.5,1.1,1255,1345,27,N,3,0,25,NA
CB,2018,151,2018-05-31,1,1.4,1.1,934,1026,20,NE,2,1,100,NA
CB,2018,164,2018-06-13,1,1.6,1.3,1510,1600,27,W,5,1,10,NA
CB,2018,178,2018-06-27,1,1.8,1.2,920,950,NA,NA,0,1,100,NA
CB,2018,190,2018-07-09,1,1.7,1.2,1400,1446,31,NA,0,2,30,NA
CB,2018,204,2018-07-23,1,1.8,1.2,1330,1430,34,N,2,1,10,NA
CB,2018,219,2018-08-07,1,1.8,1.4,1400,1500,32,NE,2,0,40,NA
CB,2018,232,2018-08-20,1,1.8,1.4,910,945,20,NA,0,0,90,NA
CB,2018,248,2018-09-05,1,1.9,1.5,1535,1705,19,NA,0,1,40,NA
CB,2018,262,2018-09-19,1,1.9,1.5,935,1015,14,NA,0,0,100,NA
CB,2018,276,2018-10-03,1,1.7,1.5,1415,1505,17,NA,0,0,100,NA
CB,2018,288,2018-10-15,1,2,1.2,1000,1045,2,NA,0,1,90,NA
CB,2018,309,2018-11-05,1,2,1.5,945,1100,4,SW,6,0,90,NA
CB,2019,15,2019-01-15,1,NA,1.1,1215,1300,-3,NW,4,NA,100,1
CB,2019,54,2019-02-23,1,NA,0.8,1150,1245,0,E,3,NA,100,1
CB,2019,80,2019-03-21,1,NA,0.5,1238,1325,7,SE,9,NA,3,1
CB,2019,126,2019-05-06,1,1.6,1.3,925,1020,12,S,5,0,98,NA
CB,2019,142,2019-05-22,1,1.6,1,1419,1459,12,NA,0,0,100,NA
CB,2019,156,2019-06-05,1,1.7,1.1,921,1027,19,NA,0,0,100,NA
CB,2019,168,2019-06-17,1,2,1.4,1445,1524,26,S,9,0,60,NA
CB,2019,182,2019-07-01,1,1.9,1.1,1249,1345,24,NNW,3,1,100,NA
CB,2019,196,2019-07-15,1,1.5,1.4,940,1022,32,SSE,4,0,0,NA
CB,2019,211,2019-07-30,1,1.8,1.6,1610,1705,28,NE,4,5,0,NA
CB,2019,226,2019-08-14,1,1.5,1.2,1235,1317,23,NA,0,0,50,NA
CB,2019,240,2019-08-28,1,1.9,1.4,1325,1408,10,W,5,0,100,NA
CB,2019,253,2019-09-10,1,1.7,1,1300,1340,18,NA,0,0,90,NA
CB,2019,268,2019-09-25,1,1.4,1.8,1350,1455,19.5,NW,6,2,20,NA
CB,2019,280,2019-10-07,1,2.1,1.2,1443,1516,12,NW,6,1,40,NA
CB,2019,295,2019-10-22,1,1.8,1.5,1330,1418,3,NA,0,1,100,NA
CB,2019,308,2019-11-04,1,1.8,1.3,920,1040,11,NA,0,0,100,NA
CB,2020,22,2020-01-22,1,NA,1.2,1355,1440,-2,NW,4,NA,100,1
CB,2020,52,2020-02-21,1,NA,0.9,1340,1428,4,SW,6,NA,0,1
CB,2020,121,2020-04-30,1,1.7,0.7,1026,1155,8,NW,4,1,0,NA
CB,2020,156,2020-06-04,1,1.6,1.2,1050,1210,NA,NA,NA,2,70,NA
CB,2020,185,2020-07-03,1,1.7,1.6,852,1020,31,SE,4,0,5,NA
CB,2020,217,2020-08-04,1,1.8,1.6,1144,1344,16,NE,8,0,60,NA
CB,2020,251,2020-09-07,1,2.1,1.7,1313,1433,11,N,5,1,95,NA
CB,2020,286,2020-10-12,1,2,1.5,1317,1505,3,NA,0,0,100,NA
CB,2020,302,2020-10-28,1,2.4,1.8,925,1024,-1,NA,0,0,95,NA
CB,2021,21,2021-01-21,1,NA,0.9,1133,1205,-5,N,8,NA,100,1
CB,2021,53,2021-02-22,1,NA,0.8,1400,1439,-1,NA,0,NA,90,1
CB,2021,96,2021-04-06,1,2.7,2,1428,1509,18,NA,0,0,95,NA
CB,2021,125,2021-05-05,1,2,1.65,920,1000,6,W,3,0,65,NA
CB,2021,155,2021-06-04,1,1.9,1.2,930,1015,19,NA,0,0,0,NA
CB,2021,180,2021-06-29,1,1.7,1.5,1316,1345,20.6,NA,0,0,99,NA
CB,2021,208,2021-07-27,1,2.1,2,1003,1040,25,SW,3,0,5,NA
CB,2021,236,2021-08-24,1,1.9,1.8,1555,1623,25,NA,0,0,50,NA
CB,2021,265,2021-09-22,1,2.5,1.7,1240,1315,19,WNW,3,0,35,NA
CB,2021,293,2021-10-20,1,1.7,1.6,1350,1420,11.4,NA,0,0,100,NA
CB,2021,312,2021-11-08,1,1.2,0.8,1109,1323,16,N,4,0,85,NA
CB,2022,32,2022-02-01,1,NA,1.1,938,1015,0.5,NW,5,NA,100,1
CB,2022,59,2022-02-28,1,NA,0.9,1435,1520,3.2,NNW,1,NA,90,1
CB,2022,75,2022-03-16,1,NA,1.3,1130,1202,10.4,SE,5,NA,99,1
CB,2022,123,2022-05-03,1,1.5,0.9,957,1045,6,E,4,0,90,NA
CB,2022,138,2022-05-18,1,1.7,1.3,1027,1045,18,W,7,0,80,NA
CB,2022,154,2022-06-03,1,1.7,1.4,924,1019,12,N,4,2,90,NA
CB,2022,166,2022-06-15,1,2,1.6,1314,1339,25.3,NA,0,0,100,NA
CB,2022,180,2022-06-29,1,2.1,1.4,1628,1720,22.6,SW,3,0,70,NA
CB,2022,194,2022-07-13,1,1.9,1.4,1122,1144,18.7,ESE,3,0,5,NA
CB,2022,208,2022-07-27,1,2,2.7,1404,1448,22.6,SSW,6,0,70,NA
CB,2022,220,2022-08-08,1,2.1,2.1,1317,1340,18.9,WSW,4,0,5,NA
CB,2022,241,2022-08-29,1,1.9,1.4,1444,1545,25.4,NA,0,1,90,NA
CB,2022,249,2022-09-06,1,2.2,1.7,1300,1348,30.8,NA,0,0,20,NA
CB,2022,264,2022-09-21,1,1.6,0.6,1410,1455,18,NW,6,2,95,NA
CB,2022,277,2022-10-04,1,1.4,0.6,1208,1241,19,NA,0,1,90,NA
CB,2022,290,2022-10-17,1,1.6,1.1,1517,1645,2,NE,6,2,95,NA
CB,2022,305,2022-11-01,1,2.4,1.6,1150,1218,15,N,1,0,1,NA
CB,2022,318,2022-11-14,1,1.7,1.3,1058,1212,-0.4,E,4,0,100,NA
CB,2023,18,2023-01-18,1,NA,1,1430,1527,-1,N,2,NA,100,1
CB,2023,45,2023-02-14,1,NA,1.3,1412,1505,7,S,1,NA,100,1
CB,2023,74,2023-03-15,1,1.3,NA,1104,1146,5,S,1,NA,100,1
CB,2023,122,2023-05-02,1,1.3,1.1,1125,1225,4,N,15,1,99,NA
CB,2023,151,2023-05-31,1,1.5,1,1453,1604,28.8,S,2,0,70,NA
CB,2023,165,2023-06-14,1,1.9,1.1,947,1025,21.1,NA,0,0,100,NA
CB,2023,177,2023-06-26,1,1.9,1.1,1528,1635,16.4,ESE,3,0,90,NA
CB,2023,192,2023-07-11,1,1.9,1.3,1332,1407,19.5,NA,0,0,50,NA
CB,2023,206,2023-07-25,1,2.1,1.3,1430,1535,25.2,SW,3,0,60,NA
CB,2023,219,2023-08-07,1,2,1.5,945,1015,22.8,NA,0,0,15,NA
CB,2023,233,2023-08-21,1,2.1,1.5,1628,1718,20.6,0.0,0,0,100,NA
CB,2023,250,2023-09-07,1,2.2,0.9,947,1028,15,NNW,5,2,100,NA
CB,2023,263,2023-09-20,1,1.8,0.9,1355,1447,24,SSW,2,1,5,NA
CB,2023,275,2023-10-02,1,2.1,1.6,936,1019,21,SSE,6,1,60,NA
CB,2023,290,2023-10-17,1,1.7,1.3,909,957,9,SSE,4,1,100,NA
CB,2023,303,2023-10-30,1,2.4,1.7,957,1045,3,WSW,3,1,20,NA
CB,2023,317,2023-11-13,1,2.1,1.7,1335,1503,9,WNW,8,1,0,NA
CB,2024,11,2024-01-11,1,NA,1.1,1112,1142,-1,NA,0,NA,80,1
CB,2024,36,2024-02-05,1,NA,0.9,1355,1455,7.5,NA,0,NA,100,1
CB,2024,99,2024-04-08,1,1.5,1,935,1033,10,ENE,8,1,100,NA
CB,2024,123,2024-05-02,1,1.8,1.2,1007,1035,11,NA,0,0,100,NA
CB,2024,136,2024-05-15,1,2.4,1.9,1332,1359,20,W,1,0,10,NA
CB,2024,151,2024-05-30,1,2.1,1.7,1439,1557,23,S,4,1,10,NA
CB,2024,163,2024-06-11,1,2,1.8,957,1120,16,S,2,1,99,NA
CB,2024,176,2024-06-24,1,2.1,2.2,936,1038,20.8,N,2,2,30,NA
CB,2024,192,2024-07-10,1,2.1,1.3,1525,1624,27.3,NE,4,1,40,NA
CB,2024,206,2024-07-24,1,2.1,1.3,923,957,18,E,1,2,40,NA
CB,2024,221,2024-08-08,1,1.9,1.7,1430,1533,17.6,W,1,2,40,NA
CB,2024,235,2024-08-22,1,2.4,1.9,920,949,19.5,SE,2,1,15,NA
CB,2024,248,2024-09-04,1,2.1,1.4,952,1045,22.2,S,21,0,0,NA
CB,2024,260,2024-09-16,1,2.3,1.4,1256,1348,30.7,S,2,0,30,NA
CB,2024,276,2024-10-02,1,1.9,1.2,908,1024,14.8,NA,3,2,10,NA
CB,2024,288,2024-10-14,1,2.1,1.3,915,1004,9.8,NA,0,0,95,NA
CB,2024,305,2024-10-31,1,1.8,1.3,905,1000,4.8,NA,0,0,100,NA
CB,2024,323,2024-11-18,1,2.1,1.7,908,1015,9.9,W,1,0,10,NA
CB,2025,16,2025-01-16,1,NA,0.9,1301,1329,-1,NA,4,NA,99,1
CB,2025,59,2025-02-28,1,NA,0.9,1055,1137,4.1,NW,14,NA,100,1
CB,2025,73,2025-03-14,1,NA,1,1134,1215,13.5,SE,3,NA,60,1
CB,2025,108,2025-04-18,1,1.7,1.4,952,1105,8.4,N,1,0,100,NA
CB,2025,134,2025-05-14,1,1.7,1.4,1353,1430,26,N,1,1,60,NA
CB,2025,148,2025-05-28,1,1.6,1.4,1357,1427,21,E,1,1,100,NA
CB,2025,161,2025-06-10,1,1.9,1.6,1418,1528,14.3,W,2,1,100,NA
CB,2025,174,2025-06-23,1,2.1,1.5,934,1010,27.3,NW,3,4,90,NA
CB,2025,190,2025-07-09,1,2.2,1.8,911,1015,20,N,1,1,95,NA
CB,2025,203,2025-07-22,1,2,1.7,912,956,21.8,SW,1,1,100,NA
CB,2025,218,2025-08-06,1,2.2,1.7,1304,1358,22.6,E,2,1,100,NA
CB,2025,232,2025-08-20,1,2.5,1.9,1159,1233,20.7,NW,2,1,100,NA
CB,2025,248,2025-09-05,1,2.3,1.5,931,957,10,N,9,3,100,NA
CB,2025,260,2025-09-17,1,2.5,1.8,1338,1408,27,WNW,1,0,75,NA
CB,2025,273,2025-09-30,1,2.4,1.9,1455,1528,24.5,NA,0,0,90,NA
CB,2025,286,2025-10-13,1,1.7,1.3,1553,1653,18.4,NA,0,0,0,NA
CB,2025,302,2025-10-29,1,2,1.7,923,1028,7.8,E,2,0,5,NA
CB,2025,314,2025-11-10,1,2,1.5,1413,1510,0.2,NW,3,0,100,NA
CR,1981,113,1981-04-23,1,NA,NA,NA,NA,2.8,NA,NA,NA,99,NA
CR,1981,140,1981-05-20,1,NA,NA,NA,NA,21,W,NA,NA,5,NA
CR,1981,155,1981-06-04,1,NA,NA,NA,NA,18.8,NA,0,0,0,NA
CR,1981,167,1981-06-16,1,7.6,NA,NA,NA,15.7,W,13,NA,NA,NA
CR,1981,182,1981-07-01,1,NA,10.8,NA,NA,20.5,E,5,NA,0,NA
CR,1981,195,1981-07-14,1,12.4,NA,NA,NA,20.5,SE,NA,NA,99,NA
CR,1981,208,1981-07-27,1,10.8,NA,NA,NA,28.3,E,NA,NA,NA,NA
CR,1981,224,1981-08-12,1,9.9,NA,NA,NA,20.3,W,5,5,99,NA
CR,1981,237,1981-08-25,1,9.4,NA,NA,NA,NA,SE,NA,NA,NA,NA
CR,1981,253,1981-09-10,1,9,NA,NA,NA,19.8,NA,0,0,0,NA
CR,1981,267,1981-09-24,1,10.5,NA,NA,NA,13.3,NA,0,0,99,NA
CR,1981,292,1981-10-19,1,7.4,NA,NA,NA,2.5,NW,5,8,99,NA
CR,1981,335,1981-12-01,1,9.5,NA,NA,NA,-1.3,NA,2,3,99,NA
CR,1982,22,1982-01-22,1,NA,6.1,1030,1215,-13,SE,10,NA,99,1
CR,1982,60,1982-03-01,1,NA,6.9,1045,1335,-11.6,NW,10,NA,0,1
CR,1982,98,1982-04-08,1,NA,7,1040,1300,1,NA,3,NA,5,1
CR,1982,130,1982-05-10,1,6.2,5.6,1210,1450,17.5,SW,15,10,80,NA
CR,1982,147,1982-05-27,1,7.6,7,945,1213,15.8,NA,5,3,99,NA
CR,1982,158,1982-06-07,1,8.3,7.6,1040,1323,17,W,15,20,30,NA
CR,1982,175,1982-06-24,1,11.8,8.6,1057,1335,18.4,SW,12,7,99,NA
CR,1982,187,1982-07-06,1,10.7,9.4,1402,1630,28.8,NA,7,8,70,NA
CR,1982,200,1982-07-19,1,11.2,11,1445,1720,28.7,W,2,2,10,NA
CR,1982,215,1982-08-03,1,9.2,7.2,1410,1617,29,W,2,2,60,NA
CR,1982,228,1982-08-16,1,NA,7.1,1113,1333,27,W,3,3,20,NA
CR,1982,252,1982-09-09,1,9.3,8.1,1025,1250,19.3,SW,5,2,99,NA
CR,1982,265,1982-09-22,1,8.8,8,1020,1203,17,NA,2,2,0,NA
CR,1982,278,1982-10-05,1,8.1,7.3,1025,1232,12.2,NA,0,0,10,NA
CR,1982,294,1982-10-21,1,6.5,6,1500,1700,1.8,W,5,4,99,NA
CR,1982,315,1982-11-11,1,7.2,7.3,1015,1219,2.3,NA,0,0,99,NA
CR,1982,337,1982-12-03,1,8.3,8.2,1042,1200,5.5,W,6,8,0,NA
CR,1983,14,1983-01-14,1,NA,6.3,1005,1300,-6,NE,6,NA,99,1
CR,1983,52,1983-02-21,1,NA,10.4,1050,1340,3,S,3,NA,80,1
CR,1983,89,1983-03-30,1,NA,3.1,1000,1400,0,S,5,NA,99,1
CR,1983,132,1983-05-12,1,7.8,6.4,1105,1332,15.6,SE,2,3,99,NA
CR,1983,143,1983-05-23,1,8.9,7.7,1107,1415,12,N,10,7,5,NA
CR,1983,157,1983-06-06,1,9.9,8.8,1556,1836,17,SW,15,13,30,NA
CR,1983,172,1983-06-21,1,11.4,8.4,1000,1251,23,S,1,2,99,NA
CR,1983,188,1983-07-07,1,9.3,8.3,920,1200,22,S,3,4,0,NA
CR,1983,201,1983-07-20,1,9.1,9,940,1210,24,S,1,0,30,NA
CR,1983,214,1983-08-02,1,8,6.9,1545,1800,28,SW,4,7,NA,NA
CR,1983,228,1983-08-16,1,8.1,7,935,1135,22,S,2,3,0,NA
CR,1983,252,1983-09-09,1,7.6,7.1,1000,1217,23.8,W,5,4,5,NA
CR,1983,269,1983-09-26,1,6.8,6.4,1105,1400,19.9,NA,3,3,15,NA
CR,1983,292,1983-10-19,1,6.7,5.9,1025,1216,5.8,SE,2,2,99,NA
CR,1983,319,1983-11-15,1,6.8,5.6,1240,1407,2,WNW,8,3,99,NA
CR,1983,333,1983-11-29,1,8.4,5,1350,1459,-2.8,WNW,13,5,99,NA
CR,1984,5,1984-01-05,1,NA,8.1,1236,1425,0,W,9,NA,99,1
CR,1984,60,1984-02-29,1,NA,8.1,1100,1250,-9.2,N,10,NA,20,1
CR,1984,103,1984-04-12,1,NA,9.5,1245,1427,12.2,ESE,15,NA,99,1
CR,1984,116,1984-04-25,1,8.5,9,1330,1544,15.8,W,5,4,15,NA
CR,1984,129,1984-05-08,1,5.8,5.5,953,1202,1.8,W,12,7,99,NA
CR,1984,144,1984-05-23,1,5.8,5.8,1019,1255,12.5,N,7,10,5,NA
CR,1984,159,1984-06-07,1,4.3,3.5,1410,1625,24.3,S,5,8,13,NA
CR,1984,170,1984-06-18,1,8,5.9,1000,1212,20,N,9,6,40,NA
CR,1984,186,1984-07-04,1,10.2,9.8,1250,1453,24.1,W,12,10,40,NA
CR,1984,200,1984-07-18,1,6.2,5.6,1030,1230,21,NW,5,3,30,NA
CR,1984,212,1984-07-30,1,6.1,5.1,1017,1303,23,W,6,5,78,NA
CR,1984,226,1984-08-13,1,6.9,6.2,1421,1636,24.7,S,5,4,85,NA
CR,1984,249,1984-09-05,1,6.3,6,950,1222,19.8,NA,0,0,20,NA
CR,1984,271,1984-09-27,1,5.4,5.4,1024,1315,9.6,W,3,3,70,NA
CR,1984,290,1984-10-16,1,NA,NA,1433,1659,12.8,S,8,4,99,NA
CR,1984,311,1984-11-06,1,NA,6.8,836,1053,-1.9,W,2,0,3,NA
CR,1985,10,1985-01-10,1,NA,5,954,1145,-8.2,NA,0,NA,99,1
CR,1985,59,1985-02-28,1,NA,5,950,1205,3.8,S,5,NA,99,1
CR,1985,87,1985-03-28,1,NA,11,945,1127,5.3,SE,4,NA,80,1
CR,1985,101,1985-04-11,1,NA,NA,1240,1320,NA,NA,0,NA,9,1
CR,1985,121,1985-05-01,1,8.2,8.1,1424,1701,15.8,SE,1,1,0,NA
CR,1985,135,1985-05-15,1,5.9,4.3,930,1140,NA,SE,1,2,99,NA
CR,1985,149,1985-05-29,1,10.9,10.1,929,1210,12,SSE,4,3,99,NA
CR,1985,163,1985-06-12,1,9.9,7.9,918,1043,12,N,13,10,60,NA
CR,1985,175,1985-06-24,1,8.2,7.1,922,1135,18,N,3,3,40,NA
CR,1985,189,1985-07-08,1,5.1,6.9,948,1130,25,N,4,5,10,NA
CR,1985,204,1985-07-23,1,7.5,5.8,1355,1620,25,SW,13,7,8,NA
CR,1985,219,1985-08-07,1,7.4,6.1,1348,1604,26,NW,10,5,5,NA
CR,1985,234,1985-08-22,1,7.1,5.9,1407,1615,18.5,NA,0,0,99,NA
CR,1985,254,1985-09-11,1,8.8,7.6,911,1055,15,NA,0,0,0,NA
CR,1985,275,1985-10-02,1,8.6,6.6,1309,1510,14,W,5,2,3,NA
CR,1985,295,1985-10-22,1,7,5.6,915,1115,11,SE,5,3,99,NA
CR,1985,317,1985-11-13,1,7.1,6.8,1242,1437,1,S,5,1,60,NA
CR,1986,15,1986-01-15,1,NA,11.5,1045,1330,-4.1,NW,9,NA,99,1
CR,1986,55,1986-02-24,1,NA,7,1045,1215,-5,NE,2,NA,99,1
CR,1986,92,1986-04-02,1,NA,15.2,940,1115,6.8,S,5,NA,95,1
CR,1986,112,1986-04-22,1,7.8,6.7,1425,1610,7,NW,5,3,0,NA
CR,1986,125,1986-05-05,1,6.7,5.2,1325,1553,22,SSE,8,3,15,NA
CR,1986,142,1986-05-22,1,11.4,9.1,905,1155,15.5,NE,8,2,90,NA
CR,1986,156,1986-06-05,1,13,11,915,1055,16,E,15,10,1,NA
CR,1986,170,1986-06-19,1,11.5,8.7,1005,1220,23.5,SW,10,5,50,NA
CR,1986,183,1986-07-02,1,9.8,7.3,845,1013,17.9,N,10,5,95,NA
CR,1986,198,1986-07-17,1,10,7,930,NA,27,SW,10,5,10,NA
CR,1986,211,1986-07-30,1,9.8,6.9,921,1050,24.5,S,8,2,90,NA
CR,1986,226,1986-08-14,1,9.9,6.5,958,1212,19,SSE,8,1,99,NA
CR,1986,239,1986-08-27,1,8.6,6.2,920,1045,10.1,N,20,10,30,NA
CR,1986,254,1986-09-11,1,8.5,6.4,930,NA,NA,N,10,5,99,NA
CR,1986,267,1986-09-24,1,NA,6.9,1343,1457,21,SW,8,2,50,NA
CR,1986,281,1986-10-08,1,7.6,6,1331,1615,12,NW,12,10,40,NA
CR,1986,295,1986-10-22,1,7.5,6.1,1150,1312,15,W,14,10,99,NA
CR,1986,307,1986-11-03,1,7.8,6.1,1046,1250,2.5,W,13,5,99,NA
CR,1986,321,1986-11-17,1,8,6.8,1130,NA,-4,NW,13,5,50,NA
CR,1987,14,1987-01-14,1,NA,8.1,1242,1353,4,N,5,NA,80,1
CR,1987,56,1987-02-25,1,NA,8,845,1050,-1,S,3,NA,3,1
CR,1987,84,1987-03-25,1,NA,9.5,909,1049,4.4,E,6,NA,99,1
CR,1987,111,1987-04-21,1,9.4,8,1012,1209,7,NNE,15,8,60,NA
CR,1987,125,1987-05-05,1,11.3,10,1108,1305,19,NA,0,0,5,NA
CR,1987,140,1987-05-20,1,10.5,10.3,1357,1548,NA,SE,5,NA,99,NA
CR,1987,155,1987-06-04,1,11.3,8.6,912,1040,NA,SW,6,3,10,NA
CR,1987,173,1987-06-22,1,12.2,11.5,1000,1201,NA,N,3,2,1,NA
CR,1987,182,1987-07-01,1,10.7,8.7,1414,1527,NA,S,7,NA,65,NA
CR,1987,197,1987-07-16,1,9.6,7,922,1100,NA,S,9,5,60,NA
CR,1987,210,1987-07-29,1,8.8,8.3,1419,1600,NA,W,4,3,4,NA
CR,1987,224,1987-08-12,1,8.4,6.4,944,1142,NA,SW,13,5,99,NA
CR,1987,239,1987-08-27,1,7.8,7.2,911,1015,NA,NE,3,4,90,NA
CR,1987,251,1987-09-08,1,7.7,5.9,1329,1500,NA,W,6,2,50,NA
CR,1987,265,1987-09-22,1,7.9,6.8,1324,1438,NA,NW,4,1,80,NA
CR,1987,280,1987-10-07,1,6.6,4.6,957,1248,NA,N,15,6,99,NA
CR,1987,295,1987-10-22,1,6.2,5.7,941,1124,NA,SE,8,4,99,NA
CR,1987,308,1987-11-04,1,6.9,5.4,1358,1610,NA,NW,20,13,50,NA
CR,1987,322,1987-11-18,1,8.6,6.2,932,1100,NA,W,13,6,99,NA
CR,1988,19,1988-01-19,1,11.1,8,1330,1505,0,ENE,7,NA,99,1
CR,1988,62,1988-03-02,1,11.7,6,1040,1230,-8,N,13,NA,30,1
CR,1988,96,1988-04-05,1,12.9,11.1,900,1035,9,N,9,NA,70,1
CR,1988,117,1988-04-26,1,8.3,7.7,913,1245,9,NE,6,4,35,NA
CR,1988,133,1988-05-12,1,2.6,2.4,935,1220,14,S,4,2,99,NA
CR,1988,147,1988-05-26,1,3.1,2.7,905,1220,19,SW,13,6,5,NA
CR,1988,160,1988-06-08,1,8.2,7.1,1225,1435,15,NE,10,4,75,NA
CR,1988,175,1988-06-23,1,8.3,6.6,856,1125,21,E,6,6,20,NA
CR,1988,188,1988-07-06,1,9,7.4,1343,1524,31,SW,15,5,75,NA
CR,1988,203,1988-07-21,1,6.4,5.7,909,1121,21,NE,6,3,35,NA
CR,1988,215,1988-08-02,1,6.5,5.5,1257,1423,31,SW,13,6,65,NA
CR,1988,230,1988-08-17,1,7.3,5.7,1240,1450,24,W,5,3,90,NA
CR,1988,244,1988-08-31,1,6.9,6.2,924,1110,20,E,4,2,10,NA
CR,1988,257,1988-09-13,1,5.1,4.7,1226,1431,17,NW,15,13,0,NA
CR,1988,273,1988-09-29,1,6.4,5.3,1001,1132,13,E,8,4,99,NA
CR,1988,285,1988-10-11,1,7.1,5.9,913,1115,1,N,20,8,95,NA
CR,1988,300,1988-10-26,1,5.6,4.4,1322,1522,1,W,13,13,99,NA
CR,1988,313,1988-11-08,1,5.4,4.9,1239,1425,5,W,8,4,65,NA
CR,1989,18,1989-01-18,1,7.5,6.3,1015,1215,-4,SW,8,NA,100,1
CR,1989,51,1989-02-20,1,9.9,5.1,1240,1420,-4,W,3,NA,0,1
CR,1989,88,1989-03-29,1,16.2,14.2,925,1040,-1,N,7,NA,100,1
CR,1989,122,1989-05-02,1,7,4.4,930,1140,10,NW,7,3,100,NA
CR,1989,137,1989-05-17,1,6.8,5.3,1230,1422,20,W,10,8,5,NA
CR,1989,152,1989-06-01,1,9,7.5,907,1120,17,W,3,3,40,NA
CR,1989,166,1989-06-15,1,9.8,6.8,850,1020,14,N,3,2,80,NA
CR,1989,180,1989-06-29,1,10,9,852,1107,19,S,3,3,10,NA
CR,1989,193,1989-07-12,1,9.6,8.9,1156,1325,24,W,3,1,75,NA
CR,1989,208,1989-07-27,1,8.9,6.6,857,1100,24.5,N,5,3,70,NA
CR,1989,221,1989-08-09,1,7,5.3,1204,1332,23,SW,3,2,60,NA
CR,1989,236,1989-08-24,1,7.4,6.5,840,1045,19.5,E,3,3,0,NA
CR,1989,250,1989-09-07,1,8.3,6.2,847,1004,21.5,S,8,4,100,NA
CR,1989,264,1989-09-21,1,9.3,7.9,856,1054,19,SW,3,3,5,NA
CR,1989,278,1989-10-05,1,9.1,6.6,849,1018,9,SW,8,4,100,NA
CR,1989,292,1989-10-19,1,8.2,7.1,904,1114,4,NE,8,6,5,NA
CR,1989,304,1989-10-31,1,8,6.5,1158,1326,4.5,NW,10,10,100,NA
CR,1989,319,1989-11-15,1,8.6,7,844,1021,2.5,N,8,3,100,NA
CR,1990,15,1990-01-15,1,13.8,7.3,1008,1205,0,SE,3,NA,2,1
CR,1990,50,1990-02-19,1,10.2,6.9,1415,1610,-9,W,13,NA,0,1
CR,1990,88,1990-03-29,1,7.7,7.5,1230,1353,12,SW,10,NA,20,1
CR,1990,123,1990-05-03,1,6.7,6,920,1120,15,SW,10,1,5,NA
CR,1990,136,1990-05-16,1,8.3,7.4,1129,1249,13,W,8,3,100,NA
CR,1990,151,1990-05-31,1,10,9.2,908,1114,20,W,9,2,20,NA
CR,1990,163,1990-06-12,1,7,5.4,1210,1348,21,S,10,2,100,NA
CR,1990,179,1990-06-28,1,6,5.3,855,1054,18.5,SE,8,1,100,NA
CR,1990,192,1990-07-11,1,5.8,5.1,1112,1221,23.5,N,13,4,70,NA
CR,1990,206,1990-07-25,1,8.8,8.2,846,1025,25,S,13,3,30,NA
CR,1990,221,1990-08-09,1,8,7.4,849,1030,24,W,18,7,40,NA
CR,1990,235,1990-08-23,1,6.5,6,847,1040,21.5,SW,8,3,95,NA
CR,1990,249,1990-09-06,1,5.8,4.8,842,950,20,W,8,2,100,NA
CR,1990,262,1990-09-19,1,5.3,4.9,1238,1430,19,W,13,4,35,NA
CR,1990,277,1990-10-04,1,6.1,6,841,1023,10,W,18,4,5,NA
CR,1990,290,1990-10-17,1,6.4,5,1305,1510,12,ESE,8,2,100,NA
CR,1990,305,1990-11-01,1,4.8,4.1,840,1020,18.5,S,8,2,75,NA
CR,1990,318,1990-11-14,1,5.8,5.1,854,1058,10,S,13,4,40,NA
CR,1991,14,1991-01-14,1,7.4,5.3,940,1127,-1,W,5,NA,100,1
CR,1991,52,1991-02-21,1,7.4,5.4,1300,1422,6,SW,8,NA,100,1
CR,1991,85,1991-03-26,1,6.6,5.7,1400,1555,12,S,8,NA,10,1
CR,1991,128,1991-05-08,1,5.8,4.6,1427,1637,12,SE,8,2,95,NA
CR,1991,142,1991-05-22,1,6.5,5.5,1227,1442,30,S,12,8,80,NA
CR,1991,157,1991-06-06,1,8.9,6.9,901,1144,28,NW,3,1,45,NA
CR,1991,171,1991-06-20,1,9,7,843,1052,25,SE,5,3,95,NA
CR,1991,183,1991-07-02,1,7.3,6.3,838,1102,24,SW,3,4,0,NA
CR,1991,198,1991-07-17,1,6.3,5.4,1244,1433,29,W,13,8,45,NA
CR,1991,213,1991-08-01,1,7.7,7.3,825,1023,21,W,10,7,0,NA
CR,1991,227,1991-08-15,1,7.7,6.4,1242,1417,27,W,13,5,100,NA
CR,1991,241,1991-08-29,1,8.3,7,848,1055,28,SW,7,4,5,NA
CR,1991,255,1991-09-12,1,7.4,6.1,859,1037,17,SE,8,3,100,NA
CR,1991,268,1991-09-25,1,7.2,6,1250,1440,13,NW,18,12,75,NA
CR,1991,283,1991-10-10,1,7.7,6.4,808,939,9,W,2,2,35,NA
CR,1991,304,1991-10-31,1,6.4,5.8,812,1025,3,NE,3,3,100,NA
CR,1992,13,1992-01-13,1,NA,5.7,1427,1554,-9,NA,0,NA,100,1
CR,1992,55,1992-02-24,1,9.6,7.6,1030,1330,1,E,5,NA,100,1
CR,1992,86,1992-03-26,1,7.9,6,1045,1230,0,NW,20,NA,100,1
CR,1992,127,1992-05-06,1,6.5,6.5,1342,NA,19,NW,5,4,0,NA
CR,1992,139,1992-05-18,1,9.1,6.7,1319,1540,19,SW,2,2,0,NA
CR,1992,154,1992-06-02,1,10.2,8.8,1548,1740,24,SW,2,4,50,NA
CR,1992,170,1992-06-18,1,10.4,8.5,840,1024,16.5,NW,4,7,100,NA
CR,1992,188,1992-07-06,1,11.9,12.3,1317,1617,27,S,1,1,25,NA
CR,1992,195,1992-07-13,1,11.8,9.9,1147,1315,24,S,7,5,50,NA
CR,1992,212,1992-07-30,1,12,10.7,913,1130,22,W,1,0,15,NA
CR,1992,223,1992-08-10,1,8.2,6.2,1402,1600,26,WNW,8,4,25,NA
CR,1992,238,1992-08-25,1,8.5,8,945,1306,13,NE,3,3,100,NA
CR,1992,252,1992-09-08,1,7.5,6.7,910,1102,14,W,12,13,5,NA
CR,1992,266,1992-09-22,1,6.8,5.5,955,1145,7,NW,18,8,60,NA
CR,1992,282,1992-10-08,1,8.2,6.1,940,1215,11.5,N,3,5,100,NA
CR,1992,294,1992-10-20,1,6.3,5.5,948,1220,4,N,5,5,100,NA
CR,1992,314,1992-11-09,1,8.2,5.2,909,1145,5.5,W,5,5,100,NA
CR,1993,7,1993-01-07,1,8.5,5.5,1050,1220,-12,W,3,NA,NA,1
CR,1993,54,1993-02-23,1,7.6,5.4,1405,1645,-8,W,13,NA,NA,1
CR,1993,83,1993-03-24,1,8.8,6,1400,1525,13.5,S,1,NA,0,1
CR,1993,125,1993-05-05,1,5.6,6,917,NA,18,SW,2,2,100,NA
CR,1993,139,1993-05-19,1,5.8,5.6,953,1225,14.5,NW,20,20,70,NA
CR,1993,153,1993-06-02,1,8.3,6.2,945,1230,22,W,5,10,50,NA
CR,1993,167,1993-06-16,1,NA,NA,900,1056,12.2,E,13,8,100,NA
CR,1993,180,1993-06-29,1,8.3,5.5,1511,1730,21.3,NE,4,4,100,NA
CR,1993,194,1993-07-13,1,7.7,6,1408,1640,18.3,SSE,3,1,100,NA
CR,1993,209,1993-07-28,1,9.6,6.7,1028,1245,23.5,S,20,20,90,NA
CR,1993,221,1993-08-09,1,8.5,6.2,1010,1301,22.2,S,6,10,100,NA
CR,1993,236,1993-08-24,1,8.5,6.8,935,1250,26.5,W,5,10,90,NA
CR,1993,250,1993-09-07,1,8.9,8.1,1610,2025,12.5,W,2,1,80,NA
CR,1993,264,1993-09-21,1,6.3,5.8,1553,1907,14,S,10,2,100,NA
CR,1993,279,1993-10-06,1,6.1,5.4,929,1150,14,SW,10,5,100,NA
CR,1993,293,1993-10-20,1,6.9,5.6,918,1226,13,SE,5,5,75,NA
CR,1993,313,1993-11-09,1,5.1,4.9,1113,1412,1,SW,5,3,100,NA
CR,1994,12,1994-01-12,1,NA,4.9,945,1122,-6,SW,13,NA,100,1
CR,1994,52,1994-02-21,1,NA,9.7,945,1115,-9,W,8,NA,0,1
CR,1994,96,1994-04-06,1,NA,3.4,1045,1218,0,N,8,NA,0,1
CR,1994,122,1994-05-02,1,3.9,3.4,955,1151,12,NE,3,3,60,NA
CR,1994,138,1994-05-18,1,4.5,4,1302,1415,23,NE,3,2,5,NA
CR,1994,153,1994-06-02,1,7.9,6.2,955,1309,19,N,8,4,1,NA
CR,1994,167,1994-06-16,1,8.9,6.8,958,1143,32,W,11,6,15,NA
CR,1994,181,1994-06-30,1,8.5,8.4,911,1054,19.5,W,1,0,90,NA
CR,1994,195,1994-07-14,1,8.3,7.9,1050,1221,20,E,5,3,65,NA
CR,1994,209,1994-07-28,1,8.6,8.1,911,1120,21,W,5,4,80,NA
CR,1994,222,1994-08-10,1,9.5,8.8,1405,1543,14,S,5,4,100,NA
CR,1994,237,1994-08-25,1,NA,NA,1000,1215,28,SW,4,2,10,NA
CR,1994,250,1994-09-07,1,11.4,10.9,1359,1545,23,W,15,10,2,NA
CR,1994,265,1994-09-22,1,8.5,8,1115,1335,17,NA,0,0,100,NA
CR,1994,279,1994-10-06,1,8.1,6.9,920,1050,16,SSW,5,4,10,NA
CR,1994,293,1994-10-20,1,8.2,6.4,850,1130,10,W,10,5,100,NA
CR,1994,306,1994-11-02,1,8.1,4.6,900,1040,8,SE,13,10,100,NA
CR,1994,320,1994-11-16,1,5.2,3.8,1400,1610,5,S,12,10,70,NA
CR,1995,13,1995-01-13,1,NA,4.3,915,1115,3,SE,5,NA,100,1
CR,1995,44,1995-02-13,1,NA,3.3,1340,1610,-15,W,10,NA,5,1
CR,1995,82,1995-03-23,1,NA,8.5,1310,1442,8,NE,5,NA,70,1
CR,1995,123,1995-05-03,1,6.3,6.1,1304,1535,15,N,3,3,45,NA
CR,1995,137,1995-05-17,1,5.6,4.9,927,1157,10,N,5,5,10,NA
CR,1995,151,1995-05-31,1,5.2,4.7,1507,1801,26,SW,15,6,10,NA
CR,1995,166,1995-06-15,1,8.5,6.5,941,1133,27,S,10,12,3,NA
CR,1995,179,1995-06-28,1,7.6,7.6,1306,1548,26,S,3,2,75,NA
CR,1995,194,1995-07-13,1,8.3,7.8,839,1052,26,E,8,7,75,NA
CR,1995,208,1995-07-27,1,8.8,6.8,902,1125,25,S,9,7,70,NA
CR,1995,222,1995-08-10,1,9.2,9.1,813,948,27,W,1,0,70,NA
CR,1995,235,1995-08-23,1,8.4,7.4,849,1130,23,W,7,5,100,NA
CR,1995,249,1995-09-06,1,10.4,10.3,1214,1340,26,S,15,5,100,NA
CR,1995,263,1995-09-20,1,11.8,10.8,1352,1635,NA,NW,10,5,100,NA
CR,1995,278,1995-10-05,1,12.9,11.5,935,1117,12,NE,12,8,95,NA
CR,1995,292,1995-10-19,1,8.9,7.8,841,NA,12,SE,10,10,100,NA
CR,1995,305,1995-11-01,1,5.8,4.2,1300,1500,3,E,3,1,100,NA
CR,1995,318,1995-11-14,1,7,6.8,931,1224,-3,NA,0,0,40,NA
CR,1996,23,1996-01-23,1,NA,6.4,1204,NA,-6,SE,3,NA,75,1
CR,1996,50,1996-02-19,1,NA,6.3,1050,1245,3,ENE,15,NA,80,1
CR,1996,101,1996-04-10,1,NA,5.8,1105,1245,10,W,3,NA,10,1
CR,1996,134,1996-05-13,1,7.2,6.1,1245,1541,14,W,15,10,80,NA
CR,1996,151,1996-05-30,1,6.4,6.4,945,NA,18.5,S,6,8,0,NA
CR,1996,163,1996-06-11,1,7,7.1,1015,1250,23,S,4,3,90,NA
CR,1996,179,1996-06-27,1,7.4,6.9,925,1230,28,SW,10,15,30,NA
CR,1996,191,1996-07-09,1,10.7,11.7,1445,1738,19.5,N,4,7,35,NA
CR,1996,206,1996-07-24,1,11.6,12,1540,1720,21.5,NW,4,8,60,NA
CR,1996,220,1996-08-07,1,8.1,7.9,1345,1720,25,W,13,19,35,NA
CR,1996,235,1996-08-22,1,9.9,9.1,1344,1628,24,SW,11,3,50,NA
CR,1996,248,1996-09-04,1,12.4,11,927,1230,27,W,4,0,50,NA
CR,1996,263,1996-09-19,1,10.9,9.7,945,1150,22.5,SW,3,5,0,NA
CR,1996,275,1996-10-01,1,9.8,8.8,900,1150,17.5,S,11,10,20,NA
CR,1996,290,1996-10-16,1,9.5,8.6,855,1040,14,NA,0,0,10,NA
CR,1996,310,1996-11-05,1,6,5.4,1350,1550,7,SW,4,3,100,NA
CR,1997,23,1997-01-23,1,NA,8.9,1110,1303,-10,SE,10,NA,10,1
CR,1997,49,1997-02-18,1,NA,7.3,955,1135,5,E,8,NA,5,1
CR,1997,90,1997-03-31,1,NA,11,1110,1250,4,S,8,NA,0,1
CR,1997,127,1997-05-07,1,4.6,4.1,1005,1135,15,SE,8,3,100,NA
CR,1997,139,1997-05-19,1,4.5,4.2,942,1110,5,NW,4,2,100,NA
CR,1997,154,1997-06-03,1,6,5.4,900,1200,22,SE,5,7,60,NA
CR,1997,167,1997-06-16,1,8.4,7.7,1350,1550,17.5,NW,1,3,30,NA
CR,1997,182,1997-07-01,1,6.7,5.5,829,1035,24.5,NE,1,1,70,NA
CR,1997,196,1997-07-15,1,7.2,8.1,835,1017,24,W,8,5,20,NA
CR,1997,209,1997-07-28,1,8.8,7.7,1239,1424,22.5,NW,10,4,80,NA
CR,1997,224,1997-08-12,1,8.7,7.5,858,955,16.5,NA,0,0,100,NA
CR,1997,237,1997-08-25,1,8.7,6.3,1510,1735,22,SW,7,2,95,NA
CR,1997,251,1997-09-08,1,8,8.1,1437,1630,20,S,3,1,100,NA
CR,1997,266,1997-09-23,1,8.6,6.4,935,1145,14,NE,8,7,20,NA
CR,1997,279,1997-10-06,1,8.5,7.9,1006,1210,13,NA,0,0,100,NA
CR,1997,293,1997-10-20,1,8,6.4,1211,1445,5,SW,13,7,95,NA
CR,1997,314,1997-11-10,1,7,5,930,1130,0,NW,8,4,100,NA
CR,1998,14,1998-01-14,1,NA,5,1045,1230,-12,S,10,NA,100,1
CR,1998,47,1998-02-16,1,NA,8.2,1025,1145,6,ESE,4,NA,100,1
CR,1998,77,1998-03-18,1,NA,3.8,1005,1130,0,E,20,NA,100,1
CR,1998,112,1998-04-22,1,6,5.6,932,1105,12,NE,1,1,0,NA
CR,1998,126,1998-05-06,1,6.9,6.1,1125,1230,21,NW,2,1,0,NA
CR,1998,140,1998-05-20,1,7.5,6.4,1000,1220,20,NW,7,3,40,NA
CR,1998,154,1998-06-03,1,6.9,6.6,1500,1614,16,W,13,10,85,NA
CR,1998,166,1998-06-15,1,7.6,5.9,1355,1610,27,N,9,4,80,NA
CR,1998,182,1998-07-01,1,8.8,8.8,1235,1430,26.5,W,3,1,30,NA
CR,1998,196,1998-07-15,1,9.8,8.7,1335,1540,29,W,12,6,50,NA
CR,1998,211,1998-07-30,1,9.9,10.9,855,1005,20,N,2,1,40,NA
CR,1998,224,1998-08-12,1,10.1,10.7,1400,1610,28,NW,5,2,30,NA
CR,1998,238,1998-08-26,1,8.9,9.8,850,1020,23,SW,2,1,5,NA
CR,1998,253,1998-09-10,1,6.2,6.2,1450,1700,26.1,SW,7,3,0,NA
CR,1998,265,1998-09-22,1,6.1,6.1,930,1050,17,NW,8,5,0,NA
CR,1998,280,1998-10-07,1,7.1,6.9,1345,1525,11,W,8,3,100,NA
CR,1998,295,1998-10-22,1,6.4,5.9,910,1035,7,W,5,4,0,NA
CR,1998,308,1998-11-04,1,5.6,4.6,1310,1510,2,W,3,2,100,NA
CR,1999,19,1999-01-19,1,NA,3.2,1005,1150,-8,N,3,NA,50,1
CR,1999,53,1999-02-22,1,NA,3.6,1200,1330,-3.6,S,5,NA,1,1
CR,1999,78,1999-03-19,1,NA,3,955,1120,3.8,NA,0,NA,0,1
CR,1999,125,1999-05-05,1,7.4,7,1015,1415,11.1,S,15,10,100,NA
CR,1999,139,1999-05-19,1,7.7,7.4,1240,1425,24.1,SW,NA,2,55,NA
CR,1999,154,1999-06-03,1,8.1,7.8,914,1114,24.1,NA,1,0,0,NA
CR,1999,168,1999-06-17,1,9.2,9.1,1011,1157,20.4,NW,3,1,5,NA
CR,1999,181,1999-06-30,1,8,7.9,1513,1734,20.3,E,3,2,95,NA
CR,1999,195,1999-07-14,1,8,7.7,1210,1327,22.5,N,8,5,100,NA
CR,1999,210,1999-07-29,1,8,7.9,1003,1321,26.1,E,18,10,0,NA
CR,1999,223,1999-08-11,1,8.5,8.4,936,1130,18.7,W,3,2,100,NA
CR,1999,237,1999-08-25,1,9.5,9.5,925,1125,21.4,NA,0,0,0,NA
CR,1999,251,1999-09-08,1,9.8,9.5,1314,1502,19.9,W,23,8,75,NA
CR,1999,265,1999-09-22,1,8.8,8.7,1327,1534,21.4,W,13,5,30,NA
CR,1999,279,1999-10-06,1,8.5,8.4,951,1133,4.4,N,8,3,15,NA
CR,1999,293,1999-10-20,1,8.6,8.3,931,1157,2.9,W,10,4,40,NA
CR,1999,313,1999-11-09,1,8.1,8.1,1008,1242,17.2,W,8,3,5,NA
CR,2000,17,2000-01-17,1,NA,4.9,1145,1350,-9,S,18,NA,100,1
CR,2000,52,2000-02-21,1,NA,6.9,1350,1515,4,SW,5,NA,50,1
CR,2000,95,2000-04-04,1,5.6,5.2,1425,1645,3,WNW,10,2,20,NA
CR,2000,110,2000-04-19,1,5,4.1,940,1100,7.4,E,3,2,100,NA
CR,2000,124,2000-05-03,1,7.2,6.4,935,1120,19.6,ESE,10,5,2,NA
CR,2000,139,2000-05-18,1,6,5.4,954,1055,9.5,NE,13,8,90,NA
CR,2000,153,2000-06-01,1,6.3,5.7,1345,1535,13.6,NA,0,1,100,NA
CR,2000,166,2000-06-14,1,8.4,6.8,1017,1140,18.1,SW,13,3,100,NA
CR,2000,180,2000-06-28,1,10,9.6,1415,1620,17.4,NW,7,3,85,NA
CR,2000,195,2000-07-13,1,7.3,5.8,1040,1207,27.2,W,8,4,20,NA
CR,2000,209,2000-07-27,1,7.4,6.8,1000,1230,22,NA,0,0,90,NA
CR,2000,223,2000-08-10,1,6.7,6.3,1032,1200,24.4,N,10,3,45,NA
CR,2000,234,2000-08-21,1,9.1,5.8,943,1225,21.5,SW,13,5,10,NA
CR,2000,252,2000-09-08,1,10,10.4,1000,1115,18.7,E,2,2,40,NA
CR,2000,265,2000-09-21,1,10.4,10.4,1034,1245,9.5,E,3,3,70,NA
CR,2000,279,2000-10-05,1,8.9,8.1,959,1135,7.2,WSW,4,3,100,NA
CR,2000,293,2000-10-19,1,8.2,7,1022,1210,13.5,E,8,3,0,NA
CR,2000,307,2000-11-02,1,8.1,7.3,1000,1132,11.4,NW,13,5,20,NA
CR,2000,320,2000-11-15,1,7.2,5.7,941,1145,0.1,N,5,3,10,NA
CR,2001,19,2001-01-19,1,NA,7.4,1120,1320,-9,NA,0,NA,30,1
CR,2001,51,2001-02-20,1,NA,6.9,1245,1450,-13,W,15,NA,20,1
CR,2001,94,2001-04-04,1,6.8,NA,1310,1416,11.5,SE,3,NA,15,1
CR,2001,123,2001-05-03,1,5.5,4.6,1005,1220,19.5,N,3,1,100,NA
CR,2001,136,2001-05-16,1,7,6.6,1430,1640,23.5,W,7,4,100,NA
CR,2001,152,2001-06-01,1,9.2,8.8,945,1220,14,NA,0,0,100,NA
CR,2001,164,2001-06-13,1,9.6,9.3,1305,1520,25.5,SW,10,4,100,NA
CR,2001,179,2001-06-28,1,8.4,7.3,940,1230,28,N,2,1,5,NA
CR,2001,193,2001-07-12,1,9,7.9,950,1230,26.1,W,5,2,20,NA
CR,2001,206,2001-07-25,1,7.5,7.1,1355,1605,22.7,E,4,2,55,NA
CR,2001,221,2001-08-09,1,8.4,8.3,935,1105,25.6,W,6,4,95,NA
CR,2001,235,2001-08-23,1,8.5,7.9,900,1103,22.4,NE,8,5,2,NA
CR,2001,249,2001-09-06,1,7.4,7.3,1330,1505,27,SSW,5,2,100,NA
CR,2001,263,2001-09-20,1,7.8,7.8,948,1146,17.5,ENE,5,2,50,NA
CR,2001,277,2001-10-04,1,7.1,6.8,935,1038,12.8,E,3,4,35,NA
CR,2001,290,2001-10-17,1,7.3,7.8,1347,1520,9.7,SSW,3,2,0,NA
CR,2001,304,2001-10-31,1,5.5,5,925,1036,11.3,S,6,5,100,NA
CR,2001,317,2001-11-13,1,6.3,5.5,1320,1458,11.3,SW,8,5,90,NA
CR,2002,15,2002-01-15,1,NA,9.3,1055,1240,-4,W,6,NA,100,1
CR,2002,58,2002-02-27,1,NA,5.2,1200,1345,1,NA,0,NA,10,1
CR,2002,105,2002-04-15,1,NA,12.1,1030,1145,18,SE,12,NA,30,1
CR,2002,115,2002-04-25,1,7.2,5.8,1110,1245,0,W,15,10,100,NA
CR,2002,129,2002-05-09,1,4.5,4.1,915,1042,8,W,7,7,90,NA
CR,2002,143,2002-05-23,1,6.1,5.2,915,1030,19,SW,7,4,85,NA
CR,2002,157,2002-06-06,1,7.2,6.9,855,1000,25,S,3,1,0,NA
CR,2002,171,2002-06-20,1,8.1,7.7,920,1100,22,W,7,5,40,NA
CR,2002,183,2002-07-02,1,7.3,6.7,1255,1405,32,W,3,3,60,NA
CR,2002,199,2002-07-18,1,6.9,6.3,915,1145,20,E,6,2,100,NA
CR,2002,213,2002-08-01,1,8.4,2.9,1125,1225,23.3,W,10,0,100,NA
CR,2002,227,2002-08-15,1,8.5,8.2,905,1050,27,SW,7,15,15,NA
CR,2002,240,2002-08-28,1,8.8,9.1,1200,1305,27,E,1,2,5,NA
CR,2002,254,2002-09-11,1,8.7,8.4,1320,1545,29,NW,4,5,35,NA
CR,2002,268,2002-09-25,1,8,6.4,1345,1505,10.2,SSW,5,0,100,NA
CR,2002,283,2002-10-10,1,6.9,5.9,1025,1200,10.5,S,6,2,85,NA
CR,2002,296,2002-10-23,1,6,5.8,1500,1630,1.8,W,5,1,100,NA
CR,2002,309,2002-11-05,1,5.6,5.8,920,1115,0.1,SSE,6,1,100,NA
CR,2003,14,2003-01-14,1,NA,5.6,1245,1435,-16,W,12,NA,40,1
CR,2003,57,2003-02-26,1,NA,5.2,1100,1255,-10,SE,10,NA,0,1
CR,2003,94,2003-04-04,1,NA,3.2,1040,1210,-6,E,8,NA,100,1
CR,2003,122,2003-05-02,1,8.8,7.5,910,1215,14,WSW,2,2,30,NA
CR,2003,134,2003-05-14,1,9.4,7,1415,1500,22,SSW,6,4,80,NA
CR,2003,148,2003-05-28,1,10,7.8,1025,1220,15,SW,8,5,100,NA
CR,2003,162,2003-06-11,1,12.2,9.3,1234,1345,19,ESE,9,3,45,NA
CR,2003,177,2003-06-26,1,9,6.7,903,1043,22,W,14,5,50,NA
CR,2003,190,2003-07-09,1,7.7,6.3,1437,1554,26,SE,5,1,100,NA
CR,2003,205,2003-07-24,1,9.4,8.4,904,1054,31,W,7,5,25,NA
CR,2003,219,2003-08-07,1,11,9.8,852,951,23,N,5,2,100,NA
CR,2003,233,2003-08-21,1,8.7,8,930,1230,27,W,6,9,87,NA
CR,2003,247,2003-09-04,1,9.4,9,1322,1453,NA,NNE,7,3,2,NA
CR,2003,261,2003-09-18,1,8.3,8.2,943,1309,23.5,SSE,7,6,15,NA
CR,2003,274,2003-10-01,1,7.8,6.2,1301,1435,8,W,7,4,95,NA
CR,2003,289,2003-10-16,1,5.7,5.4,929,1140,6,WNW,8,3,10,NA
CR,2003,302,2003-10-29,1,6,5.7,1250,1420,7,NE,5,3,90,NA
CR,2003,318,2003-11-14,1,6.4,6.2,1052,1250,6,WSW,3,2,0,NA
CR,2004,13,2004-01-13,1,NA,4.3,1215,1340,-12,W,4,NA,60,1
CR,2004,55,2004-02-24,1,NA,4.9,1225,1435,1,NA,0,NA,100,1
CR,2004,92,2004-04-01,1,NA,12.5,1250,1435,2,NW,6,NA,0,1
CR,2004,120,2004-04-29,1,5.8,5.2,1036,1210,8,NW,6,2,95,NA
CR,2004,134,2004-05-13,1,4.8,4.2,1415,1515,8,NE,8,5,100,NA
CR,2004,148,2004-05-27,1,5.8,5.9,955,1240,9,NE,6,3,100,NA
CR,2004,160,2004-06-08,1,7.6,7.4,925,1100,25,WSW,7,4,98,NA
CR,2004,176,2004-06-24,1,6.6,6.4,1130,1340,10,NNW,9,6,80,NA
CR,2004,191,2004-07-09,1,8,7.5,1030,1215,21,SW,3,2,95,NA
CR,2004,203,2004-07-21,1,8.1,6.8,1305,1453,26,SW,6,6,85,NA
CR,2004,218,2004-08-05,1,9.5,9.4,930,1105,21,NW,6,6,15,NA
CR,2004,232,2004-08-19,1,8.1,8,920,1120,15,WSW,7,9,15,NA
CR,2004,245,2004-09-01,1,7.5,7.8,1400,1524,24,NE,2,1,70,NA
CR,2004,258,2004-09-14,1,9.4,8.1,930,1130,20,SW,6,3,100,NA
CR,2004,275,2004-10-01,1,9.7,8.2,846,1018,13.5,SW,6,2,98,NA
CR,2004,287,2004-10-13,1,8.1,8,1250,1518,11.5,N,8,4,95,NA
CR,2004,301,2004-10-27,1,7.8,6.7,902,1029,5.5,E,8,3,100,NA
CR,2004,314,2004-11-09,1,6.1,5.6,925,1110,3.5,S,6,4,2,NA
CR,2005,13,2005-01-13,1,NA,4.9,1000,1155,-10,W,15,NA,35,1
CR,2005,47,2005-02-16,1,NA,5.4,1130,1320,-5,W,7,NA,95,1
CR,2005,96,2005-04-06,1,NA,7.4,1005,1122,4,NA,0,NA,100,1
CR,2005,109,2005-04-19,1,6.9,5.7,1335,1455,20,SW,7,5,100,NA
CR,2005,122,2005-05-02,1,5.7,4.5,1320,1435,0,NW,7,5,100,NA
CR,2005,138,2005-05-18,1,7.6,6.4,1012,1220,16,SSE,6,3,100,NA
CR,2005,154,2005-06-03,1,7.3,6.6,1010,1150,27,S,7,3,95,NA
CR,2005,166,2005-06-15,1,7.4,6.4,1027,1240,14,N,19,8,85,NA
CR,2005,180,2005-06-29,1,8.5,8.1,1418,1540,29,ESE,4,2,95,NA
CR,2005,195,2005-07-14,1,8.6,7.8,947,1154,33,NNE,3,1,0,NA
CR,2005,209,2005-07-28,1,9.1,8.1,946,1109,18,WSW,4,3,100,NA
CR,2005,222,2005-08-10,1,10.1,8.8,1411,1614,28,WNW,7,2,85,NA
CR,2005,236,2005-08-24,1,9.9,7.1,1225,1332,24,S,7,2,99,NA
CR,2005,249,2005-09-06,1,8.9,8.1,1309,1533,32,SW,6,5,15,NA
CR,2005,263,2005-09-20,1,9.7,9,939,1057,19,W,5,8,0,NA
CR,2005,280,2005-10-07,1,8,7.1,935,1118,6,N,8,4,70,NA
CR,2005,291,2005-10-18,1,8.3,7.9,1223,1330,15,NA,0,0,35,NA
CR,2005,319,2005-11-15,1,6.7,5.1,851,1033,2,NE,6,3,100,NA
CR,2006,9,2006-01-09,1,NA,5.3,1040,1235,-5,NW,6,NA,95,1
CR,2006,47,2006-02-16,1,NA,4.9,1215,1415,-10,N,7,NA,100,1
CR,2006,89,2006-03-30,1,NA,9,1140,1302,9,S,9,NA,100,1
CR,2006,109,2006-04-19,1,6.3,4.1,1008,1148,12,S,9,2,100,NA
CR,2006,122,2006-05-02,1,5.9,5.2,935,1050,12,SW,3,1,100,NA
CR,2006,139,2006-05-19,1,5.9,4.7,1025,1230,18,NW,6,3,15,NA
CR,2006,151,2006-05-31,1,5.2,4.8,1015,1205,25,NA,0,1,80,NA
CR,2006,166,2006-06-15,1,7,6.4,930,1200,24,ESE,8,5,100,NA
CR,2006,180,2006-06-29,1,7.9,6.5,1050,1200,24,W,4,3,10,NA
CR,2006,194,2006-07-13,1,8.9,7.8,945,1430,29,NA,0,0,25,NA
CR,2006,208,2006-07-27,1,8.8,6.9,1112,1225,29,NE,7,2,80,NA
CR,2006,222,2006-08-10,1,9.1,7.4,910,1140,22,ENE,6,4,25,NA
CR,2006,235,2006-08-23,1,9.2,6.5,1347,1535,22,NA,0,0,53,NA
CR,2006,251,2006-09-08,1,9.2,9,1429,1549,13,N,5,3,100,NA
CR,2006,263,2006-09-20,1,9.1,8.8,1250,1405,13,W,8,8,20,NA
CR,2006,278,2006-10-05,1,8,7.9,958,1118,13,NA,0,1,10,NA
CR,2006,291,2006-10-18,1,6.9,6.3,1202,1311,3,W,7,4,100,NA
CR,2006,307,2006-11-03,1,6.3,6.2,950,1122,9,W,9,5,5,NA
CR,2007,19,2007-01-19,1,NA,4.9,1145,1320,-11,SSW,18,NA,90,1
CR,2007,53,2007-02-22,1,NA,6.4,1130,1315,-5,W,10,NA,100,1
CR,2007,88,2007-03-29,1,NA,8.9,1440,1557,6,SE,5,NA,100,1
CR,2007,114,2007-04-24,1,4.7,4.2,1045,1220,12,NNE,4,1,80,NA
CR,2007,130,2007-05-10,1,5.1,4.6,1020,1123,23,NW,3,1,10,NA
CR,2007,144,2007-05-24,1,6,3.5,934,1140,19,S,6,2,99,NA
CR,2007,157,2007-06-06,1,8.4,6.6,1330,1430,20,SW,8,4,100,NA
CR,2007,172,2007-06-21,1,9.4,8.3,950,1200,23,NA,0,0,3,NA
CR,2007,185,2007-07-04,1,10.3,9.4,1245,1330,26,NW,5,2,40,NA
CR,2007,200,2007-07-19,1,10.5,8.8,850,1040,19,NE,7,3,40,NA
CR,2007,213,2007-08-01,1,8.8,6.6,1230,1350,31,WSW,10,8,6,NA
CR,2007,228,2007-08-16,1,8.6,8.3,905,1035,18,NW,6,2,40,NA
CR,2007,241,2007-08-29,1,7.4,7,1152,1515,21,NW,6,2,55,NA
CR,2007,256,2007-09-13,1,7.8,7.4,908,1051,17,W,10,16,50,NA
CR,2007,267,2007-09-24,1,7.4,6.4,933,1104,20,SW,18,5,60,NA
CR,2007,284,2007-10-11,1,7.5,6.8,947,1105,6,N,9,5,90,NA
CR,2007,298,2007-10-25,1,7.4,7.2,915,1012,6,SW,7,3,2,NA
CR,2007,320,2007-11-16,1,6.5,5.3,925,1051,-2,SW,5,2,100,NA
CR,2008,29,2008-01-29,1,NA,5.8,1145,1300,-7,SW,6,NA,100,1
CR,2008,64,2008-03-04,1,NA,5.5,1230,1410,-3,SW,6,NA,30,1
CR,2008,91,2008-03-31,1,NA,4.2,1105,1220,0,NE,6,NA,100,1
CR,2008,127,2008-05-06,1,4.4,4.5,1040,1240,24,NA,0,0,3,NA
CR,2008,142,2008-05-21,1,3,2.6,1350,1450,11,NNW,10,4,20,NA
CR,2008,157,2008-06-05,1,6.6,6,1119,1345,16,NE,6,2,100,NA
CR,2008,170,2008-06-18,1,6.3,5.4,1508,1633,20,W,5,2,0,NA
CR,2008,184,2008-07-02,1,7.1,6.5,1506,1702,19,N,8,5,80,NA
CR,2008,200,2008-07-18,1,8.2,8,936,1220,25,NW,4,3,80,NA
CR,2008,212,2008-07-30,1,8.2,8,1357,1541,23,W,7,15,92,NA
CR,2008,227,2008-08-14,1,8.5,7.3,913,1051,20,E,6,4,2,NA
CR,2008,239,2008-08-26,1,8.5,7.9,945,1145,20,SW,6,3,0,NA
CR,2008,254,2008-09-10,1,9.3,8.2,1202,1258,18.5,SW,8,7,65,NA
CR,2008,268,2008-09-24,1,9.2,8.4,908,1023,16,W,5,5,10,NA
CR,2008,283,2008-10-09,1,8.1,7.4,902,1003,9,W,15,12,0,NA
CR,2008,296,2008-10-22,1,6.7,5.9,1200,1316,7,SE,10,7,60,NA
CR,2008,317,2008-11-12,1,5.8,5.4,1225,1341,2,E,3,2,100,NA
CR,2009,21,2009-01-21,1,NA,4.7,1350,1515,-9,NW,4,NA,100,1
CR,2009,56,2009-02-25,1,NA,4.7,1145,1315,0,W,3,NA,100,1
CR,2009,84,2009-03-25,1,NA,5,1415,1530,-1,SW,7,NA,100,1
CR,2009,118,2009-04-28,1,4.4,4.4,1124,1257,12,E,7,2,0,NA
CR,2009,135,2009-05-15,1,4.9,4.5,1125,1243,17,SSW,7,5,3,NA
CR,2009,149,2009-05-29,1,5.5,5.3,954,1238,16,NW,10,4,50,NA
CR,2009,162,2009-06-11,1,6.8,6.4,1110,1403,18,NNE,7,3,65,NA
CR,2009,180,2009-06-29,1,7.1,6.5,1014,1318,13,NW,8,7,100,NA
CR,2009,189,2009-07-08,1,8.4,8.1,1328,1454,24,SW,7,4,40,NA
CR,2009,204,2009-07-23,1,10.5,10.3,1038,1320,23,NNW,5,1,40,NA
CR,2009,217,2009-08-05,1,9.5,8.8,1349,1521,21,NW,9,3,60,NA
CR,2009,232,2009-08-20,1,8.9,8.3,958,1204,14,NA,0,0,100,NA
CR,2009,244,2009-09-01,1,7,9.3,1525,1650,22,SW,1,2,0,NA
CR,2009,259,2009-09-16,1,10.1,9.6,1305,1509,20,SSE,5,1,3,NA
CR,2009,273,2009-09-30,1,8.1,7.7,1350,1508,12,ESE,6,2,0,NA
CR,2009,288,2009-10-15,1,5.7,5.7,912,1100,1,E,5,2,100,NA
CR,2009,301,2009-10-28,1,5.5,5.2,1303,1415,8,SSE,3,2,95,NA
CR,2009,315,2009-11-11,1,4.7,4.4,902,1058,6,NW,6,3,100,NA
CR,2010,15,2010-01-15,1,NA,4.7,1140,1330,-5,S,8,NA,100,1
CR,2010,54,2010-02-23,1,NA,4.8,1218,1350,1,NE,5,NA,100,1
CR,2010,105,2010-04-15,1,4.1,3.1,1138,1312,15,SW,6,NA,100,NA
CR,2010,124,2010-05-04,1,4.9,4.9,1115,1210,15,SSW,1,3,5,NA
CR,2010,132,2010-05-12,1,5.4,4.25,1359,1545,17,E,12,8,30,NA
CR,2010,146,2010-05-26,1,6.2,5.1,918,1111,21,ENE,8,5,70,NA
CR,2010,153,2010-06-02,1,7.9,6.4,955,1138,18.5,SE,1,2,85,NA
CR,2010,160,2010-06-09,1,4.5,4.1,1618,1845,21,N,9,3,90,NA
CR,2010,167,2010-06-16,1,6.5,5.4,930,1048,NA,NNE,4,2,100,NA
CR,2010,174,2010-06-23,1,6,5.2,1200,1411,33,NW,8,4,90,NA
CR,2010,181,2010-06-30,1,6.5,5.4,925,1025,21,NW,2,1,5,NA
CR,2010,189,2010-07-08,1,6.6,5.9,1530,1724,31,W,6,3,45,NA
CR,2010,195,2010-07-14,1,7.6,6.4,1108,NA,24,SE,NA,1,100,NA
CR,2010,202,2010-07-21,1,8.5,7.9,1335,1433,34,W,7,6,40,NA
CR,2010,208,2010-07-27,1,7.4,6.4,938,1101,23,NW,8,3,15,NA
CR,2010,217,2010-08-05,1,7.4,7.2,940,1120,22,NW,10,15,70,NA
CR,2010,223,2010-08-11,1,8.4,7,1535,1703,29,SW,5,3,60,NA
CR,2010,231,2010-08-19,1,8.2,6.6,1100,1237,28,NE,5,5,10,NA
CR,2010,243,2010-08-31,1,5.8,5.3,1425,1614,23,S,4,2,100,NA
CR,2010,259,2010-09-16,1,5.3,4.3,915,1041,12,N,3,3,100,NA
CR,2010,273,2010-09-30,1,5,4.1,852,1045,15,W,6,2,20,NA
CR,2010,286,2010-10-13,1,6.2,5.4,1400,1509,15,NW,6,4,20,NA
CR,2010,302,2010-10-29,1,5.7,4.9,940,1130,7,WSW,8,5,95,NA
CR,2010,314,2010-11-10,1,6,5.6,1335,1530,12,SSE,14,5,75,NA
CR,2011,12,2011-01-12,1,NA,4.6,1205,1345,-4,W,3,NA,100,1
CR,2011,45,2011-02-14,1,NA,6.7,1000,1145,9,SW,4,NA,1,1
CR,2011,80,2011-03-21,1,NA,5.9,1350,1525,2,NW,5,NA,100,1
CR,2011,124,2011-05-04,1,4.3,3.2,1445,1620,14,SW,7,2,20,NA
CR,2011,138,2011-05-18,1,2.9,3.4,1325,1500,20,ESE,7,9,99,NA
CR,2011,145,2011-05-25,1,4.3,3.3,1129,1300,19,NNE,10,5,90,NA
CR,2011,152,2011-06-01,1,2.9,2.4,1030,1330,18,WNW,23,25,10,NA
CR,2011,159,2011-06-08,1,3.2,4.1,1416,1547,33,NW,6,10,7,NA
CR,2011,166,2011-06-15,1,4.1,3.5,1226,1420,20,ESE,9,10,98,NA
CR,2011,175,2011-06-24,1,4.1,3.6,1044,1200,20,N,6,5,100,NA
CR,2011,181,2011-06-30,1,4.8,3.6,1026,1238,25,SSE,13,12,90,NA
CR,2011,188,2011-07-07,1,4.8,3.7,1025,1144,25,N,4,3,100,NA
CR,2011,195,2011-07-14,1,5.4,4.7,944,1140,19,ESE,4,2,100,NA
CR,2011,201,2011-07-20,1,7.3,6.5,1140,NA,30,S,5,2,0,NA
CR,2011,208,2011-07-27,1,7.5,6.3,1432,1611,24,ESE,2,4,100,NA
CR,2011,215,2011-08-03,1,7.3,6.8,1014,1134,31,N,5,2,5,NA
CR,2011,222,2011-08-10,1,8.6,7.4,1025,1147,22,WNW,8,3,5,NA
CR,2011,229,2011-08-17,1,7.3,5.9,1018,1148,23,NW,8,5,1,NA
CR,2011,236,2011-08-24,1,6.9,5.5,1330,1541,22,W,11,17,100,NA
CR,2011,251,2011-09-08,1,7.3,6.7,1332,1442,24,NNE,5,8,25,NA
CR,2011,265,2011-09-22,1,9.1,7.4,945,1120,9,WSW,5,5,100,NA
CR,2011,279,2011-10-06,1,9.4,8.3,938,1057,19,SSE,5,1,0,NA
CR,2011,292,2011-10-19,1,6.5,5.7,1330,1500,10,NNE,8,6,90,NA
CR,2011,306,2011-11-02,1,6.6,5.3,934,1053,7,NNW,4,2,100,NA
CR,2011,320,2011-11-16,1,6.3,6,942,1146,1.5,WNW,9,5,10,NA
CR,2012,13,2012-01-13,1,NA,5.4,1335,1510,-10,NA,0,NA,100,1
CR,2012,55,2012-02-24,1,NA,5.7,1145,1307,-2,NW,9,NA,100,1
CR,2012,96,2012-04-05,1,4.6,4,1442,1615,11,NE,2,2,0,NA
CR,2012,109,2012-04-18,1,3.4,2.1,1355,1457,10,W,14,15,100,NA
CR,2012,125,2012-05-04,1,4,3.2,1018,1200,16,NNW,7,5,3,NA
CR,2012,138,2012-05-17,1,4.4,3.6,1105,1200,21,SSW,9,5,70,NA
CR,2012,153,2012-06-01,1,4.9,4.7,908,1056,18,NE,1,1,10,NA
CR,2012,159,2012-06-07,1,5.2,4.6,938,1110,21,W,5,7,40,NA
CR,2012,164,2012-06-12,1,4.4,3.9,1405,1548,18,WNW,8,6,10,NA
CR,2012,173,2012-06-21,1,4.2,6.4,1031,1329,22,W,9,30,75,NA
CR,2012,180,2012-06-28,1,6.1,4.9,933,1113,25,NNE,7,7,90,NA
CR,2012,186,2012-07-04,1,6.3,5.8,1040,1219,32,SW,2,3,25,NA
CR,2012,193,2012-07-11,1,6.6,5.7,1237,1413,33,WNW,3,6,30,NA
CR,2012,200,2012-07-18,1,5.9,5.3,1505,1635,23,SE,7,10,90,NA
CR,2012,208,2012-07-26,1,5.3,4.5,1007,1145,23,WSW,3,3,100,NA
CR,2012,214,2012-08-01,1,4.1,3.4,1458,1626,25.6,SW,7,11,40,NA
CR,2012,221,2012-08-08,1,3.9,3.3,1204,1355,18,NNE,3,2,100,NA
CR,2012,229,2012-08-16,1,3.3,2.5,1109,1221,19.5,NW,16,31,48,NA
CR,2012,235,2012-08-22,1,4.9,4.5,1310,1535,27,SW,5,1,0,NA
CR,2012,250,2012-09-06,1,5.1,3.8,1328,1510,27.6,W,12,5,30,NA
CR,2012,264,2012-09-20,1,5.3,3.9,915,1118,10.5,W,6,6,90,NA
CR,2012,277,2012-10-03,1,8.3,6.2,1259,1405,23,WSW,5,1,2,NA
CR,2012,292,2012-10-18,1,9.3,8.7,1334,1505,10,SW,3,1,85,NA
CR,2012,305,2012-10-31,1,8.1,6.9,1324,1508,4,W,6,5,10,NA
CR,2012,319,2012-11-14,1,7.3,6.1,950,1125,4,S,7,2,75,NA
CR,2013,16,2013-01-16,1,NA,4.5,1130,1245,-3,WNW,6,NA,100,1
CR,2013,57,2013-02-26,1,NA,5.4,1235,1405,3,E,6,NA,40,1
CR,2013,85,2013-03-26,1,NA,6.4,1250,1430,3,N,5,NA,100,1
CR,2013,134,2013-05-14,1,4.7,4.7,958,1135,12,NA,0,0,100,NA
CR,2013,151,2013-05-31,1,3.9,3.1,1005,1145,25,S,2,0,8,NA
CR,2013,156,2013-06-05,1,3.2,2.9,1020,1230,10,E,7,3,100,NA
CR,2013,162,2013-06-11,1,3.8,3.5,1510,1730,25,NA,0,1,100,NA
CR,2013,170,2013-06-19,1,3.4,3,1030,1140,23,SE,6,4,65,NA
CR,2013,178,2013-06-27,1,3.8,3.8,1005,1235,28,W,5,2,85,NA
CR,2013,184,2013-07-03,1,3.9,3.5,1030,1200,29.8,SE,3,3,9,NA
CR,2013,191,2013-07-10,1,4.5,3.9,1410,1625,25,N,7,6,55,NA
CR,2013,199,2013-07-18,1,5.4,3.9,1002,1120,31,SW,10,14,75,NA
CR,2013,205,2013-07-24,1,4.9,4.7,1445,1650,20,W,1,3,100,NA
CR,2013,212,2013-07-31,1,4.1,3.3,1001,1114,21,W,6,6,100,NA
CR,2013,220,2013-08-08,1,4.9,4.7,955,1235,26,W,5,8,90,NA
CR,2013,226,2013-08-14,1,4.4,3.5,1004,1133,20,NW,8,6,10,NA
CR,2013,233,2013-08-21,1,4.8,3.5,1340,1540,29,W,7,14,100,NA
CR,2013,249,2013-09-06,1,6.4,5.7,939,1127,27,SW,5,3,50,NA
CR,2013,262,2013-09-19,1,4.7,3.7,917,1033,24,SSE,5,3,80,NA
CR,2013,274,2013-10-01,1,4.9,4.5,1446,1615,23,W,10,4,0,NA
CR,2013,290,2013-10-17,1,6.4,5.9,932,1052,12,WSW,0,0,97,NA
CR,2013,304,2013-10-31,1,5.7,5.8,941,1134,12,NA,0,0,100,NA
CR,2013,317,2013-11-13,1,5.8,5.4,1504,1702,5,WSW,6,10,20,NA
CR,2014,35,2014-02-04,1,NA,3.5,1340,1530,-4,NA,0,NA,10,1
CR,2014,72,2014-03-13,1,NA,5.6,1040,1240,-3,SW,5,NA,100,1
CR,2014,87,2014-03-28,1,NA,4.4,1105,1220,3,NA,0,NA,50,1
CR,2014,142,2014-05-22,1,3.5,3.3,1715,2010,14,NNW,5,5,35,NA
CR,2014,155,2014-06-04,1,6.3,5.5,1245,1425,33,WSW,3,1,20,NA
CR,2014,169,2014-06-18,1,7.7,5.7,1345,1610,35,ESE,6,2,8,NA
CR,2014,184,2014-07-03,1,8.8,8.4,945,1135,25,NNW,5,5,83,NA
CR,2014,198,2014-07-17,1,9.7,8.4,940,1210,26,WSW,6,3,40,NA
CR,2014,212,2014-07-31,1,9,8.4,945,1130,26,NW,7,6,30,NA
CR,2014,225,2014-08-13,1,8,6.5,1345,1530,27,NNW,6,3,50,NA
CR,2014,240,2014-08-28,1,7.6,6.6,1000,1127,23,SE,1,1,10,NA
CR,2014,253,2014-09-10,1,6.1,5.1,1412,1600,10,N,12,12,100,NA
CR,2014,267,2014-09-24,1,7,6.4,945,1115,19,S,5,4,90,NA
CR,2014,280,2014-10-07,1,6.4,6.3,1001,1200,12,W,8,10,5,NA
CR,2014,293,2014-10-20,1,6.3,5.9,953,1120,10,NW,4,2,85,NA
CR,2014,317,2014-11-13,1,4.4,3.7,1115,1240,-3,W,8,8,100,NA
CR,2015,16,2015-01-16,1,NA,4.8,1110,1220,-10,NA,0,NA,10,1
CR,2015,58,2015-02-27,1,NA,4.6,1340,1500,-7,SW,7,NA,0,1
CR,2015,85,2015-03-26,1,NA,4.2,1040,1205,-4,NNW,5,NA,100,1
CR,2015,110,2015-04-20,1,4.1,3.1,1425,1610,5,NW,10,10,100,NA
CR,2015,124,2015-05-04,1,4.5,3.7,1015,1135,17,NW,7,3,35,NA
CR,2015,140,2015-05-20,1,5.5,3.4,1004,1240,19,W,8,4,65,NA
CR,2015,152,2015-06-01,1,7.6,6,1430,1556,23,SE,6,7,5,NA
CR,2015,167,2015-06-16,1,8.4,7.6,931,1142,23,WNW,2,2,1,NA
CR,2015,182,2015-07-01,1,9.4,8.6,922,1047,26,WNW,2,2,30,NA
CR,2015,194,2015-07-13,1,9.6,8.5,927,1140,24,WSW,6,5,60,NA
CR,2015,208,2015-07-27,1,10.1,8.7,927,1052,35,WSW,4,5,1,NA
CR,2015,222,2015-08-10,1,9,8,1323,1525,28,WNW,9,7,35,NA
CR,2015,236,2015-08-24,1,7.2,6.7,1450,1630,12,W,8,4,100,NA
CR,2015,253,2015-09-10,1,7.4,6.8,1422,1713,18,NW,7,4,10,NA
CR,2015,265,2015-09-22,1,9.2,8.5,930,1120,17,WSW,1,3,100,NA
CR,2015,279,2015-10-06,1,10.5,9.6,948,1207,18,WSW,7,6,85,NA
CR,2015,293,2015-10-20,1,8,7.2,922,1101,16,E,8,7,40,NA
CR,2015,314,2015-11-10,1,4.8,4.1,1445,1647,7,S,2,1,0,NA
CR,2016,29,2016-01-29,1,NA,5.3,1125,NA,-6,SSE,7,NA,100,1
CR,2016,56,2016-02-25,1,NA,5.9,1150,1345,-4,N,10,NA,85,1
CR,2016,117,2016-04-26,1,6.3,4.4,1040,1245,13,NE,8,8,80,NA
CR,2016,132,2016-05-11,1,7,5.6,1355,1505,15,S,12,8,100,NA
CR,2016,146,2016-05-25,1,7.7,6.6,1250,1520,24.5,SE,8,6,70,NA
CR,2016,160,2016-06-08,1,8.4,7.8,925,1050,19,W,3,3,5,NA
CR,2016,174,2016-06-22,1,8.4,7.1,940,1205,28,WSW,4,3,10,NA
CR,2016,189,2016-07-07,1,8.7,7.7,1355,1510,20.5,SE,5,4,100,NA
CR,2016,201,2016-07-19,1,8.4,6.5,1350,1630,28,SW,3,5,15,NA
CR,2016,214,2016-08-01,1,8.5,8.2,920,1035,23,WSW,4,4,20,NA
CR,2016,230,2016-08-17,1,10.7,10.1,845,1130,26.5,NA,0,0,0,NA
CR,2016,244,2016-08-31,1,10.3,6.4,1240,1415,28,NW,5,3,50,NA
CR,2016,258,2016-09-14,1,8,7.5,1200,1350,16,S,7,3,5,NA
CR,2016,270,2016-09-26,1,6.8,6.4,1210,1315,12,W,13,12,100,NA
CR,2016,285,2016-10-11,1,6.6,6.4,1310,1455,14,SW,8,3,95,NA
CR,2016,299,2016-10-25,1,6,5.6,920,1045,1,SW,1,1,20,NA
CR,2016,319,2016-11-14,1,5.6,5.2,1025,1230,7,NW,2,1,90,NA
CR,2017,18,2017-01-18,1,NA,5.6,1405,1535,3,SW,5,NA,1,1
CR,2017,47,2017-02-16,1,NA,5,1100,1235,-3,S,4,NA,100,1
CR,2017,82,2017-03-23,1,NA,4.5,1100,1230,1,S,8,NA,100,1
CR,2017,108,2017-04-18,1,4.6,4.1,1000,1145,8,SSE,10,15,100,NA
CR,2017,123,2017-05-03,1,4.6,3.4,1330,1439,6,SW,7,4,65,NA
CR,2017,137,2017-05-17,1,5,4.6,1320,1445,19,NA,0,0,95,NA
CR,2017,152,2017-06-01,1,7,6,955,1137,19,NW,4,8,2,NA
CR,2017,166,2017-06-15,1,9.7,6.6,1000,1215,29,W,12,8,3,NA
CR,2017,178,2017-06-27,1,8.3,7.1,935,1140,19,NW,7,3,10,NA
CR,2017,193,2017-07-12,1,8.1,7.8,1340,1600,29,E,2,1,80,NA
CR,2017,207,2017-07-26,1,8.6,7.1,935,1045,23,W,3,1,100,NA
CR,2017,220,2017-08-08,1,9.3,8.1,1120,1340,28,W,11,5,30,NA
CR,2017,235,2017-08-23,1,7.6,7.1,920,1030,18,W,4,3,40,NA
CR,2017,250,2017-09-07,1,6.7,6,848,1032,15,NE,3,2,100,NA
CR,2017,263,2017-09-20,1,6.6,5.9,912,1127,18,S,7,13,100,NA
CR,2017,277,2017-10-04,1,8.4,7.1,915,1108,13,SW,12,27,60,NA
CR,2017,289,2017-10-16,1,10.3,8.9,941,1105,15,WSW,7,5,2,NA
CR,2017,317,2017-11-13,1,7.9,6.1,930,1111,2,WSW,5,2,100,NA
CR,2018,18,2018-01-18,1,NA,6.2,1005,1140,-3,NW,7,NA,95,1
CR,2018,50,2018-02-19,1,NA,5.6,950,1130,-7,NE,9,NA,100,1
CR,2018,86,2018-03-27,1,NA,8,1000,1125,1,NW,8,NA,100,1
CR,2018,135,2018-05-15,1,10,9.6,1357,1600,24,NA,0,0,0,NA
CR,2018,151,2018-05-31,1,7.6,6.3,1300,1415,24,W,6,5,80,NA
CR,2018,163,2018-06-12,1,7.8,7.1,1330,1600,24,SW,3,2,85,NA
CR,2018,176,2018-06-25,1,8.7,8,1222,1330,29,SE,6,2,5,NA
CR,2018,191,2018-07-10,1,6.4,5.2,1330,1630,37,NA,0,2,35,NA
CR,2018,205,2018-07-24,1,6.8,6.5,917,1023,34,S,8,4,5,NA
CR,2018,220,2018-08-08,1,7.1,6.2,920,1130,26,W,7,4,20,NA
CR,2018,233,2018-08-21,1,7.2,7,921,1040,16,NW,7,3,100,NA
CR,2018,249,2018-09-06,1,7,5.5,1530,1900,26,NA,0,0,5,NA
CR,2018,261,2018-09-18,1,6.4,6,1305,1500,16,NE,5,4,100,NA
CR,2018,276,2018-10-03,1,7.9,6.9,930,1125,15,S,6,7,100,NA
CR,2018,289,2018-10-16,1,8.4,7.6,945,1125,2,W,7,15,20,NA
CR,2018,315,2018-11-11,1,6.9,5.8,1130,1440,-1,N,4,5,100,NA
CR,2019,14,2019-01-14,1,NA,4.9,1010,1145,-3,NW,4,NA,100,1
CR,2019,53,2019-02-22,1,NA,3.6,1020,1205,2,SW,7,NA,0,1
CR,2019,81,2019-03-22,1,NA,6.1,1115,1245,4,NE,8,NA,6,1
CR,2019,127,2019-05-07,1,7.5,6.5,1320,1525,13,WNW,8,3,10,NA
CR,2019,142,2019-05-22,1,7.7,5.3,933,1119,9,SE,10,10,100,NA
CR,2019,156,2019-06-05,1,7.2,6,1303,1540,23,NE,6,3,55,NA
CR,2019,170,2019-06-19,1,8.2,7.3,931,1100,21,E,3,4,35,NA
CR,2019,183,2019-07-02,1,7.8,7.1,930,1156,30,5,5,1,10,NA
CR,2019,197,2019-07-16,1,7.2,6.3,1330,1452,32,NW,5,5,95,NA
CR,2019,212,2019-07-31,1,7.5,7.1,1027,1229,29,NA,0,0,0,NA
CR,2019,224,2019-08-12,1,7.2,6.8,1247,1400,29,SE,4,4,95,NA
CR,2019,239,2019-08-27,1,7.5,5.9,920,1118,15,W,10,15,10,NA
CR,2019,254,2019-09-11,1,7.1,5.4,1330,1435,9,E,4,5,100,NA
CR,2019,268,2019-09-25,1,8.6,6.4,920,1134,14,NW,9,10,75,NA
CR,2019,282,2019-10-09,1,8.1,6.9,945,1145,NA,NW,10,14,5,NA
CR,2019,295,2019-10-22,1,12.2,9.1,906,1058,2,SW,6,4,100,NA
CR,2019,318,2019-11-14,1,6.3,5.5,1130,1300,-6,W,NA,10,10,NA
CR,2020,13,2020-01-13,1,NA,5.6,1030,1240,-7,NA,0,NA,100,1
CR,2020,49,2020-02-18,1,NA,5.7,1015,1145,-10,NW,8,NA,100,1
CR,2020,122,2020-05-01,1,5.5,4.2,1245,1445,16,SW,7,10,90,NA
CR,2020,153,2020-06-01,1,4.9,3.8,925,1130,15,SSW,5,5,100,NA
CR,2020,183,2020-07-01,1,8.1,7.2,1234,1400,28,SE,3,0,90,NA
CR,2020,217,2020-08-04,1,8.2,6.9,849,1025,15,NE,5,5,60,NA
CR,2020,253,2020-09-09,1,7.3,5.4,855,1013,6,NA,0,0,100,NA
CR,2020,287,2020-10-13,1,8.8,6.8,929,1052,NA,SW,10,10,20,NA
CR,2020,307,2020-11-02,1,7.2,5.8,1322,1438,NA,WSW,NA,5,30,NA
CR,2021,25,2021-01-25,1,NA,5.3,1255,1435,-10,N,8,NA,0,1
CR,2021,56,2021-02-25,1,NA,8.6,1000,1136,-3,NW,7,NA,60,1
CR,2021,97,2021-04-07,1,9,8,1213,1339,13,SE,8,5,25,NA
CR,2021,124,2021-05-04,1,6.7,5.3,1315,1445,NA,W,8,5,100,NA
CR,2021,154,2021-06-03,1,8,7.2,1355,1525,9,NA,0,0,100,NA
CR,2021,180,2021-06-29,1,8.5,7.5,1007,1124,21.5,W,4,2,99,NA
CR,2021,207,2021-07-26,1,9.7,7.8,902,1045,25.2,W,NA,5,0,NA
CR,2021,235,2021-08-23,1,10.9,7.4,1200,1323,24.7,W,9,10,70,NA
CR,2021,266,2021-09-23,1,9.3,7.7,1225,1345,18.6,NE,7,5,1,NA
CR,2021,292,2021-10-19,1,9.2,8.3,944,1115,18.5,S,4,5,60,NA
CR,2021,320,2021-11-16,1,7.3,5.3,945,1120,0,SE,11,5,100,NA
CR,2022,32,2022-02-01,1,NA,5,1225,1350,-3.5,W,16,NA,99,1
CR,2022,47,2022-02-16,1,NA,5.1,1335,1452,-0.5,W,8,NA,99,1
CR,2022,74,2022-03-15,1,NA,7.1,933,1051,4,S,10,NA,4,1
CR,2022,125,2022-05-05,1,10.8,9.1,1305,1435,18,E,5,2,75,NA
CR,2022,138,2022-05-18,1,7.1,5.2,1325,1415,15,SW,10,8,95,NA
CR,2022,152,2022-06-01,1,12.1,10.1,950,1151,17,N,7,5,5,NA
CR,2022,166,2022-06-15,1,7.1,7.1,1035,1135,25.5,SW,2,1,90,NA
CR,2022,180,2022-06-29,1,7.9,6.2,915,1100,22,NA,0,0,85,NA
CR,2022,193,2022-07-12,1,6.9,5.2,910,1005,20.4,WSW,6,2,40,NA
CR,2022,208,2022-07-27,1,5.7,3.4,935,1100,20.8,WSW,6,3,45,NA
CR,2022,222,2022-08-10,1,5.2,4.8,932,1026,21.9,WSW,6,2,5,NA
CR,2022,237,2022-08-25,1,5.8,5.3,1352,1605,25.3,NE,5,5,75,NA
CR,2022,251,2022-09-08,1,8,7.3,943,1050,24,S,11,10,10,NA
CR,2022,264,2022-09-21,1,8.8,7.3,940,1127,20,SW,11,30,45,NA
CR,2022,268,2022-09-25,1,5.8,5.3,1352,1605,25.3,NE,5,5,75,NA
CR,2022,278,2022-10-05,1,8.5,7.5,930,1030,15,SSW,6,5,80,NA
CR,2022,293,2022-10-20,1,7.9,7.1,1006,1220,9,NA,0,3,0,NA
CR,2022,304,2022-10-31,1,7.8,7.5,938,1044,13,E,1,0,0,NA
CR,2022,322,2022-11-18,1,5.7,4.6,1136,1323,-3.8,W,13,7,90,NA
CR,2023,19,2023-01-19,1,NA,4,1027,1140,-2,NE,5,NA,100,1
CR,2023,48,2023-02-17,1,NA,7.2,1217,1348,-5,SW,8,NA,15,1
CR,2023,79,2023-03-20,1,5.1,NA,1334,1449,3,NE,4,NA,60,1
CR,2023,128,2023-05-08,1,6.5,4.8,1313,1455,18,SE,7,5,95,NA
CR,2023,152,2023-06-01,1,5.6,4.8,1331,1657,27.9,SSE,6,3,70,NA
CR,2023,163,2023-06-12,1,5.9,4.7,1450,1634,11.4,NNW,5,3,100,NA
CR,2023,179,2023-06-28,1,7.5,6.2,1329,1537,19.7,ESE,6,4,90,NA
CR,2023,191,2023-07-10,1,7.3,5.1,1023,1154,22.2,W,5,5,30,NA
CR,2023,207,2023-07-26,1,7,4.7,954,1232,22,SSE,4,1,50,NA
CR,2023,222,2023-08-10,1,7,5.6,825,939,18,NW,1,2,70,NA
CR,2023,234,2023-08-22,1,7.6,6.2,1435,1619,17.4,E,3,2,100,NA
CR,2023,249,2023-09-06,1,8.5,7.1,906,1039,20,N,6,2,100,NA
CR,2023,263,2023-09-20,1,8.8,7.3,934,1110,25,SE,8,8,100,NA
CR,2023,276,2023-10-03,1,9.3,7.3,937,1041,25,S,9,8,20,NA
CR,2023,289,2023-10-16,1,7.3,5.5,930,1142,9,N,2,3,100,NA
CR,2023,305,2023-11-01,1,7.4,4.7,942,1117,-2,WSW,16,12,15,NA
CR,2023,318,2023-11-14,1,4.8,3.3,1304,1458,12,S,9,12,95,NA
CR,2024,10,2024-01-10,1,NA,4.9,938,1110,-3,NNE,4,NA,100,1
CR,2024,39,2024-02-08,1,NA,6.5,1005,1121,7,SE,9,NA,50,1
CR,2024,96,2024-04-05,1,4.9,4.3,1414,1600,8,NE,9,3,0,NA
CR,2024,121,2024-04-30,1,5.6,4,1331,1336,11,W,6,5,90,NA
CR,2024,136,2024-05-15,1,7.5,7.2,958,1122,19,E,2,2,10,NA
CR,2024,152,2024-05-31,1,6,5.2,1059,1254,19,W,8,18,90,NA
CR,2024,165,2024-06-13,1,7,6.9,930,1122,21,W,16,8,60,NA
CR,2024,180,2024-06-28,1,9,5.8,1103,1242,15,SE,7,2,99,NA
CR,2024,192,2024-07-10,1,10.3,9.2,1001,1201,24.7,NW,6,3,18,NA
CR,2024,205,2024-07-23,1,9.8,9.9,915,1049,16,E,3,4,99,NA
CR,2024,220,2024-08-07,1,8.5,6.8,956,1220,17.1,SW,0,5,75,NA
CR,2024,234,2024-08-21,1,8.2,7.7,940,1048,18.4,W,2,3,5,NA
CR,2024,248,2024-09-04,1,8.4,6.7,1310,1458,23,S,7,3,30,NA
CR,2024,262,2024-09-18,1,10,8.9,933,1102,26.4,S,2,10,10,NA
CR,2024,275,2024-10-01,1,9.4,7.7,910,1123,15.2,SE,6,18,10,NA
CR,2024,289,2024-10-15,1,6.9,5.3,910,1116,4.5,S,3,5,50,NA
CR,2024,306,2024-11-01,1,7.7,6.3,1210,1406,4.5,NA,0,0,60,NA
CR,2024,320,2024-11-15,1,6.7,6.5,1100,1306,10.9,N,7,5,25,NA
CR,2025,10,2025-01-10,1,NA,5.2,915,1032,-3,W,4,NA,100,1
CR,2025,51,2025-02-20,1,NA,5.1,1209,1339,-1,NNW,2,NA,85,1
CR,2025,69,2025-03-10,1,NA,7.4,1005,1122,11,SW,3,NA,20,1
CR,2025,114,2025-04-24,1,4.7,4.2,1220,1338,16,N,3,2,100,NA
CR,2025,132,2025-05-12,1,5.7,5.3,1000,1121,23,SW,11,10,0,NA
CR,2025,148,2025-05-28,1,4.6,4.5,934,1107,21.5,E,10,10,55,NA
CR,2025,161,2025-06-10,1,6.2,5.5,955,1135,12.3,W,8,3,100,NA
CR,2025,176,2025-06-25,1,7.7,6.6,937,1055,19.6,SE,8,5,100,NA
CR,2025,188,2025-07-07,1,8.3,8,1003,1222,21.9,NW,2,5,5,NA
CR,2025,202,2025-07-21,1,6.9,7.1,950,1116,23.3,S,6,8,90,NA
CR,2025,217,2025-08-05,1,7.3,5,1246,1454,24.1,S,5,4,80,NA
CR,2025,230,2025-08-18,1,6.5,6.6,1211,1324,17.6,E,4,12,100,NA
CR,2025,245,2025-09-02,1,9.2,8.2,1032,1152,21,SW,5,5,60,NA
CR,2025,260,2025-09-17,1,10.1,9.2,936,1102,29,E,1,0,20,NA
CR,2025,273,2025-09-30,1,10.8,10.3,1005,1221,20.9,SE,5,3,72,NA
CR,2025,287,2025-10-14,1,10.4,7.5,1030,1203,7.9,NE,7,3,98,NA
CR,2025,302,2025-10-29,1,8.4,7.8,1249,1420,11.5,NE,6,3,2,NA
CR,2025,317,2025-11-13,1,6.3,5.3,1310,1444,8.6,W,4,NA,2,NA
FI,1996,39,1996-02-08,1,NA,6,1200,1500,6.5,NA,5,NA,5,1
FI,1996,80,1996-03-20,1,NA,2.8,1030,NA,16.1,SE,15,NA,5,NA
FI,1996,123,1996-05-02,1,NA,4.3,1005,1200,9.1,WSW,5,10,60,NA
FI,1996,136,1996-05-15,1,NA,4.6,1055,1217,12.5,SE,3,3,100,NA
FI,1996,148,1996-05-27,1,NA,6.1,1105,1220,18,SW,5,5,0,NA
FI,1996,162,1996-06-10,1,NA,4.6,1107,1330,19.3,E,2,3,100,NA
FI,1996,176,1996-06-24,1,NA,3,1430,NA,19,N,15,8,100,NA
FI,1996,192,1996-07-10,1,NA,4.5,1200,1353,20.5,NW,3,2,15,NA
FI,1996,206,1996-07-24,1,NA,2.1,1205,NA,22.4,NA,NA,3,70,NA
FI,1996,220,1996-08-07,1,NA,3.1,950,1205,25.6,NW,3,5,10,NA
FI,1996,234,1996-08-21,1,NA,2.9,1000,1145,24,NA,0,0,0,NA
FI,1996,250,1996-09-06,1,NA,3.1,1215,1340,24.3,NE,5,8,50,NA
FI,1996,275,1996-10-01,1,NA,3,1100,1200,NA,SE,5,5,40,NA
FI,1996,288,1996-10-14,1,NA,9.7,1155,1309,16.5,W,5,5,100,NA
FI,1996,303,1996-10-29,1,NA,3.3,1115,NA,9.6,SE,15,10,100,NA
FI,1997,15,1997-01-15,1,NA,4.1,1030,1205,-8,ESE,13,NA,100,1
FI,1997,52,1997-02-21,1,NA,6.1,1050,NA,0,NE,13,NA,100,1
FI,1997,100,1997-04-10,1,NA,1.6,1050,1205,3,SW,2,2,80,NA
FI,1997,120,1997-04-30,1,NA,4.5,1010,1200,13.2,NE,13,9,100,NA
FI,1997,132,1997-05-12,1,NA,3.6,1050,1220,16.7,NW,23,8,0,NA
FI,1997,147,1997-05-27,1,NA,4.1,1255,1400,18.1,NE,18,10,80,NA
FI,1997,161,1997-06-10,1,NA,7.9,1115,1445,26.1,NE,2,2,5,NA
FI,1997,175,1997-06-24,1,NA,4.8,1340,1509,27.9,SE,20,13,10,NA
FI,1997,189,1997-07-08,1,NA,4.2,1035,1230,22.6,SW,5,5,100,NA
FI,1997,203,1997-07-22,1,NA,4.9,1006,1130,19.7,ENE,10,5,95,NA
FI,1997,217,1997-08-05,1,NA,4.9,1024,1313,18.6,N,12,8,0,NA
FI,1997,231,1997-08-19,1,NA,3.3,1112,1230,NA,SE,3,2,100,NA
FI,1997,254,1997-09-11,1,NA,2.9,1000,1141,16.2,SSW,3,2,5,NA
FI,1997,275,1997-10-02,1,NA,2.4,1045,1143,16,SSW,15,20,85,NA
FI,1997,301,1997-10-28,1,NA,3.8,1215,NA,8.9,SW,15,10,50,NA
FI,1997,324,1997-11-20,1,NA,4.2,1150,1245,5,NA,0,0,100,NA
FI,1998,29,1998-01-29,1,NA,3,1105,NA,12.1,NE,3,NA,100,1
FI,1998,69,1998-03-10,1,NA,4,1138,1245,2.6,NW,5,15,10,NA
FI,1998,97,1998-04-07,1,NA,3,1100,1200,12.5,NE,20,20,20,NA
FI,1998,113,1998-04-23,1,NA,3.5,1030,NA,16.5,NW,15,3,10,NA
FI,1998,132,1998-05-12,1,NA,3.8,1020,1125,20.2,NE,NA,10,100,NA
FI,1998,147,1998-05-27,1,NA,10.8,NA,NA,21.6,NE,5,5,15,NA
FI,1998,161,1998-06-10,1,NA,3.9,NA,NA,19.5,NW,1,2,100,NA
FI,1998,175,1998-06-24,1,NA,3.7,1028,1145,23.1,ESE,8,13,10,NA
FI,1998,188,1998-07-07,1,NA,3.5,1000,NA,20.4,NE,10,7,100,NA
FI,1998,203,1998-07-22,1,NA,NA,1048,1154,23.1,SSW,5,5,100,NA
FI,1998,217,1998-08-05,1,NA,2.8,1215,1400,20.9,NE,18,40,100,NA
FI,1998,231,1998-08-19,1,NA,1.8,1110,1200,21.8,NE,5,3,95,NA
FI,1998,244,1998-09-01,1,NA,1.3,930,1100,20.8,W,5,5,5,NA
FI,1998,272,1998-09-29,1,NA,1.3,945,NA,NA,NA,0,0,75,NA
FI,1998,299,1998-10-26,1,NA,3.1,945,1120,17,NA,0,0,25,NA
FI,1998,328,1998-11-24,1,NA,3.7,925,1010,4.9,SW,5,2,10,NA
FI,1999,28,1999-01-28,1,NA,4.2,945,1330,0,W,8,NA,100,1
FI,1999,56,1999-02-25,1,NA,3.2,1000,1200,2,N,5,NA,100,1
FI,1999,89,1999-03-30,1,NA,2.5,1015,1110,17,W,8,20,0,NA
FI,1999,103,1999-04-13,1,NA,2.3,1035,1235,18,NA,0,0,25,NA
FI,1999,117,1999-04-27,1,NA,2.2,1025,1130,11,E,10,15,10,NA
FI,1999,131,1999-05-11,1,NA,2.9,1015,1210,17,SE,8,10,80,NA
FI,1999,144,1999-05-24,1,NA,3.3,1300,1410,16,NW,15,20,95,NA
FI,1999,160,1999-06-09,1,NA,2.7,1025,1230,29,SW,3,3,10,NA
FI,1999,173,1999-06-22,1,NA,1.9,1225,1330,30,SW,5,15,60,NA
FI,1999,190,1999-07-09,1,NA,1.7,1040,1250,27,WSW,10,10,0,NA
FI,1999,201,1999-07-20,1,NA,1.8,850,1000,27,E,5,10,50,NA
FI,1999,215,1999-08-03,1,NA,1.9,1055,1310,27,W,10,10,25,NA
FI,1999,230,1999-08-18,1,NA,1.6,955,1130,22,NE,5,2,100,NA
FI,1999,243,1999-08-31,1,NA,1.4,1135,1340,26,SW,8,5,20,NA
FI,1999,271,1999-09-28,1,NA,3.3,1035,1200,13,NE,5,10,100,NA
FI,1999,298,1999-10-25,1,NA,2.4,1350,1515,17,SW,18,30,60,NA
FI,1999,333,1999-11-29,1,NA,4,1200,1325,5,NW,8,10,5,NA
FI,2000,27,2000-01-27,1,NA,3.5,1030,1200,1,NA,0,NA,0,1
FI,2000,76,2000-03-16,1,NA,4.2,1155,1355,2,N,8,8,0,NA
FI,2000,90,2000-03-30,1,NA,3.3,1025,1130,14,0,0,0,0,NA
FI,2000,103,2000-04-12,1,NA,3.7,1235,1415,10,W,3,2,10,NA
FI,2000,117,2000-04-26,1,NA,5.7,1145,1245,21,S,5,3,5,NA
FI,2000,131,2000-05-10,1,NA,4.3,1205,1340,17.5,S,10,5,100,NA
FI,2000,145,2000-05-24,1,NA,4.1,1145,1315,24.5,W,35,50,15,NA
FI,2000,157,2000-06-05,1,NA,2.8,1245,1520,18,NNE,12,15,60,NA
FI,2000,173,2000-06-21,1,NA,1.6,1030,1220,25.2,WSW,20,10,0,NA
FI,2000,186,2000-07-04,1,NA,2,1115,1320,29,ENE,3,5,60,NA
FI,2000,200,2000-07-18,1,NA,1.8,1150,1340,22,ENE,5,2,10,NA
FI,2000,215,2000-08-02,1,NA,1.4,915,1120,25,NNW,10,5,50,NA
FI,2000,227,2000-08-14,1,NA,1.7,1210,1300,28,SSE,5,2,50,NA
FI,2000,242,2000-08-29,1,NA,3.5,1230,1440,25,N,3,2,15,NA
FI,2000,270,2000-09-26,1,NA,2.5,1130,1305,19.5,W,13,10,5,NA
FI,2000,297,2000-10-23,1,NA,4.2,1055,1235,15,-,0,0,100,NA
FI,2000,333,2000-11-28,1,NA,3,1440,1540,1.7,NA,0,0,90,NA
FI,2001,9,2001-01-09,1,NA,3.8,1145,1345,-5.4,SW,5,NA,5,1
FI,2001,101,2001-04-11,1,NA,2.5,1000,1045,8.5,NE,15,20,100,NA
FI,2001,114,2001-04-24,1,NA,2.5,1205,1418,13,NNW,10,10,15,NA
FI,2001,128,2001-05-08,1,NA,2.9,1045,1245,19,W,27,75,5,NA
FI,2001,143,2001-05-23,1,NA,0.8,1020,1200,9.4,SW,5,10,100,NA
FI,2001,157,2001-06-06,1,NA,1.8,910,1201,13.9,NE,5,3,100,NA
FI,2001,170,2001-06-19,1,NA,1.4,915,1030,21.2,NW,15,5,90,NA
FI,2001,184,2001-07-03,1,NA,1.6,948,1150,26.1,NA,0,2,30,NA
FI,2001,199,2001-07-18,1,NA,1.65,925,1020,22.1,NA,0,0,100,NA
FI,2001,213,2001-08-01,1,NA,1.2,910,1145,28.4,SSW,5,5,95,NA
FI,2001,227,2001-08-15,1,NA,1.5,915,1123,19.1,SW,5,2,100,NA
FI,2001,241,2001-08-29,1,NA,1.5,1000,1225,29.4,SW,5,2,5,NA
FI,2001,268,2001-09-25,1,NA,2.2,930,1130,11.4,NW,8,10,5,NA
FI,2001,297,2001-10-24,1,NA,1.9,1145,1515,NA,W,5,5,100,NA
FI,2001,331,2001-11-27,1,NA,2.4,925,1130,9.4,NNW,10,25,40,NA
FI,2002,100,2002-04-10,1,NA,2.6,1345,1515,19,S,8,10,30,NA
FI,2002,115,2002-04-25,1,NA,2.9,1100,1300,10.1,SW,15,25,5,NA
FI,2002,142,2002-05-22,1,NA,3.2,1130,1430,21.2,SW,10,15,70,NA
FI,2002,156,2002-06-05,1,NA,3.1,1200,200,21.5,NE,5,3,50,NA
FI,2002,168,2002-06-17,1,NA,1.9,1030,1230,20.3,0,0,0,90,NA
FI,2002,183,2002-07-02,1,NA,1,1030,1230,31,NW,20,15,0,NA
FI,2002,198,2002-07-17,1,NA,1.9,1300,1500,33,SW,5,5,5,NA
FI,2002,208,2002-07-27,1,NA,2.2,1100,1300,31.4,SW,15,5,0,NA
FI,2002,226,2002-08-14,1,NA,1.9,1100,1300,29.2,WNW,5,5,45,NA
FI,2002,239,2002-08-27,1,NA,1.5,1100,1230,30,NW,5,5,10,NA
FI,2002,268,2002-09-25,1,NA,2.7,1200,1300,19.2,SW,10,5,0,NA
FI,2002,296,2002-10-23,1,NA,2.3,1200,1400,5,N,5,5,100,NA
FI,2002,325,2002-11-21,1,NA,2.2,1230,1430,5.3,N,10,10,90,NA
FI,2003,27,2003-01-27,1,NA,3.6,1200,1430,-8.9,SW,15,NA,100,1
FI,2003,92,2003-04-02,1,NA,3,1100,1230,13,W,10,20,100,NA
FI,2003,108,2003-04-18,1,NA,2.4,1200,1340,5,E,10,5,100,NA
FI,2003,119,2003-04-29,1,NA,3.5,1200,1330,17,W,5,0,25,NA
FI,2003,134,2003-05-14,1,NA,3.2,1215,1315,11,E,10,5,100,NA
FI,2003,148,2003-05-28,1,NA,4.2,1230,1300,24,NW,10,10,90,NA
FI,2003,162,2003-06-11,1,NA,3.3,1215,1415,21,E,10,10,100,NA
FI,2003,175,2003-06-24,1,NA,2.3,1145,1245,31,SW,5,5,15,NA
FI,2003,190,2003-07-09,1,NA,1.8,1145,1300,22,E,10,10,100,NA
FI,2003,203,2003-07-22,1,NA,1.7,1430,1530,25.5,N,10,7,25,NA
FI,2003,218,2003-08-06,1,NA,1.5,1200,1445,28,NE,5,5,75,NA
FI,2003,231,2003-08-19,1,NA,1.5,1245,1345,33,W,10,10,15,NA
FI,2003,248,2003-09-05,1,NA,1.4,1130,1300,26,W,5,10,0,NA
FI,2003,274,2003-10-01,1,NA,2,1130,1330,10,NW,15,15,10,NA
FI,2003,309,2003-11-05,1,NA,2.3,1230,1500,5,NW,5,10,100,NA
FI,2003,338,2003-12-04,1,NA,3,1200,1400,4,NE,5,10,10,NA
FI,2004,42,2004-02-11,1,NA,3,1130,1230,-1,SW,2,NA,30,1
FI,2004,90,2004-03-30,1,NA,2.9,1100,1130,6,E,10,15,90,NA
FI,2004,107,2004-04-16,1,NA,4,1200,1400,25,SW,5,5,20,NA
FI,2004,118,2004-04-27,1,NA,5.2,1130,1245,9,W,5,10,10,NA
FI,2004,133,2004-05-12,1,NA,4,100,1230,23,SW,15,15,40,NA
FI,2004,146,2004-05-25,1,NA,3,1130,1300,11,W,5,10,100,NA
FI,2004,161,2004-06-09,1,NA,3.4,1100,1330,26,NE,5,5,95,NA
FI,2004,175,2004-06-23,1,NA,1.8,1115,1245,23,NA,0,0,95,NA
FI,2004,190,2004-07-08,1,NA,1.6,1015,1245,25,NW,5,5,20,NA
FI,2004,203,2004-07-21,1,NA,1.4,1300,1430,28,W,10,5,75,NA
FI,2004,218,2004-08-05,1,NA,1.6,1130,1430,24.5,E,10,10,10,NA
FI,2004,230,2004-08-17,1,NA,1.5,1230,1330,24,NA,0,0,100,NA
FI,2004,282,2004-10-08,1,NA,2.1,1200,1400,16,W,5,5,80,NA
FI,2004,315,2004-11-10,1,NA,2.6,1200,1400,11,W,20,30,50,NA
FI,2005,42,2005-02-11,1,NA,5.2,1230,1445,1,NW,10,NA,40,1
FI,2005,103,2005-04-13,1,NA,2.1,1200,1400,10,E,15,15,0,NA
FI,2005,122,2005-05-02,1,NA,1.8,1200,1330,6,NW,15,15,95,NA
FI,2005,133,2005-05-13,1,NA,2.1,1200,1330,11,S,5,2,100,NA
FI,2005,146,2005-05-26,1,NA,2.9,1215,1330,19,NW,10,12,50,NA
FI,2005,160,2005-06-09,1,NA,4,1230,1445,28,NA,0,0,75,NA
FI,2005,174,2005-06-23,1,NA,2.8,1300,1350,34,SW,15,20,10,NA
FI,2005,188,2005-07-07,1,NA,1.8,1100,1315,25,E,5,3,5,NA
FI,2005,203,2005-07-22,1,NA,1.3,130,330,30,NA,0,0,20,NA
FI,2005,217,2005-08-05,1,NA,1.1,1230,1430,25,NW,5,5,10,NA
FI,2005,229,2005-08-17,1,NA,1.3,1145,1230,28,S,5,3,20,NA
FI,2005,244,2005-09-01,1,NA,1.4,1120,1300,27,W,12,25,0,NA
FI,2005,272,2005-09-29,1,NA,1.2,1500,1630,14,SW,15,15,30,NA
FI,2005,308,2005-11-04,1,NA,2.3,1200,1400,12,W,15,20,10,NA
FI,2006,60,2006-03-01,1,NA,3.6,1215,1315,0,E,10,NA,100,1
FI,2006,111,2006-04-21,1,NA,2,1130,1240,16,W,12,15,40,NA
FI,2006,128,2006-05-08,1,NA,3.4,1130,1230,17,SW,10,10,100,NA
FI,2006,138,2006-05-18,1,NA,5.3,1200,1330,15,NW,25,30,60,NA
FI,2006,153,2006-06-02,1,NA,3.9,1230,1320,25,NW,10,5,30,NA
FI,2006,166,2006-06-15,1,NA,1.9,1100,1230,26,S,5,3,90,NA
FI,2006,180,2006-06-29,1,NA,1.9,1200,1300,26,NA,0,0,0,NA
FI,2006,194,2006-07-13,1,NA,1.8,1345,1535,28,SE,5,10,70,NA
FI,2006,208,2006-07-27,1,NA,1.5,1115,1215,29,NA,0,0,95,NA
FI,2006,222,2006-08-10,1,NA,1.5,1130,1400,26,SE,15,20,100,NA
FI,2006,235,2006-08-23,1,NA,1.5,1100,1300,27,SE,5,5,30,NA
FI,2006,256,2006-09-13,1,NA,1.8,1230,1500,16,NA,0,0,100,NA
FI,2006,278,2006-10-05,1,NA,2.8,1215,1345,11,NE,5,5,30,NA
FI,2006,305,2006-11-01,1,NA,3,1200,1330,6,NW,15,15,0,NA
FI,2007,66,2007-03-07,1,NA,3.8,1200,1400,-2,NE,5,NA,0,1
FI,2007,95,2007-04-05,1,NA,3.2,1300,1330,1,NW,15,15,0,NA
FI,2007,110,2007-04-20,1,NA,3.5,1200,1300,18,S,5,5,20,NA
FI,2007,121,2007-05-01,1,NA,3.8,1200,1400,18,N,5,5,30,NA
FI,2007,138,2007-05-18,1,NA,4,1130,1300,18,S,15,15,5,NA
FI,2007,152,2007-06-01,1,NA,2,1245,1400,25,SE,8,8,95,NA
FI,2007,163,2007-06-12,1,NA,2.4,1100,1255,27,W,5,4,5,NA
FI,2007,178,2007-06-27,1,NA,1.8,1035,1130,27,N,10,4,95,NA
FI,2007,191,2007-07-10,1,NA,1.4,1205,1335,28,NW,10,12,50,NA
FI,2007,206,2007-07-25,1,NA,1.5,945,1055,26,S,7,10,10,NA
FI,2007,221,2007-08-09,1,NA,1.5,1007,1202,21,SE,2,2,100,NA
FI,2007,234,2007-08-22,1,NA,1.3,1000,1037,22,SW,5,5,100,NA
FI,2007,264,2007-09-21,1,NA,1.3,1145,1345,27,SW,20,25,50,NA
FI,2007,283,2007-10-10,1,NA,2.7,1100,1300,9,NW,20,20,100,NA
FI,2007,303,2007-10-30,1,NA,2,1130,1330,15,SW,15,15,0,NA
FI,2007,332,2007-11-28,1,NA,2.2,1055,1215,1,NW,10,15,100,NA
FI,2008,53,2008-02-22,1,NA,1.2,1137,1325,-4,NA,0,NA,0,1
FI,2008,109,2008-04-18,1,NA,1.8,1150,1310,9,E,10,8,100,NA
FI,2008,123,2008-05-02,1,NA,1.3,1134,1200,19,E,5,5,100,NA
FI,2008,137,2008-05-16,1,NA,1.4,1330,1425,19,W,15,15,20,NA
FI,2008,148,2008-05-27,1,NA,1.2,1130,1233,13,NE,20,15,50,NA
FI,2008,165,2008-06-13,1,NA,1.5,1120,1345,22,W,10,12,80,NA
FI,2008,179,2008-06-27,1,NA,1.1,1314,1352,28,SW,5,5,40,NA
FI,2008,192,2008-07-10,1,NA,1.5,1145,1321,28,SW,5,10,50,NA
FI,2008,205,2008-07-23,1,NA,1.3,1020,1102,22,NE,5,5,0,NA
FI,2008,220,2008-08-07,1,NA,0.9,928,1113,26,N,1,5,2,NA
FI,2008,233,2008-08-20,1,NA,1,1106,1136,26,N,5,3,90,NA
FI,2008,253,2008-09-09,1,NA,1,1200,1400,20,N,2,1,30,NA
FI,2008,284,2008-10-10,1,NA,1.1,1030,1230,16,SE,10,15,0,NA
FI,2008,315,2008-11-10,1,NA,1.5,1130,1330,4,W,2,2,50,NA
FI,2009,23,2009-01-23,1,NA,7.8,1200,1330,-6,NW,15,NA,70,1
FI,2009,112,2009-04-22,1,NA,2,1130,1300,14,NW,15,20,5,NA
FI,2009,124,2009-05-04,1,NA,2.9,1200,1250,20,S,5,5,75,NA
FI,2009,166,2009-06-15,1,NA,2.9,1105,1250,24,SE,5,5,50,NA
FI,2009,175,2009-06-24,1,NA,2,904,932,24,W,5,3,70,NA
FI,2009,189,2009-07-08,1,NA,1.4,1031,1143,19,E,5,5,100,NA
FI,2009,203,2009-07-22,1,NA,1.2,1035,1110,23,E,5,5,60,NA
FI,2009,218,2009-08-06,1,NA,1,1205,1335,22,N,5,10,30,NA
FI,2009,230,2009-08-18,1,NA,1.4,1050,1120,20,W,10,15,40,NA
FI,2009,244,2009-09-01,1,NA,1.9,1135,1300,20,NA,0,0,30,NA
FI,2009,280,2009-10-07,1,NA,1.7,1400,1600,15,SW,15,20,0,NA
FI,2009,307,2009-11-03,1,NA,1.5,945,1050,4,W,5,5,0,NA
FI,2010,50,2010-02-19,1,NA,1.2,930,1030,-2,NA,0,NA,10,1
FI,2010,91,2010-04-01,1,NA,1.2,1130,1300,17,SW,10,15,20,NA
FI,2010,106,2010-04-16,1,NA,1.6,1050,1145,11,NW,15,25,90,NA
FI,2010,119,2010-04-29,1,NA,1.8,1200,1300,16,S,20,25,60,NA
FI,2010,134,2010-05-14,1,NA,1.5,1100,1230,15,W,15,20,10,NA
FI,2010,147,2010-05-27,1,NA,2.9,10,1130,25,NE,10,15,5,NA
FI,2010,162,2010-06-11,1,NA,2.7,10,1230,29,W,2,2,100,NA
FI,2010,174,2010-06-23,1,NA,1.9,930,1030,22,W,15,25,99,NA
FI,2010,189,2010-07-08,1,NA,1.5,900,1030,26,N,5,5,50,NA
FI,2010,204,2010-07-23,1,NA,1.1,1100,1200,26,W,10,15,90,NA
FI,2010,218,2010-08-06,1,NA,0.6,1100,1400,26,NW,5,10,30,NA
FI,2010,230,2010-08-18,1,NA,1,1315,1410,27,W,8,8,50,NA
FI,2010,244,2010-09-01,1,NA,1,1100,1245,26,W,5,5,100,NA
FI,2010,274,2010-10-01,1,NA,1.9,1100,1330,18,W,10,15,40,NA
FI,2010,302,2010-10-29,1,NA,2.5,1130,1330,10,W,10,15,20,NA
FI,2011,52,2011-02-21,1,NA,12,1200,1430,-6,e,15,NA,100,1
FI,2011,115,2011-04-25,1,NA,1.8,1130,1300,14,e,10,15,20,NA
FI,2011,125,2011-05-05,1,NA,2.1,1500,1600,10,sw,10,15,100,NA
FI,2011,139,2011-05-19,1,NA,4.2,1130,1330,18,NE,2,3,100,NA
FI,2011,154,2011-06-03,1,NA,2.2,1045,1200,31,s,5,5,10,NA
FI,2011,167,2011-06-16,1,NA,2.3,1120,1135,22,NE,2,2,60,NA
FI,2011,181,2011-06-30,1,NA,1.2,1045,1200,25,S,5,5,10,NA
FI,2011,200,2011-07-19,1,NA,1.6,1100,1400,35,NA,0,0,0,NA
FI,2011,210,2011-07-29,1,NA,1.2,1030,1200,30,E,2,5,10,NA
FI,2011,223,2011-08-11,1,NA,1.6,1000,1200,26,W,5,10,10,NA
FI,2011,234,2011-08-22,1,NA,1.3,1110,1140,26,W,2,2,0,NA
FI,2011,257,2011-09-14,1,NA,1.2,1100,1300,14,N,5,15,70,NA
FI,2011,279,2011-10-06,1,NA,1.2,1130,1330,22,SW,5,10,0,NA
FI,2011,307,2011-11-03,1,NA,1.5,1200,1430,10,NE,15,25,50,NA
FI,2012,110,2012-04-19,1,NA,1.2,1030,1230,10,E,12,15,90,NA
FI,2012,125,2012-05-04,1,NA,0.8,1100,1300,20,E,5,10,100,NA
FI,2012,136,2012-05-15,1,NA,0.9,1100,1200,27,W,15,20,30,NA
FI,2012,152,2012-05-31,1,NA,1.3,1145,1300,11,NE,10,15,100,NA
FI,2012,166,2012-06-14,1,NA,1.3,1215,1445,29,SW,8,15,100,NA
FI,2012,179,2012-06-27,1,NA,1,1230,1345,32,SW,15,15,0,NA
FI,2012,191,2012-07-09,1,NA,0.9,1230,1400,33,E,2,3,40,NA
FI,2012,209,2012-07-27,1,NA,0.5,1215,1310,24,NW,8,10,30,NA
FI,2012,222,2012-08-09,1,NA,0.6,1030,1230,18,E,7,7,100,NA
FI,2012,236,2012-08-23,1,NA,0.6,1030,1100,23,SW,2,5,20,NA
FI,2012,250,2012-09-06,1,NA,2.8,1100,1300,25,NW,10,15,0,NA
FI,2012,284,2012-10-10,1,NA,3,1100,1300,5,NW,10,20,10,NA
FI,2012,307,2012-11-02,1,NA,4.7,1130,1330,4,N,2,2,20,NA
FI,2013,45,2013-02-14,1,NA,9.5,1200,1400,-2,w,20,NA,80,1
FI,2013,128,2013-05-08,1,NA,4.7,11,13,25,W,2,1,10,NA
FI,2013,140,2013-05-20,1,NA,4,12,14,26,SW,10,15,5,NA
FI,2013,150,2013-05-30,1,NA,4.5,10,11,22,SW,18,20,70,NA
FI,2013,164,2013-06-13,1,NA,1.9,11,13,22,NW,5,3,30,NA
FI,2013,177,2013-06-26,1,NA,0.9,11,12,22,SE,7,2,100,NA
FI,2013,191,2013-07-10,1,NA,1,11,12,22,NW,8,5,30,NA
FI,2013,204,2013-07-23,1,NA,1.3,11,11,21,W,7,5,60,NA
FI,2013,219,2013-08-07,1,NA,0.9,11,13,25,SW,5,5,15,NA
FI,2013,232,2013-08-20,1,NA,0.8,12,13,25,SW,8,10,10,NA
FI,2013,255,2013-09-12,1,NA,0.9,9,11,21,NE,5,3,0,NA
FI,2013,276,2013-10-03,1,NA,1.6,11,12,20,S,8,5,100,NA
FI,2013,305,2013-11-01,1,NA,1.3,11,13,8,W,5,10,100,NA
FI,2014,85,2014-03-26,1,NA,3,12,15,-5,S,15,NA,100,1
FI,2014,121,2014-05-01,1,NA,1.4,10,12,7,SE,10,7,100,NA
FI,2014,133,2014-05-13,1,NA,1.2,11,13,12,SW,10,20,100,NA
FI,2014,149,2014-05-29,1,NA,2.4,11,13,28,E,10,5,0,NA
FI,2014,162,2014-06-11,1,NA,1.3,1115,1315,18,NE,10,5,100,NA
FI,2014,176,2014-06-25,1,NA,1.7,1115,1230,22,NE,5,5,100,NA
FI,2014,189,2014-07-08,1,NA,1.8,1200,1400,23,W,12,15,75,NA
FI,2014,203,2014-07-22,1,NA,1.2,1030,1110,26,S,10,10,100,NA
FI,2014,219,2014-08-07,1,NA,0.7,1200,1345,24,SE,5,3,10,NA
FI,2014,230,2014-08-18,1,NA,0.9,1030,1130,26,W,4,5,20,NA
FI,2014,252,2014-09-09,1,NA,1.1,1200,1330,26,SW,7,5,10,NA
FI,2014,275,2014-10-02,1,NA,1.7,1200,1300,18,NA,0,0,100,NA
FI,2014,308,2014-11-04,1,NA,1.5,1100,1200,10,W,17,15,95,NA
FI,2015,16,2015-01-16,1,NA,2.8,1200,1400,-3,E,5,NA,100,1
FI,2015,89,2015-03-30,1,NA,1.9,1230,1330,13,W,7,7,95,NA
FI,2015,105,2015-04-15,1,NA,1.4,1230,1330,19,E,10,10,40,NA
FI,2015,120,2015-04-30,1,NA,2.9,1200,1300,16,N,7,5,10,NA
FI,2015,132,2015-05-12,1,NA,4,1000,1130,12,NW,15,20,90,NA
FI,2015,149,2015-05-29,1,NA,1.5,1030,1130,24,SE,5,5,100,NA
FI,2015,161,2015-06-10,1,NA,1.1,1145,1330,25,NW,7,5,10,NA
FI,2015,176,2015-06-25,1,NA,1.1,1040,1115,19,NE,5,2,100,NA
FI,2015,188,2015-07-07,1,NA,1.5,1145,1315,18,NW,10,10,90,NA
FI,2015,202,2015-07-21,1,NA,0.9,1350,1440,23,SW,10,10,75,NA
FI,2015,218,2015-08-06,1,NA,0.9,1100,1245,25,SE,2,0,40,NA
FI,2015,230,2015-08-18,1,NA,0.6,1045,1145,22,W,5,5,100,NA
FI,2015,243,2015-08-31,1,NA,0.5,1100,1245,26,S,5,5,70,NA
FI,2015,281,2015-10-08,1,NA,1.6,1130,1230,20,W,10,10,100,NA
FI,2015,308,2015-11-04,1,NA,1.2,1100,1300,20,SW,10,15,5,NA
FI,2016,47,2016-02-16,1,NA,2.5,1200,1400,-1,W,5,NA,100,1
FI,2016,95,2016-04-04,1,NA,2,12,13,3,E,5,5,100,NA
FI,2016,102,2016-04-11,1,NA,2,12,14,5,SW,20,20,30,NA
FI,2016,120,2016-04-29,1,NA,3.6,11,12,10,NE,8,5,90,NA
FI,2016,133,2016-05-12,1,NA,4.1,1040,1200,17,W,5,5,90,NA
FI,2016,145,2016-05-24,1,NA,3.8,10,11,22,w,7,5,98,NA
FI,2016,158,2016-06-06,1,NA,1.9,1130,1300,20,W,12,10,75,NA
FI,2016,174,2016-06-22,1,NA,1.2,1130,1145,22,SW,7,5,100,NA
FI,2016,190,2016-07-08,1,NA,1.5,1040,1140,25,SW,5,10,20,NA
FI,2016,203,2016-07-21,1,NA,0.9,1030,1100,27,SE,7,10,95,NA
FI,2016,218,2016-08-05,1,NA,0.9,1105,1225,23,N,10,3,10,NA
FI,2016,228,2016-08-15,1,NA,0.8,1300,1330,27,E,2,2,100,NA
FI,2016,245,2016-09-01,1,NA,0.6,1200,1300,20,NE,8,5,50,NA
FI,2016,271,2016-09-27,1,NA,0.8,1100,1200,13,NW,15,20,80,NA
FI,2016,312,2016-11-07,1,NA,2.6,1200,1300,14,SW,10,5,10,NA
FI,2017,48,2017-02-17,1,NA,4,1100,1400,12,NA,0,NA,0,1
FI,2017,110,2017-04-20,1,NA,2.5,1300,1500,11,NW,10,20,100,NA
FI,2017,125,2017-05-05,1,NA,7,1130,1230,15,E,10,15,10,NA
FI,2017,137,2017-05-17,1,NA,4.3,1200,1300,23,SW,10,15,90,NA
FI,2017,153,2017-06-02,1,NA,4.9,1030,1100,24,-,0,2,0,6
FI,2017,166,2017-06-15,1,NA,2.6,1040,1200,25.5,W,5,3,70,6
FI,2017,180,2017-06-29,1,NA,2.3,1115,1140,24,W,10,NA,100,NA
FI,2017,194,2017-07-13,1,NA,2.1,1045,1200,22,SE,5,5,100,7
FI,2017,208,2017-07-27,1,NA,3.1,1045,1130,24,E,10,15,0,NA
FI,2017,223,2017-08-11,1,NA,2.3,1045,1215,18,NW,5,3,100,NA
FI,2017,234,2017-08-22,1,NA,2.1,1030,1045,22,NW,5,5,55,NA
FI,2017,248,2017-09-05,1,NA,2.2,1130,1300,16,NW,10,10,60,NA
FI,2017,276,2017-10-03,1,NA,2.5,1200,1245,20,SW,15,10,95,NA
FI,2017,296,2017-10-23,1,NA,3,1215,1330,6,15,15,20,100,NA
FI,2018,58,2018-02-27,1,NA,3.3,1245,1415,10,SW,10,0,10,1
FI,2018,115,2018-04-25,1,NA,2.1,1145,NA,12,NE,3,2,0,NA
FI,2018,138,2018-05-18,1,NA,3.6,1130,1300,24,E,10,10,20,NA
FI,2018,152,2018-06-01,1,NA,4.1,1145,1230,20,E,5,5,100,NA
FI,2018,164,2018-06-13,1,NA,2.4,1115,1230,23,NW,10,10,0,NA
FI,2018,178,2018-06-27,1,NA,1.6,1100,1130,22,NE,5,5,75,NA
FI,2018,193,2018-07-12,1,NA,2.9,1200,1300,27,W,15,20,100,NA
FI,2018,207,2018-07-26,1,NA,2.7,1130,1200,19,NW,15,15,80,NA
FI,2018,220,2018-08-08,1,NA,4,1115,1245,25,SW,1,1,55,NA
FI,2018,232,2018-08-20,1,NA,5.2,1045,1115,23,E,7,5,100,8
FI,2018,250,2018-09-07,1,NA,2.8,1100,1200,17,E,10,10,100,NA
FI,2018,278,2018-10-05,1,NA,2.9,1145,1230,11,E,3,5,100,NA
FI,2018,306,2018-11-02,1,NA,4,1130,1200,6,E,3,5,45,NA
FI,2019,59,2019-02-28,1,NA,6.3,1230,1330,-6,W,5,0,100,1
FI,2019,109,2019-04-19,1,NA,2.7,1145,1245,12,NE,10,10,0,NA
FI,2019,123,2019-05-03,1,NA,6.5,1245,1345,13,SE,3,2,60,NA
FI,2019,136,2019-05-16,1,NA,5.7,1230,1330,22,NE,12,5,90,NA
FI,2019,151,2019-05-31,1,NA,2.3,1330,1430,30,NE,22,30,50,NA
FI,2019,164,2019-06-13,1,NA,2.4,1245,1415,18,N,14,10,10,NA
FI,2019,178,2019-06-27,1,NA,2.7,1220,1325,29.4,S,9,5,20,NA
FI,2019,193,2019-07-12,1,NA,2.2,1220,1345,28,SW,4,5,0,NA
FI,2019,206,2019-07-25,1,NA,3.1,1210,1315,28,SW,8,10,50,NA
FI,2019,220,2019-08-08,1,NA,1.4,1245,1415,24,NW,10,7,5,NA
FI,2019,232,2019-08-20,1,NA,1.1,1155,1235,23,SE,4,1,100,NA
FI,2019,253,2019-09-10,1,NA,2.1,1300,1500,27,E,10,30,80,NA
FI,2019,281,2019-10-08,1,NA,2.4,1310,1415,11,SE,5,5,5,NA
FI,2019,309,2019-11-05,1,NA,2.1,1320,1440,2,W,11,10,0,NA
FI,2020,64,2020-03-04,1,NA,3.4,1240,1415,4,NW,9,NA,10,1
FI,2020,280,2020-10-06,1,NA,1.4,12,15,20,W,15,30,0,NA
FI,2021,65,2021-03-06,1,NA,5.9,NA,NA,5,NA,0,NA,0,1
FI,2021,128,2021-05-08,1,NA,6.2,NA,NA,12,SE,10,15,80,NA
FI,2021,179,2021-06-28,1,NA,1.3,1200,1500,24,NE,5,10,10,NA
FI,2021,222,2021-08-10,1,NA,0.9,1130,1530,31,SW,10,15,90,NA
FI,2021,313,2021-11-09,1,NA,1.1,1430,1515,14.4,NW,10,5,30,NA
FI,2022,73,2022-03-14,1,NA,4,11,14,6,NA,0,NA,90,1
FI,2022,125,2022-05-05,1,NA,0.9,1300,1415,11.7,E,5,1,100,NA
FI,2022,144,2022-05-24,1,NA,1,1245,1400,13,SE,10,5,90,NA
FI,2022,153,2022-06-02,1,NA,0.75,1300,1345,22,NW,10,5,30,NA
FI,2022,182,2022-07-01,1,NA,1.3,13,14,26,E,1,1,70,NA
FI,2022,200,2022-07-19,1,NA,1.7,1415,1600,27,SW,14,10,70,NA
FI,2022,214,2022-08-02,1,NA,1,1330,1415,28,S,15,5,30,NA
FI,2022,223,2022-08-11,1,NA,0.9,13,NA,25,N,5,4,40,NA
FI,2022,234,2022-08-22,1,NA,0.9,1245,1330,25,E,5,2,40,NA
FI,2022,250,2022-09-07,1,NA,0.7,1430,1615,27,N,3,1,60,NA
FI,2023,44,2023-02-13,1,NA,4.9,1500,1645,7.2,W,3,NA,0,1
FI,2023,125,2023-05-05,1,NA,4.7,1330,1415,23,SW,15,15,80,NA
FI,2023,136,2023-05-16,1,NA,4.3,1245,1430,25,W,10,10,100,NA
FI,2023,153,2023-06-02,1,NA,5.5,1130,1230,30,NW,4,1,5,NA
FI,2023,166,2023-06-15,1,1.3,NA,1130,1500,21,N,3,4,100,NA
FI,2023,186,2023-07-05,1,NA,1.4,1320,1400,27.8,N,1,1,75,NA
FI,2023,194,2023-07-13,1,NA,1.5,1139,1230,23,N,5,7,95,NA
FI,2023,209,2023-07-28,1,NA,2.75,1140,1210,32,NE,4,2,15,NA
FI,2023,222,2023-08-10,1,NA,2.75,1155,1300,25,SE,8,1,15,NA
FI,2023,233,2023-08-21,1,NA,2.2,1140,1215,26,E,6,3,40,NA
FI,2023,250,2023-09-07,1,NA,1.3,1215,1400,17.6,NA,5,2,100,NA
FI,2023,265,2023-09-22,1,NA,1.4,1020,1100,20,SE,12,5,100,NA
FI,2023,291,2023-10-18,1,NA,0.75,1008,1115,15,S,13,6,35,NA
FI,2023,307,2023-11-03,1,NA,1.25,1245,1415,10,SW,9,5,100,NA
FI,2024,67,2024-03-07,1,NA,3,1016,1150,7,SE,9,NA,4,NA
FI,2024,115,2024-04-24,1,NA,3.3,1350,1500,10,NE,5,2,0,NA
FI,2024,127,2024-05-06,1,NA,3.3,1200,NA,20,SE,12,7,15,NA
FI,2024,138,2024-05-17,1,NA,2.2,1200,1330,22.8,NA,1,0,1,NA
FI,2024,152,2024-05-31,1,NA,1,1145,1300,22,SW,9,10,5,NA
FI,2024,165,2024-06-13,1,NA,1,1150,1300,26.7,E,10,3,95,NA
FI,2024,179,2024-06-27,1,NA,1.5,1145,1230,18,SE,10,2,50,NA
FI,2024,190,2024-07-08,1,NA,2.1,1245,1400,28,S,4,1,15,NA
FI,2024,194,2024-07-12,1,NA,2.1,1245,1400,28,S,4,1,15,NA
FI,2024,208,2024-07-26,1,NA,1.9,1100,1245,24,SE,6,3,0,NA
FI,2024,222,2024-08-09,1,NA,1.5,1100,1300,18,NW,13,5,100,NA
FI,2024,232,2024-08-19,1,NA,1.2,1045,1135,21,NE,2,5,2,NA
FI,2024,250,2024-09-06,1,NA,0.8,1130,1245,16.1,N,6,1,95,NA
FI,2024,264,2024-09-20,1,NA,1.3,1108,1218,26,SW,3,1,0,NA
FI,2024,278,2024-10-04,1,NA,1.1,1053,1149,NA,E,7,5,0,NA
FI,2024,290,2024-10-16,1,NA,1.6,1200,1315,10.3,SW,3,5,1,NA
FI,2024,306,2024-11-01,1,NA,1.75,1400,1530,9,NW,5,0,5,NA
FI,2024,320,2024-11-15,1,NA,2.3,1202,1321,12.2,W,5,2,10,NA
FI,2025,58,2025-02-27,1,NA,3.8,1230,1400,6,NW,15,NA,75,1
FI,2025,85,2025-03-26,1,NA,1.1,1240,1440,10,W,6,3,30,NA
FI,2025,107,2025-04-17,1,NA,1.4,1220,1345,17,S,19,8,95,NA
FI,2025,122,2025-05-02,1,NA,4.2,1345,1500,12.2,SW,3,5,100,NA
FI,2025,134,2025-05-14,1,NA,3,1130,1245,24,E,5,5,5,NA
FI,2025,150,2025-05-30,1,NA,0.9,1115,1200,21.2,NW,10,10,100,NA
FI,2025,163,2025-06-12,1,NA,1.1,1115,1230,22,E,10,5,98,NA
FI,2025,177,2025-06-26,1,NA,1.5,1200,1245,27,NE,3,2,85,NA
FI,2025,191,2025-07-10,1,NA,1.1,1145,1300,26,S,7,1,95,NA
FI,2025,205,2025-07-24,1,NA,1,1115,1200,27,W,10,3,100,NA
FI,2025,219,2025-08-07,1,NA,0.9,1135,1350,29,SW,7,2,50,NA
FI,2025,231,2025-08-19,1,NA,1.3,1130,1230,23,N,8,2,60,NA
FI,2025,247,2025-09-04,1,NA,1.45,1200,1330,14,W,14,20,50,NA
FI,2025,261,2025-09-18,1,NA,2.6,1145,1300,26.5,SW,1,0,50,NA
FI,2025,276,2025-10-03,1,NA,3.9,1200,1334,21.9,SW,5,10,5,NA
FI,2025,290,2025-10-17,1,NA,1.6,1115,1215,24,SW,15,10,50,NA
FI,2025,307,2025-11-03,1,NA,2,1130,1315,13.5,W,15,20,5,NA
FI,2025,318,2025-11-14,1,NA,1.9,1150,1250,16,S,6,0,3,NA
ME,1995,129,1995-05-09,1,NA,2.2,945,NA,12.7,E,10,NA,100,NA
ME,1995,143,1995-05-23,1,NA,6,NA,NA,15.4,N,8,NA,100,NA
ME,1995,157,1995-06-06,1,NA,9.5,1021,NA,22.3,S,10,NA,30,NA
ME,1995,172,1995-06-21,1,NA,4.5,930,NA,27.4,NE,5,NA,0,NA
ME,1995,187,1995-07-06,1,NA,2.2,1400,NA,18.7,NW,13,NA,100,NA
ME,1995,199,1995-07-18,1,NA,2,846,NA,22.8,NW,18,NA,5,NA
ME,1995,214,1995-08-02,1,NA,1.8,930,NA,21.2,NE,8,NA,100,NA
ME,1995,226,1995-08-14,1,NA,1.6,919,NA,26.6,W,8,NA,80,NA
ME,1995,242,1995-08-30,1,NA,1.9,NA,NA,24,SW,8,NA,65,NA
ME,1995,254,1995-09-11,1,NA,3.1,940,NA,16.8,SE,5,NA,25,NA
ME,1995,268,1995-09-25,1,NA,2.3,915,NA,13.1,S,8,NA,75,NA
ME,1995,284,1995-10-11,1,NA,3.3,NA,NA,16.8,S,15,NA,0,NA
ME,1995,298,1995-10-25,1,NA,2.9,1111,1200,8.3,SW,18,NA,5,NA
ME,1995,314,1995-11-10,1,NA,2,1236,NA,6.6,N,15,NA,100,NA
ME,1996,37,1996-02-06,1,NA,4.8,944,1135,NA,SE,5,NA,40,1
ME,1996,100,1996-04-09,1,NA,1.9,1120,1240,NA,NNE,5,NA,5,NA
ME,1996,108,1996-04-17,1,NA,2.2,1011,1150,10.7,SSE,10,75,5,NA
ME,1996,122,1996-05-01,1,NA,5,930,1035,8,NE,15,80,10,NA
ME,1996,125,1996-05-04,1,NA,12,NA,NA,NA,NA,NA,NA,NA,NA
ME,1996,135,1996-05-14,1,NA,8.1,930,1100,NA,SSE,8,20,100,NA
ME,1996,149,1996-05-28,1,NA,5.3,930,1050,NA,NE,18,100,100,NA
ME,1996,162,1996-06-10,1,NA,5.3,NA,NA,18,E,5,15,100,NA
ME,1996,178,1996-06-26,1,NA,7.8,1351,1452,24,S,5,12,35,NA
ME,1996,190,1996-07-08,1,NA,2.7,1105,1330,21.2,W,15,60,75,NA
ME,1996,204,1996-07-22,1,NA,1.8,955,1105,NA,SW,15,75,100,NA
ME,1996,218,1996-08-05,1,NA,1.5,912,1150,22,S,15,40,50,NA
ME,1996,232,1996-08-19,1,NA,2.1,930,1115,25,W,2,2,100,NA
ME,1996,249,1996-09-05,1,NA,2.8,1502,NA,NA,S,2,5,30,NA
ME,1996,260,1996-09-16,1,NA,2.2,955,1105,15.4,NE,10,40,100,NA
ME,1996,290,1996-10-16,1,NA,4.6,1149,1242,18.1,S,5,10,20,NA
ME,1996,313,1996-11-08,1,NA,4,815,1045,5,NW,15,80,100,NA
ME,1996,330,1996-11-25,1,NA,3.6,1030,1130,0,N,7,35,60,NA
ME,1997,14,1997-01-14,1,NA,3.5,1010,1136,-10,NA,3,NA,20,1
ME,1997,48,1997-02-17,1,NA,4.9,1000,1200,3.4,SW,10,NA,45,1
ME,1997,99,1997-04-09,1,NA,2.7,1312,1440,5.6,N,3,5,1,NA
ME,1997,111,1997-04-21,1,NA,3.3,1400,1440,NA,NE,5,5,10,NA
ME,1997,122,1997-05-02,1,NA,3.2,845,NA,15.8,SW,8,8,100,NA
ME,1997,133,1997-05-13,1,NA,6.2,1400,1435,15.3,NE,3,2,35,NA
ME,1997,148,1997-05-28,1,NA,4.1,1345,1424,16.5,NE,10,15,100,NA
ME,1997,162,1997-06-11,1,NA,5.6,945,1205,17.6,SE,8,10,100,NA
ME,1997,176,1997-06-25,1,NA,4.3,951,1100,24.5,NW,7,15,50,NA
ME,1997,190,1997-07-09,1,NA,4.3,1345,1525,21,NE,12,15,70,NA
ME,1997,205,1997-07-24,1,NA,2.8,930,1100,24.1,SE,2,0,0,NA
ME,1997,218,1997-08-06,1,NA,2.8,820,NA,17.9,NW,17,25,85,NA
ME,1997,230,1997-08-18,1,NA,2.8,1249,1354,NA,NW,3,3,85,NA
ME,1997,245,1997-09-02,1,NA,2.6,1045,NA,20.7,N,18,21,100,NA
ME,1997,274,1997-10-01,1,NA,2,1135,1330,15.2,NW,3,5,10,NA
ME,1997,303,1997-10-30,1,NA,2.8,845,915,11.1,SE,15,15,80,NA
ME,1997,334,1997-11-30,1,NA,5.7,1030,1155,5,NE,10,10,100,NA
ME,1998,37,1998-02-06,1,NA,13.4,1000,NA,6,NA,0,NA,30,1
ME,1998,65,1998-03-06,1,NA,3,1320,1330,2,ESE,8,30,100,NA
ME,1998,72,1998-03-13,1,NA,2.1,1005,1052,2.3,SW,18,100,95,NA
ME,1998,85,1998-03-26,1,NA,2.5,1130,1242,15,SW,23,100,90,NA
ME,1998,100,1998-04-10,1,NA,3.1,930,1025,NA,N,5,10,75,NA
ME,1998,114,1998-04-24,1,NA,1.2,945,1148,17,NW,3,15,10,NA
ME,1998,131,1998-05-11,1,NA,11.1,940,1114,19.4,NA,0,0,0,NA
ME,1998,148,1998-05-28,1,NA,4.1,NA,NA,21.2,SE,18,15,100,NA
ME,1998,159,1998-06-08,1,NA,6.5,900,1030,16.8,S,1,0,98,NA
ME,1998,173,1998-06-22,1,NA,3.8,924,1039,21,NA,0,5,25,NA
ME,1998,187,1998-07-06,1,NA,2,900,NA,22.1,SW,15,20,100,NA
ME,1998,204,1998-07-23,1,NA,1.8,1212,NA,19.8,NW,23,110,45,NA
ME,1998,214,1998-08-02,1,NA,2.1,945,1245,25.1,SW,10,70,5,NA
ME,1998,230,1998-08-18,1,NA,1.8,930,1045,20.9,NE,18,15,100,NA
ME,1998,245,1998-09-02,1,NA,2.2,850,1020,15.5,NW,10,20,50,NA
ME,1998,271,1998-09-28,1,NA,3.6,900,1010,20.1,NA,0,0,5,NA
ME,1998,300,1998-10-27,1,NA,2.9,820,1000,13.8,SE,10,15,100,NA
ME,1998,327,1998-11-23,1,NA,4,855,NA,8.1,W,15,20,45,NA
ME,1999,25,1999-01-25,1,NA,7.1,1020,1330,2,NW,5,NA,25,1
ME,1999,53,1999-02-22,1,NA,7.2,945,1200,-2,E,8,NA,20,1
ME,1999,88,1999-03-29,1,NA,2.5,835,925,11,SW,13,50,0,NA
ME,1999,102,1999-04-12,1,NA,7,925,1130,13,NA,0,0,65,NA
ME,1999,116,1999-04-26,1,NA,10.5,845,1000,17,NA,0,0,65,NA
ME,1999,130,1999-05-10,1,NA,5.3,900,1100,16,E,10,40,60,NA
ME,1999,146,1999-05-26,1,NA,5.7,900,1020,17,NW,7,50,15,NA
ME,1999,158,1999-06-07,1,NA,7.2,840,1115,25,W,20,75,5,NA
ME,1999,172,1999-06-21,1,NA,2.6,930,1125,27,SE,5,15,20,NA
ME,1999,187,1999-07-06,1,NA,2,1110,1415,27,WNW,13,70,0,NA
ME,1999,200,1999-07-19,1,NA,2.1,840,950,27,S,2,0,100,NA
ME,1999,214,1999-08-02,1,NA,2.4,755,1000,25,NNW,5,15,5,NA
ME,1999,228,1999-08-16,1,NA,2.4,920,1135,19,S,17,35,100,NA
ME,1999,242,1999-08-30,1,NA,2.4,850,1134,21,SE,13,40,70,NA
ME,1999,270,1999-09-27,1,NA,2.3,910,1050,13,E,5,10,100,NA
ME,1999,280,1999-10-07,1,NA,2,830,855,NA,SE,10,NA,90,NA
ME,1999,299,1999-10-26,1,NA,2,910,1040,12,W,10,45,30,NA
ME,1999,326,1999-11-22,1,NA,3.5,930,1050,11,NW,5,15,0,NA
ME,2000,24,2000-01-24,1,NA,4.5,1130,1440,-7,SW,13,NA,25,1
ME,2000,59,2000-02-28,1,NA,8.8,1110,1300,7,5,5,NA,40,1
ME,2000,73,2000-03-13,1,NA,5,900,1115,3,NW,3,3,100,NA
ME,2000,89,2000-03-29,1,NA,2.5,915,1030,6,NW,5,4,50,NA
ME,2000,101,2000-04-10,1,NA,3.1,1000,1255,3,E,8,20,100,NA
ME,2000,116,2000-04-25,1,NA,6.2,910,1015,15,NW,2,3,0,NA
ME,2000,130,2000-05-09,1,NA,4.5,925,1100,14.5,N,10,30,100,NA
ME,2000,143,2000-05-22,1,NA,5.5,850,1015,16.5,S,13,30,100,NA
ME,2000,158,2000-06-06,1,NA,3,940,1210,22,NNW,8,10,0,NA
ME,2000,171,2000-06-19,1,NA,4.1,930,1115,25,W,2,5,0,NA
ME,2000,185,2000-07-03,1,NA,4,1000,1230,21,N,5,25,100,NA
ME,2000,199,2000-07-17,1,NA,1.3,920,1040,24,NNW,8,20,5,NA
ME,2000,213,2000-07-31,1,NA,1.9,940,1230,26,NNW,12,40,80,NA
ME,2000,229,2000-08-16,1,NA,1.4,830,935,21,NNE,10,40,0,NA
ME,2000,241,2000-08-28,1,NA,1.2,1000,1305,25,SE,12,30,40,NA
ME,2000,269,2000-09-25,1,NA,2.4,850,1010,10.8,N,10,40,70,NA
ME,2000,298,2000-10-24,1,NA,5.2,830,1000,16,-,0,0,100,NA
ME,2000,333,2000-11-28,1,NA,4.3,1130,1240,2.5,NNW,5,10,10,NA
ME,2001,17,2001-01-17,1,NA,5.6,1000,1230,-3.7,WNW,5,NA,100,1
ME,2001,66,2001-03-07,1,NA,2.5,1130,1320,1.1,W,10,0,15,1
ME,2001,100,2001-04-10,1,NA,3,1005,1115,13,NA,0,0,10,NA
ME,2001,113,2001-04-23,1,NA,2.5,815,930,9,SSW,20,60,100,NA
ME,2001,127,2001-05-07,1,NA,9,910,1110,18.5,S,5,10,100,NA
ME,2001,141,2001-05-21,1,NA,4.3,910,1100,18.1,SE,10,30,100,NA
ME,2001,155,2001-06-04,1,NA,5.8,815,1130,14,E,5,20,100,NA
ME,2001,169,2001-06-18,1,NA,3.4,945,1050,23.4,S,15,60,80,NA
ME,2001,183,2001-07-02,1,NA,2,815,1040,18.1,SE,10,15,0,NA
ME,2001,197,2001-07-16,1,NA,1.8,800,940,23.6,SSE,1,10,0,NA
ME,2001,211,2001-07-30,1,NA,2,920,1230,28.7,S,5,10,5,NA
ME,2001,225,2001-08-13,1,NA,1.4,840,1140,21.8,N,10,35,10,NA
ME,2001,239,2001-08-27,1,NA,1.75,810,1020,20.2,S,15,50,80,NA
ME,2001,269,2001-09-26,1,NA,1.3,900,1030,11.9,NW,15,100,55,NA
ME,2001,295,2001-10-22,1,NA,5.5,905,1030,NA,NA,0,0,95,NA
ME,2001,330,2001-11-26,1,NA,3.1,915,1045,4.4,E,8,20,100,NA
ME,2002,87,2002-03-28,1,NA,2.2,1100,1300,4.5,SW,8,15,100,NA
ME,2002,98,2002-04-08,1,NA,2.5,1315,1430,6.4,0,0,0,100,NA
ME,2002,114,2002-04-24,1,NA,4.6,1000,1230,14.6,SW,15,20,60,NA
ME,2002,126,2002-05-06,1,NA,6.3,1430,1545,21.6,SW,8,15,5,NA
ME,2002,140,2002-05-20,1,NA,6.6,1100,1300,8.5,NE,5,10,0,NA
ME,2002,154,2002-06-03,1,NA,4.9,1030,1130,17.4,SE,15,25,85,NA
ME,2002,169,2002-06-18,1,NA,6.5,1200,1400,23.9,SE,15,20,10,NA
ME,2002,182,2002-07-01,1,NA,2.3,930,1130,25,NW,10,15,0,NA
ME,2002,196,2002-07-15,1,NA,1.9,1030,1330,25.8,0,0,0,5,NA
ME,2002,207,2002-07-26,1,NA,1.6,1030,1130,25,NW,10,15,100,NA
ME,2002,224,2002-08-12,1,NA,1.2,1000,1200,23.5,W,20,35,100,NA
ME,2002,238,2002-08-26,1,NA,1.7,1000,1100,28.1,NA,0,0,100,NA
ME,2002,266,2002-09-23,1,NA,1.5,1115,1300,18.5,SW,20,60,80,NA
ME,2002,294,2002-10-21,1,NA,3,1100,1300,10,S,15,40,100,NA
ME,2002,322,2002-11-18,1,NA,3.5,1000,1230,4.2,S,10,20,100,NA
ME,2003,21,2003-01-21,1,NA,10.2,1200,1800,-9.8,N,5,NA,0,1
ME,2003,93,2003-04-03,1,NA,6.4,1330,1430,5.2,NE,20,80,100,NA
ME,2003,104,2003-04-14,1,NA,3.2,1000,1200,16.9,SW,15,25,0,NA
ME,2003,118,2003-04-28,1,NA,5.5,1030,1130,17,NW,10,20,5,NA
ME,2003,133,2003-05-13,1,NA,6.6,1015,1230,13,NW,5,5,0,NA
ME,2003,147,2003-05-27,1,NA,5,1100,1230,27,NNW,1,0,0,NA
ME,2003,160,2003-06-09,1,NA,4.2,1115,1345,19,NW,10,5,50,NA
ME,2003,174,2003-06-23,1,NA,2,1015,1112,26,SW,15,30,50,NA
ME,2003,188,2003-07-07,1,NA,4.9,1010,1145,29,NA,0,0,50,NA
ME,2003,205,2003-07-24,1,NA,4.6,1005,1125,24,WNW,5,5,5,NA
ME,2003,216,2003-08-04,1,NA,2.4,1040,1315,23,N,10,15,100,NA
ME,2003,230,2003-08-18,1,NA,1.7,1030,1145,26,SE,5,5,2,NA
ME,2003,245,2003-09-02,1,NA,2.3,1030,1200,22,NA,0,0,0,NA
ME,2003,272,2003-09-29,1,NA,2,1130,1245,18.5,W,20,40,60,NA
ME,2003,300,2003-10-27,1,NA,6,1130,1400,12,SW,5,10,50,NA
ME,2003,329,2003-11-25,1,NA,3.5,1100,1300,5,SW,20,90,30,NA
ME,2004,34,2004-02-03,1,NA,5.2,1230,1430,-6,SW,5,NA,0,1
ME,2004,89,2004-03-29,1,NA,2.9,1015,1045,6,W,15,30,5,NA
ME,2004,103,2004-04-12,1,NA,2.7,1030,1210,5,NE,15,30,20,NA
ME,2004,119,2004-04-28,1,NA,6.3,1030,1100,20,SW,20,70,0,NA
ME,2004,131,2004-05-10,1,NA,10.1,1100,1200,20,NA,0,100,100,NA
ME,2004,145,2004-05-24,1,NA,3,1015,1115,10,NW,15,50,100,NA
ME,2004,159,2004-06-07,1,NA,5.5,1000,1200,25,S,10,50,50,NA
ME,2004,173,2004-06-21,1,NA,3.75,945,1030,20.5,SSW,5,5,100,NA
ME,2004,188,2004-07-06,1,NA,2.6,930,1200,21,W,20,80,100,NA
ME,2004,201,2004-07-19,1,NA,2.4,1130,1200,26,W,15,50,75,NA
ME,2004,216,2004-08-03,1,NA,2.3,1000,1230,26,W,5,0,95,NA
ME,2004,229,2004-08-16,1,NA,1.6,1045,1130,21,SW,15,60,50,NA
ME,2004,251,2004-09-07,1,NA,2.2,1200,1400,18,NW,10,30,20,NA
ME,2004,279,2004-10-05,1,NA,2.3,1030,1230,7,SW,15,30,0,NA
ME,2004,308,2004-11-03,1,NA,4,1000,1200,9,SE,5,10,60,NA
ME,2005,31,2005-01-31,1,NA,10.2,1200,300,0,N,5,NA,100,1
ME,2005,105,2005-04-15,1,NA,2.2,1030,1215,12,SE,5,5,5,NA
ME,2005,115,2005-04-25,1,NA,4,1100,1230,20.5,W,5,15,10,NA
ME,2005,129,2005-05-09,1,NA,7.5,1030,1230,21,S,20,40,90,NA
ME,2005,143,2005-05-23,1,NA,4.3,1110,1220,18,NW,20,40,95,NA
ME,2005,157,2005-06-06,1,NA,5.5,1100,1330,26,W,20,60,5,NA
ME,2005,171,2005-06-20,1,NA,3.6,1045,1200,27,NA,0,0,5,NA
ME,2005,186,2005-07-05,1,NA,1.6,1000,1145,24,NW,10,20,5,NA
ME,2005,199,2005-07-18,1,NA,1.3,1030,1200,29,W,15,60,15,NA
ME,2005,213,2005-08-01,1,NA,2.6,1200,1430,31,NA,0,0,0,NA
ME,2005,227,2005-08-15,1,NA,1.6,900,945,24,NA,0,1,50,NA
ME,2005,241,2005-08-29,1,NA,2,1140,1315,27,NW,2,4,30,NA
ME,2005,269,2005-09-26,1,NA,2.4,1645,1800,20,NW,20,50,0,NA
ME,2005,306,2005-11-02,1,NA,4.5,1100,1330,13,W,10,25,10,NA
ME,2005,334,2005-11-30,1,NA,5.5,1230,1330,-3,NW,5,10,100,NA
ME,2006,65,2006-03-06,1,NA,7.8,1215,1330,0,N,5,NA,100,1
ME,2006,94,2006-04-04,1,NA,6.5,1200,1400,9,NW,25,70,0,NA
ME,2006,107,2006-04-17,1,NA,6.4,1245,1450,14,NE,15,35,0,NA
ME,2006,122,2006-05-02,1,NA,6.4,1200,1400,20,W,5,10,40,NA
ME,2006,135,2006-05-15,1,NA,5.2,1230,1345,14,NE,20,50,100,NA
ME,2006,150,2006-05-30,1,NA,5.3,1000,1045,24,NNW,20,50,50,NA
ME,2006,163,2006-06-12,1,NA,4,1000,1145,22,NE,2,0,20,NA
ME,2006,177,2006-06-26,1,NA,3,1145,1240,20,NE,8,25,95,NA
ME,2006,191,2006-07-10,1,NA,3.3,1015,1215,21,NE,5,15,70,NA
ME,2006,205,2006-07-24,1,NA,3,1030,1130,26,W,30,150,30,NA
ME,2006,219,2006-08-07,1,NA,2.2,1030,1400,28,NNE,12,30,50,NA
ME,2006,233,2006-08-21,1,NA,3,1050,1130,24,SW,10,30,10,NA
ME,2006,249,2006-09-06,1,NA,3,1015,1300,24,NW,3,2,10,NA
ME,2006,275,2006-10-02,1,NA,2.2,1130,1245,24,S,10,25,30,NA
ME,2006,303,2006-10-30,1,NA,2.5,1030,1130,16,S,15,35,60,NA
ME,2006,331,2006-11-27,1,NA,7.1,1400,1520,14,NA,0,0,100,NA
ME,2007,3,2007-01-03,1,NA,6,1200,1400,5,SW,15,30,20,NA
ME,2007,50,2007-02-19,1,NA,9.2,1200,1500,0,S,15,NA,100,1
ME,2007,92,2007-04-02,1,NA,4.1,1130,1230,12,W,10,20,10,NA
ME,2007,106,2007-04-16,1,NA,2.8,1045,1145,15,NA,0,0,0,NA
ME,2007,120,2007-04-30,1,NA,3.1,1230,1345,18,E,20,45,15,NA
ME,2007,134,2007-05-14,1,NA,7.8,1130,1315,26,SSW,20,35,30,NA
ME,2007,149,2007-05-29,1,NA,6,1030,1200,24,SSW,10,20,10,NA
ME,2007,162,2007-06-11,1,NA,3.8,1010,1210,25,S,5,7,15,NA
ME,2007,176,2007-06-25,1,NA,3,955,1125,25,S,10,8,50,NA
ME,2007,190,2007-07-09,1,NA,2.2,1055,1235,23,N,15,50,70,NA
ME,2007,204,2007-07-23,1,NA,2,950,1105,24,S,5,15,10,NA
ME,2007,218,2007-08-06,1,NA,2,940,1145,23,NE,2,5,100,NA
ME,2007,232,2007-08-20,1,NA,2.5,1012,1102,19,NE,5,30,100,NA
ME,2007,247,2007-09-04,1,NA,3,1000,1200,25,SW,10,20,0,NA
ME,2007,274,2007-10-01,1,NA,1.7,1030,1200,15,NW,5,15,100,NA
ME,2007,302,2007-10-29,1,NA,3,910,1032,7.5,W,15,100,30,NA
ME,2007,330,2007-11-26,1,NA,4,1045,1150,2,N,15,40,100,NA
ME,2008,44,2008-02-13,1,NA,10.5,1330,1530,-9,W,5,NA,0,1
ME,2008,105,2008-04-14,1,NA,0.9,1200,1350,10,NA,0,3,0,NA
ME,2008,119,2008-04-28,1,NA,4.2,1208,1250,7,NE,2,0,90,NA
ME,2008,133,2008-05-12,1,NA,6,1050,1218,16,NW,2,2,10,NA
ME,2008,149,2008-05-28,1,NA,10.7,1040,1143,11,NA,0,0,15,NA
ME,2008,161,2008-06-09,1,NA,6,1100,1349,23,SW,10,15,100,NA
ME,2008,175,2008-06-23,1,NA,1.75,1140,1249,23,NA,0,8,40,NA
ME,2008,189,2008-07-07,1,NA,0.8,1030,1210,25,W,10,25,90,NA
ME,2008,203,2008-07-21,1,NA,2,1017,1111,22,N,10,35,95,NA
ME,2008,217,2008-08-04,1,NA,1.2,1030,1205,22,S,15,55,50,NA
ME,2008,231,2008-08-18,1,NA,1.1,1000,1052,22,W,15,35,5,NA
ME,2008,249,2008-09-05,1,NA,1.8,1115,1245,21,N,10,40,60,NA
ME,2008,273,2008-09-29,1,NA,2.2,1035,1155,18,NW,2,5,100,NA
ME,2008,303,2008-10-29,1,NA,3.5,1315,1500,11,N,2,5,5,NA
ME,2009,21,2009-01-21,1,NA,11.3,1200,1415,-6,S,5,NA,20,1
ME,2009,105,2009-04-15,1,NA,3.5,1130,1300,13,NE,10,20,0,NA
ME,2009,117,2009-04-27,1,NA,3,1045,1145,16,SW,15,50,90,NA
ME,2009,131,2009-05-11,1,NA,5.3,1100,1212,20,S,2,3,60,NA
ME,2009,148,2009-05-28,1,NA,5.1,1100,1215,18,NW,15,30,90,NA
ME,2009,160,2009-06-09,1,NA,8.5,1200,1400,15,NA,0,0,20,NA
ME,2009,174,2009-06-23,1,NA,6.7,850,927,28,NA,0,0,0,NA
ME,2009,187,2009-07-06,1,NA,2.2,930,1130,24,NW,5,10,10,NA
ME,2009,201,2009-07-20,1,NA,0.6,910,950,23,E,3,2,20,NA
ME,2009,217,2009-08-05,1,NA,0.9,855,1030,22,NW,2,2,40,NA
ME,2009,231,2009-08-19,1,NA,1.2,910,950,21,SW,5,15,30,NA
ME,2009,245,2009-09-02,1,NA,1.2,1010,1155,19,NA,0,0,30,NA
ME,2009,273,2009-09-30,1,NA,2.5,950,1055,8,E,5,15,25,NA
ME,2009,301,2009-10-28,1,NA,4.7,1040,1140,9,SE,5,10,100,NA
ME,2009,337,2009-12-03,1,NA,5,1245,1310,0,NW,10,15,100,NA
ME,2010,32,2010-02-01,1,NA,9,1035,1155,-4,W,2,NA,100,1
ME,2010,88,2010-03-29,1,NA,1,1100,1200,5,NA,0,0,10,NA
ME,2010,103,2010-04-13,1,NA,1.9,1130,1235,12,E,10,30,30,NA
ME,2010,116,2010-04-26,1,NA,1.6,945,1020,10,N,15,20,10,NA
ME,2010,130,2010-05-10,1,NA,2.5,1045,1215,14,SE,18,40,80,NA
ME,2010,144,2010-05-24,1,NA,7.6,930,1000,30,NA,0,0,90,NA
ME,2010,158,2010-06-07,1,NA,2.1,10,1215,21,SE,5,10,80,NA
ME,2010,172,2010-06-21,1,NA,1.9,930,1030,21,SE,10,30,95,NA
ME,2010,186,2010-07-05,1,NA,1.4,1000,1150,26,S,10,10,100,NA
ME,2010,200,2010-07-19,1,NA,1.1,1100,1200,30,SW,5,20,50,NA
ME,2010,215,2010-08-03,1,NA,1.4,1000,1230,31,NA,0,0,0,NA
ME,2010,228,2010-08-16,1,NA,1.3,845,930,25,NW,15,40,0,NA
ME,2010,242,2010-08-30,1,NA,1.2,830,1000,23,S,7,10,0,NA
ME,2010,278,2010-10-05,1,NA,2.1,1100,1300,17,w,5,15,0,NA
ME,2010,313,2010-11-09,1,NA,2.9,900,1100,18,SE,1,0,0,NA
ME,2011,19,2011-01-19,1,NA,5.3,1300,1500,-8,NA,0,NA,0,1
ME,2011,108,2011-04-18,1,1.4,NA,1200,1300,8,NE,10,25,100,NA
ME,2011,122,2011-05-02,1,NA,2.5,1130,1300,10,nw,15,20,10,NA
ME,2011,137,2011-05-17,1,NA,2.3,1000,1200,15,ne,10,15,10,NA
ME,2011,151,2011-05-31,1,NA,6,1100,1200,26,sw,16,20,100,NA
ME,2011,164,2011-06-13,1,NA,7.2,940,1200,22,NE,15,20,10,NA
ME,2011,178,2011-06-27,1,NA,3.3,945,1130,23,SW,5,5,100,NA
ME,2011,192,2011-07-11,1,NA,3.3,950,1225,24,S,10,15,90,NA
ME,2011,206,2011-07-25,1,NA,2.6,930,1100,25,NA,0,0,0,NA
ME,2011,216,2011-08-04,1,NA,3.3,1030,1300,24,SE,3,5,30,NA
ME,2011,234,2011-08-22,1,NA,1.8,845,940,24,NE,2,2,20,NA
ME,2011,255,2011-09-12,1,NA,2,1030,1230,27,W,10,30,10,NA
ME,2011,276,2011-10-03,1,NA,2.2,930,1130,21,N,2,5,0,NA
ME,2011,304,2011-10-31,1,NA,2.6,1030,1230,11,NW,5,15,100,NA
ME,2012,53,2012-02-22,1,NA,2.3,1200,1400,6,W,10,NA,100,1
ME,2012,81,2012-03-21,1,NA,1.5,1130,1300,25,SW,10,30,30,NA
ME,2012,95,2012-04-04,1,NA,2.6,1030,1230,10,N,5,10,30,NA
ME,2012,108,2012-04-17,1,NA,7,1100,1330,17,NA,0,0,5,NA
ME,2012,122,2012-05-01,1,NA,8.2,1100,1230,20,SE,10,30,80,NA
ME,2012,135,2012-05-14,1,NA,7.8,1100,1300,24,W,5,15,10,NA
ME,2012,150,2012-05-29,1,NA,5.6,930,1115,21,W,20,50,10,NA
ME,2012,163,2012-06-11,1,NA,2.9,1030,1300,20.6,S,10,40,60,NA
ME,2012,177,2012-06-25,1,NA,1.5,1115,1215,23,NE,10,30,0,NA
ME,2012,192,2012-07-10,1,NA,1.8,1103,1230,29,NE,5,20,50,NA
ME,2012,205,2012-07-23,1,NA,1.4,1145,1300,32,NW,2,5,40,NA
ME,2012,219,2012-08-06,1,NA,1.5,1000,1230,25,NA,0,1,0,NA
ME,2012,233,2012-08-20,1,NA,1.7,1100,1145,22,NA,0,0,30,NA
ME,2012,248,2012-09-04,1,NA,2.1,1000,1200,30,NE,1,2,20,NA
ME,2012,275,2012-10-01,1,NA,2.1,1030,1210,16,N/A,0,0,95,NA
ME,2012,303,2012-10-29,1,NA,4.2,1100,1300,8,NE,12,30,10,NA
ME,2012,334,2012-11-29,1,NA,2.5,1100,1300,14,SW,2,2,0,NA
ME,2013,43,2013-02-12,1,4,NA,1200,1430,-3,w,10,NA,100,1
ME,2013,119,2013-04-29,1,NA,2.4,10,12,16,SW,10,20,100,NA
ME,2013,134,2013-05-14,1,NA,2.7,10,12,21,SW,2,2,0,NA
ME,2013,148,2013-05-28,1,NA,8.2,10,11,18,NA,0,0,100,NA
ME,2013,161,2013-06-10,1,NA,10.6,11,13,20,NA,0,0,30,NA
ME,2013,175,2013-06-24,1,NA,2.4,9,10,22,SW,10,20,100,NA
ME,2013,189,2013-07-08,1,NA,1.6,10,12,27,SW,5,25,10,NA
ME,2013,203,2013-07-22,1,NA,1.4,10,11,23,NW,2,0,15,NA
ME,2013,217,2013-08-05,1,NA,1.6,10,12,20,S,5,15,70,NA
ME,2013,233,2013-08-21,1,NA,1.1,9,10,26,SW,5,15,30,NA
ME,2013,247,2013-09-04,1,NA,1.4,10,13,23,W,5,15,30,NA
ME,2013,273,2013-09-30,1,NA,1.9,11,13,20,S,15,35,30,NA
ME,2013,302,2013-10-29,1,NA,2,11,13,11,E,10,20,70,NA
ME,2013,336,2013-12-02,1,NA,3.6,11,12,-2,SE,5,15,90,NA
ME,2014,34,2014-02-03,1,NA,4.2,11,14,-10,S,8,NA,10,1
ME,2014,119,2014-04-29,1,NA,2,11,13,9,NE,10,20,100,NA
ME,2014,134,2014-05-14,1,NA,1.7,11,13,12,N,10,25,100,NA
ME,2014,148,2014-05-28,1,NA,1.4,10,11,20,NE,5,10,80,NA
ME,2014,160,2014-06-09,1,NA,3.8,1020,1300,18,NE,7,10,10,NA
ME,2014,174,2014-06-23,1,NA,2.1,1015,1115,28,NA,0,0,80,NA
ME,2014,188,2014-07-07,1,NA,1.5,1000,1200,24,NW,5,5,0,NA
ME,2014,202,2014-07-21,1,NA,1.3,1000,1130,25,S,10,20,10,NA
ME,2014,216,2014-08-04,1,NA,1.3,945,1200,24,NA,0,2,60,NA
ME,2014,232,2014-08-20,1,NA,1.6,1000,1130,24,NW,2,5,10,NA
ME,2014,245,2014-09-02,1,NA,2,1115,1315,22,NW,2,15,40,NA
ME,2014,271,2014-09-28,1,NA,2.4,1100,1230,23,W,5,10,0,NA
ME,2014,303,2014-10-30,1,NA,2.6,1030,1220,7.2,W,5,5,95,NA
ME,2015,42,2015-02-11,1,NA,3.1,1200,1400,-3,NW,15,NA,100,1
ME,2015,100,2015-04-10,1,NA,1.4,1015,1145,9,E,2,5,30,NA
ME,2015,114,2015-04-24,1,NA,2,1000,1200,11,SE,5,10,100,NA
ME,2015,121,2015-05-01,1,NA,1.3,945,1045,15,NA,0,0,30,NA
ME,2015,133,2015-05-13,1,NA,0.8,1030,1200,11,NE,2,2,0,NA
ME,2015,147,2015-05-27,1,NA,3.3,1030,1200,18,W,12,40,100,NA
ME,2015,159,2015-06-08,1,NA,3.5,1000,1230,23,W,5,10,10,NA
ME,2015,174,2015-06-23,1,NA,1.4,1000,1100,21,NW,10,50,0,NA
ME,2015,189,2015-07-08,1,NA,1.9,1100,1315,19,SE,2,5,90,NA
ME,2015,201,2015-07-20,1,NA,1.5,1000,1045,26,W,12,35,100,NA
ME,2015,215,2015-08-03,1,NA,1.4,1015,1200,22,NW,12,50,0,NA
ME,2015,230,2015-08-18,1,NA,1.6,1315,1345,24,SE,7,15,95,NA
ME,2015,243,2015-08-31,1,NA,1.4,1445,1630,28,S,5,15,70,NA
ME,2015,280,2015-10-07,1,NA,1.9,1045,1145,15,NE,5,10,100,NA
ME,2015,306,2015-11-02,1,NA,2.5,1030,1200,20,SW,10,20,20,NA
ME,2016,27,2016-01-27,1,NA,4.8,1200,1400,-3,SW,15,NA,50,1
ME,2016,88,2016-03-28,1,NA,1.6,1000,1100,6,NW,10,20,90,NA
ME,2016,103,2016-04-12,1,NA,2.1,1030,1230,3,N,1,0,0,NA
ME,2016,116,2016-04-25,1,NA,1.6,1100,1200,21,SW,10,25,50,NA
ME,2016,132,2016-05-11,1,NA,5.9,10,12,13,SE,5,0,100,NA
ME,2016,144,2016-05-23,1,NA,5.5,1000,1100,21,SW,7,10,50,NA
ME,2016,159,2016-06-07,1,NA,3.4,1120,1400,13,N,12,30,100,NA
ME,2016,172,2016-06-20,1,NA,4.4,930,1030,25,W,10,30,20,NA
ME,2016,187,2016-07-05,1,NA,2.3,950,1120,21,SW,12,30,90,NA
ME,2016,200,2016-07-18,1,NA,2.1,1005,1100,23,NA,0,5,50,NA
ME,2016,214,2016-08-01,1,NA,2,1030,1230,24,E,2,0,20,NA
ME,2016,228,2016-08-15,1,NA,2.2,1020,1110,23,NE,2,2,90,NA
ME,2016,243,2016-08-30,1,NA,3,1030,1410,24,W,5,5,80,NA
ME,2016,278,2016-10-04,1,NA,2.4,930,1030,17,SE,5,10,100,NA
ME,2016,314,2016-11-09,1,NA,2.5,1130,1300,12,NW,5,5,10,NA
ME,2017,37,2017-02-06,1,NA,4.3,1130,1400,0,W,5,NA,30,1
ME,2017,107,2017-04-17,1,NA,1.4,1100,1300,16,NA,0,0,50,NA
ME,2017,123,2017-05-03,1,NA,1.9,1100,1200,15,E,2,1,60,NA
ME,2017,135,2017-05-15,1,NA,1.7,1100,1230,21,E,5,2,0,NA
ME,2017,150,2017-05-30,1,NA,6.1,1015,1115,14,W,12,35,50,NA
ME,2017,163,2017-06-12,1,0,2.5,930,1130,30,SW,7,20,10,6
ME,2017,177,2017-06-26,1,NA,2.8,945,1030,15.6,NW,12,30,70,NA
ME,2017,191,2017-07-10,1,NA,1.4,1000,1115,22,S,5,10,75,NA
ME,2017,205,2017-07-24,1,NA,1.5,930,1015,18,NE,10,15,100,NA
ME,2017,219,2017-08-07,1,NA,1.4,1015,1205,21,NE,10,20,55,NA
ME,2017,235,2017-08-23,1,NA,1.6,1115,1145,18,NW,10,25,25,8
ME,2017,249,2017-09-06,1,NA,1.6,945,1100,10,N,7,15,80,NA
ME,2017,268,2017-09-25,1,NA,2.4,10,11,26,--,0,0,10,NA
ME,2017,277,2017-10-04,1,NA,2.3,1045,1200,16,W,7,10,0,NA
ME,2017,306,2017-11-02,1,NA,3.9,1145,1300,7,W,3,5,100,NA
ME,2017,353,2017-12-19,1,NA,5.4,1115,1245,4,W,10,15,20,NA
ME,2018,23,2018-01-23,1,NA,4.8,1100,1400,-2,NW,15,NA,100,1
ME,2018,95,2018-04-05,1,NA,1.6,1115,1200,3,NA,0,0,30,NA
ME,2018,110,2018-04-20,1,NA,1.8,1115,1245,12,--,0,0,10,NA
ME,2018,127,2018-05-07,1,NA,1.1,1130,1200,20,--,0,0,0,NA
ME,2018,134,2018-05-14,1,NA,1.1,1200,1315,19,NA,0,0,100,NA
ME,2018,149,2018-05-29,1,NA,2.2,1430,1530,31,SE,5,15,75,NA
ME,2018,162,2018-06-11,1,NA,3.5,1030,1215,19,E,10,30,95,NA
ME,2018,176,2018-06-25,1,NA,2.2,1100,1145,21,E,5,15,60,NA
ME,2018,190,2018-07-09,1,NA,1.8,1030,1145,25,SW,10,20,5,NA
ME,2018,204,2018-07-23,1,NA,1.2,1015,1115,27,N,5,10,0,NA
ME,2018,218,2018-08-06,1,NA,2,1030,1215,22,W,1,0,90,NA
ME,2018,234,2018-08-22,1,NA,2.1,1345,1415,23,NW,15,40,5,NA
ME,2018,247,2018-09-04,1,NA,2.6,1045,1300,29,SW,5,10,5,NA
ME,2018,262,2018-09-19,1,NA,2.2,1030,1115,18,SE,7,20,100,9
ME,2018,275,2018-10-02,1,NA,3.1,1130,1230,12,N,5,15,100,NA
ME,2018,291,2018-10-18,1,NA,3.4,1100,1145,7,SW,15,35,0,NA
ME,2018,302,2018-10-29,1,NA,3.7,1115,1230,7,NW,5,5,60,NA
ME,2018,318,2018-11-14,1,NA,4.5,1100,1130,-5,SE,5,10,0,NA
ME,2018,334,2018-11-30,1,NA,6.5,1130,1230,-1,NE,3,5,100,NA
ME,2019,52,2019-02-21,1,NA,1.1,1215,1415,-9,W,5,NA,0,1
ME,2019,93,2019-04-03,1,NA,2.6,1130,1230,6,W,5,30,10,NA
ME,2019,105,2019-04-15,1,NA,1.7,1200,1415,10,SE,2,0,0,NA
ME,2019,119,2019-04-29,1,NA,2.8,1145,1245,7,E,5,10,100,NA
ME,2019,132,2019-05-12,1,NA,3.6,1145,1330,14,N,3,5,1,NA
ME,2019,148,2019-05-28,1,NA,9.5,1230,1330,13,S,8,10,100,NA
ME,2019,162,2019-06-11,1,NA,8.3,1132,1330,23.9,SW,8,30,75,NA
ME,2019,175,2019-06-24,1,NA,5.6,1135,1315,23,S,4,5,100,NA
ME,2019,189,2019-07-08,1,NA,3.1,1157,1343,23.8,NA,0,0,0,NA
ME,2019,203,2019-07-22,1,NA,1.8,1115,1245,21.7,N,10,50,25,NA
ME,2019,217,2019-08-05,1,NA,1.8,1225,1505,27,W,9,15,80,NA
ME,2019,233,2019-08-21,1,NA,1.2,955,1115,23,nw,4,5,100,NA
ME,2019,247,2019-09-04,1,NA,1.7,1145,1415,17,N,8,15,100,NA
ME,2019,277,2019-10-04,1,NA,2.3,1250,1500,11,NE,7,15,100,NA
ME,2019,301,2019-10-28,1,NA,4.6,1220,1410,6,W,5,5,100,NA
ME,2019,324,2019-11-20,1,NA,6.6,1145,1300,4,SE,8,5,100,NA
ME,2020,43,2020-02-12,1,NA,2.9,1250,1530,2,S,10,0,100,1
ME,2020,86,2020-03-26,1,NA,2,10,13,NA,NNE,10,45,100,NA
ME,2020,128,2020-05-07,1,NA,1.7,1145,1415,14,NW,11,30,90,NA
ME,2020,136,2020-05-15,1,NA,4.5,1100,1300,NA,NW,5,5,30,NA
ME,2020,154,2020-06-02,1,NA,9.9,1045,1245,28,SW,10,10,0,NA
ME,2020,164,2020-06-12,1,NA,7.1,10,12,20.7,E,3,5,10,NA
ME,2020,176,2020-06-24,1,NA,3,1015,1215,NA,NW,10,10,10,NA
ME,2020,190,2020-07-08,1,NA,1.9,1230,1445,NA,N,3,5,10,NA
ME,2020,202,2020-07-20,1,NA,1.8,1145,14,23.8,NW,5,20,30,NA
ME,2020,204,2020-07-22,1,NA,1.8,1145,14,23.8,NW,5,20,30,NA
ME,2020,219,2020-08-06,1,NA,1.25,1135,NA,NA,NNE,2,0,40,NA
ME,2020,233,2020-08-20,1,NA,1.6,1145,1330,25,NW,10,13,50,NA
ME,2020,246,2020-09-02,1,NA,1.25,1230,1415,24,W,8,10,0,NA
ME,2020,262,2020-09-18,1,NA,1.75,13,NA,14,N,2,2,80,NA
ME,2020,282,2020-10-08,1,NA,1.8,13,NA,16.9,SW,2,3,0,NA
ME,2020,308,2020-11-03,1,NA,4.6,1145,NA,16,SW,9,20,0,NA
ME,2020,345,2020-12-10,1,NA,6,12,14,9,S,7,6,40,NA
ME,2021,62,2021-03-03,1,NA,10.1,12,NA,NA,NA,0,NA,0,1
ME,2021,96,2021-04-06,1,NA,2.2,1245,1400,17.3,SW,9,10,70,NA
ME,2021,112,2021-04-22,1,NA,4.1,1330,1530,10.7,NW,8,15,5,NA
ME,2021,126,2021-05-06,1,NA,7.2,15,1615,12.6,NW,13,10,60,NA
ME,2021,137,2021-05-17,1,NA,10.1,13,1515,19.6,SE,11,10,50,NA
ME,2021,153,2021-06-02,1,NA,5.1,1130,1245,21.2,NW,1,1,25,NA
ME,2021,167,2021-06-16,1,NA,2.9,1315,1530,22.7,SE,1,5,0,NA
ME,2021,181,2021-06-30,1,NA,2.7,1300,1415,26.1,N,1,1,50,NA
ME,2021,197,2021-07-16,1,NA,1.8,1400,1700,23.6,E,10,10,50,NA
ME,2021,208,2021-07-27,1,NA,1.5,1230,1345,25.2,SW,13,10,30,NA
ME,2021,224,2021-08-12,1,NA,1.25,1245,1545,27.3,W,6,5,40,NA
ME,2021,238,2021-08-26,1,NA,1,1145,1300,27,SE,5,5,70,NA
ME,2021,253,2021-09-10,1,NA,1.3,1415,1600,23.8,SW,9,10,10,NA
ME,2021,270,2021-09-27,1,NA,1.1,1145,1245,21.4,W,1,0,10,NA
ME,2021,281,2021-10-08,1,NA,1.3,1315,1445,18.5,E,7,5,50,NA
ME,2021,292,2021-10-19,1,NA,2,1230,1345,19.2,SSW,11,7,60,NA
ME,2021,308,2021-11-04,1,NA,3.3,1345,1515,8.4,SW,6,10,40,NA
ME,2022,39,2022-02-08,1,NA,7.2,1500,1700,2.2,SW,5,NA,100,1
ME,2022,111,2022-04-21,1,NA,1.9,945,1130,8.3,W,12,20,0,NA
ME,2022,112,2022-04-22,1,NA,1.9,945,1130,8.3,W,12,20,0,NA
ME,2022,136,2022-05-16,1,NA,5.1,13,1530,17.8,SE,5,3,98,NA
ME,2022,137,2022-05-17,1,NA,5.1,13,1530,17.8,SE,5,3,98,NA
ME,2022,165,2022-06-14,1,NA,2.3,1030,1230,26.2,S,9,10,0,NA
ME,2022,179,2022-06-28,1,NA,1.6,1030,1130,24,SW,16,20,20,NA
ME,2022,194,2022-07-13,1,NA,1.8,13,1515,21.9,N,7,10,50,NA
ME,2022,206,2022-07-25,1,NA,1.3,13,1415,21.4,NW,9,15,30,NA
ME,2022,221,2022-08-09,1,NA,1.5,1130,16,22,N,0,0,10,NA
ME,2022,237,2022-08-25,1,NA,1.5,10,11,21.8,W,9,20,95,NA
ME,2022,249,2022-09-06,1,NA,1.8,1215,1415,21.5,W,1,0,25,NA
ME,2022,262,2022-09-19,1,NA,1.7,1245,1400,21.6,SW,3,2,0,NA
ME,2022,277,2022-10-04,1,NA,1.6,1430,1615,21.5,S,0,2,40,NA
ME,2022,293,2022-10-20,1,NA,2.7,1245,1430,12.4,SW,4,5,5,NA
ME,2022,305,2022-11-01,1,NA,2.1,13,1445,17.8,W,7,5,0,NA
ME,2022,327,2022-11-23,1,NA,3.5,1330,16,9.1,S,5,5,0,NA
ME,2023,59,2023-02-28,1,NA,5.5,1500,1645,7.2,SE,5,NA,100,1
ME,2023,97,2023-04-07,1,NA,1.4,1030,1145,3.3,E,5,5,15,NA
ME,2023,116,2023-04-26,1,NA,1.9,1515,1645,9.3,NE,3,0,50,NA
ME,2023,124,2023-05-04,1,NA,1.8,1330,1445,17.6,S,7,15,25,NA
ME,2023,137,2023-05-17,1,NA,4.1,1100,1230,11.4,NE,8,20,100,NA
ME,2023,151,2023-05-31,1,NA,4.8,1030,1130,23.8,SE,5,0,80,NA
ME,2023,163,2023-06-12,1,NA,3.9,1130,1330,17,SE,9,25,35,NA
ME,2023,181,2023-06-30,1,NA,1.8,1030,1130,26,E,2,1,100,NA
ME,2023,191,2023-07-10,1,NA,1.75,1045,1230,26.7,SW,15,50,0,NA
ME,2023,205,2023-07-24,1,NA,1.5,1050,1130,28,NE,3,3,100,NA
ME,2023,219,2023-08-07,1,NA,1.25,1115,1300,22.2,NE,8,30,40,NA
ME,2023,235,2023-08-23,1,NA,1.3,1000,1100,29.4,SW,11,25,20,NA
ME,2023,251,2023-09-08,1,NA,1.5,1120,1315,18,N,5,8,100,NA
ME,2023,261,2023-09-18,1,NA,1.75,1010,1130,16.2,SE,4,2,40,NA
ME,2023,275,2023-10-02,1,1.8,NA,1033,1227,22,S,7,2,20,NA
ME,2023,293,2023-10-20,1,NA,2.3,1035,1115,11,SE,15,30,80,NA
ME,2023,296,2023-10-23,1,NA,2.3,1035,1115,11,SE,15,30,80,NA
ME,2023,305,2023-11-01,1,NA,2,1034,1140,0,W,7,10,70,NA
ME,2023,319,2023-11-15,1,NA,3,1052,1155,12.3,N,0,3,0,NA
ME,2024,64,2024-03-04,1,NA,2,1130,1334,12.7,N,10,10,100,NA
ME,2024,92,2024-04-01,1,NA,2,1145,1300,11.1,SW,19,25,35,NA
ME,2024,106,2024-04-15,1,NA,1.2,1200,1430,16.1,S,2,1,0,NA
ME,2024,121,2024-04-30,1,NA,2.3,1330,1500,16.9,SW,5,10,10,NA
ME,2024,136,2024-05-15,1,NA,6.5,1215,1430,16.4,NE,8,5,1,NA
ME,2024,149,2024-05-28,1,NA,2.3,1045,1215,16.4,NW,8,10,60,NA
ME,2024,163,2024-06-11,1,NA,4.1,1030,1200,20.5,S,8,7,75,NA
ME,2024,176,2024-06-24,1,NA,3.1,1030,1200,25.5,SE,4,3,40,NA
ME,2024,190,2024-07-08,1,NA,1.2,1030,1230,22,SW,7,9,60,NA
ME,2024,204,2024-07-22,1,NA,1.1,1045,1215,25.5,NE,4,1,60,NA
ME,2024,220,2024-08-07,1,NA,1.2,1050,1215,21.6,E,6,5,15,NA
ME,2024,233,2024-08-20,1,NA,1.2,1100,1215,19.5,E,7,3,40,NA
ME,2024,247,2024-09-03,1,NA,1.9,1330,1515,21.9,S,10,10,10,NA
ME,2024,261,2024-09-17,1,NA,1.9,1145,1330,25.8,N,0,5,0,NA
ME,2024,274,2024-09-30,1,NA,2.25,1130,1345,21.1,NE,3,2,0,NA
ME,2024,292,2024-10-18,1,NA,1.9,1300,1415,16.8,S,10,10,0,NA
ME,2024,302,2024-10-28,1,NA,1.9,1115,1330,13.8,S,15,40,75,NA
ME,2024,317,2024-11-12,1,NA,3,1130,1300,6.9,SE,10,20,60,NA
ME,2024,344,2024-12-09,1,NA,4.2,1130,1345,8.8,W,10,40,50,NA
ME,2025,56,2025-02-25,1,NA,3.5,1400,1615,10,SW,5,NA,5,1
ME,2025,77,2025-03-18,1,NA,1.9,1230,1445,11.3,E,1,10,100,NA
ME,2025,106,2025-04-16,1,NA,1.7,1215,1445,5.1,W,3,1,100,NA
ME,2025,120,2025-04-30,1,NA,1.3,1215,1400,13.2,SE,10,10,50,NA
ME,2025,132,2025-05-12,1,NA,1.1,1045,1215,19.6,E,5,1,5,NA
ME,2025,147,2025-05-27,1,NA,11,1100,1230,17.2,N,1,2,100,NA
ME,2025,161,2025-06-10,1,NA,4.3,1040,1200,18,W,15,50,70,NA
ME,2025,175,2025-06-24,1,NA,1.75,1100,1230,26,W,5,2,100,NA
ME,2025,188,2025-07-07,1,NA,2.1,1056,1255,21,SE,2,1,5,NA
ME,2025,202,2025-07-21,1,NA,1.8,1030,1215,23,E,10,10,10,NA
ME,2025,216,2025-08-04,1,NA,1.6,1115,1315,24,E,5,1,50,NA
ME,2025,230,2025-08-18,1,NA,1.4,1030,1145,23.8,SE,8,15,100,NA
ME,2025,245,2025-09-02,1,NA,1.1,1115,1330,23,SW,3,1,30,NA
ME,2025,258,2025-09-15,1,NA,1.7,1115,1245,24,SE,6,5,0,NA
ME,2025,272,2025-09-29,1,NA,1.7,1115,1330,24,S,2,1,0,NA
ME,2025,286,2025-10-13,1,NA,2.1,1100,1230,17,SW,3,2,100,NA
ME,2025,300,2025-10-27,1,NA,3.7,1115,NA,12.7,E,15,30,50,NA
ME,2025,317,2025-11-13,1,NA,7.7,1145,1345,9.8,N,0,0,45,NA
MO,1995,129,1995-05-09,1,NA,5.9,1300,NA,12.7,N,10,NA,100,NA
MO,1995,143,1995-05-23,1,NA,6.2,NA,NA,11.6,N,5,NA,100,NA
MO,1995,157,1995-06-06,1,NA,4.7,1430,NA,25.2,SW,18,NA,95,NA
MO,1995,172,1995-06-21,1,NA,3.3,1215,NA,34.4,ENE,8,NA,NA,NA
MO,1995,188,1995-07-07,1,NA,2.9,704,NA,16,W,13,NA,10,NA
MO,1995,199,1995-07-18,1,NA,1.8,1218,NA,25.3,NW,10,NA,40,NA
MO,1995,214,1995-08-02,1,NA,1.9,1318,NA,22.1,SW,8,NA,100,NA
MO,1995,226,1995-08-14,1,NA,1.6,NA,NA,26.6,W,8,NA,80,NA
MO,1995,242,1995-08-30,1,NA,1.3,NA,NA,25.2,SE,8,NA,10,NA
MO,1995,254,1995-09-11,1,NA,1.3,NA,NA,19.1,SE,8,NA,10,NA
MO,1995,268,1995-09-25,1,NA,1.1,1250,NA,13.8,SSW,13,NA,90,NA
MO,1995,284,1995-10-11,1,NA,2.9,939,NA,16.8,S,5,NA,2,NA
MO,1995,298,1995-10-25,1,NA,3,935,1017,8.3,SE,18,NA,5,NA
MO,1995,311,1995-11-07,1,NA,2.3,925,NA,2.4,NA,18,40,100,NA
MO,1995,326,1995-11-22,1,NA,4.5,915,1035,-1.8,SW,13,NA,100,NA
MO,1996,37,1996-02-06,1,NA,5.4,1310,NA,NA,SE,10,NA,70,1
MO,1996,94,1996-04-03,1,NA,2.6,930,1025,3.6,NNW,18,NA,100,NA
MO,1996,107,1996-04-16,1,NA,3.3,910,955,4.4,NW,15,75,65,NA
MO,1996,122,1996-05-01,1,NA,4.8,1125,1220,10.5,E,15,60,30,NA
MO,1996,135,1996-05-14,1,NA,5.5,1315,NA,9.7,SSE,5,20,100,NA
MO,1996,150,1996-05-29,1,NA,5.9,1000,1052,NA,NNE,5,5,10,NA
MO,1996,162,1996-06-10,1,NA,8.8,NA,NA,17.8,E,5,3,100,NA
MO,1996,178,1996-06-26,1,NA,3.5,1109,1230,21.4,S,10,15,40,NA
MO,1996,191,1996-07-09,1,NA,3,955,1200,16,NE,10,30,90,NA
MO,1996,204,1996-07-22,1,NA,2,1235,1400,21.4,SW,15,50,100,NA
MO,1996,218,1996-08-05,1,NA,1.2,1320,1550,24.8,S,20,40,75,NA
MO,1996,232,1996-08-19,1,NA,2,1145,1250,NA,W,2,2,100,NA
MO,1996,249,1996-09-05,1,NA,2.1,NA,NA,28.3,SSE,1,5,50,NA
MO,1996,263,1996-09-19,1,NA,1.8,1017,1121,18.4,NE,5,2,0,NA
MO,1996,290,1996-10-16,1,NA,3.6,1000,1054,18.6,S,5,4,75,NA
MO,1996,330,1996-11-25,1,NA,4.3,1415,NA,0,N,10,45,100,NA
MO,1997,14,1997-01-14,1,NA,3.1,1250,1410,-10,SE,7,NA,80,1
MO,1997,48,1997-02-17,1,NA,5.1,1300,1500,NA,SW,20,NA,45,1
MO,1997,99,1997-04-09,1,NA,5.8,1050,1150,6.4,SSW,3,7,10,NA
MO,1997,111,1997-04-21,1,NA,9.1,1150,1220,NA,NE,8,10,5,NA
MO,1997,121,1997-05-01,1,NA,2.8,945,1100,6,NW,15,15,20,NA
MO,1997,133,1997-05-13,1,NA,5.6,1035,1130,12.2,NW,2,1,10,NA
MO,1997,148,1997-05-28,1,NA,3.7,950,1055,19,NE,5,10,100,NA
MO,1997,162,1997-06-11,1,NA,4.6,1335,NA,19.7,NE,5,3,50,NA
MO,1997,176,1997-06-25,1,NA,NA,1340,1430,27.6,NW,8,8,15,NA
MO,1997,190,1997-07-09,1,NA,2.8,1016,1137,19.9,NE,13,13,60,NA
MO,1997,205,1997-07-24,1,NA,2,1300,1445,30.2,SE,5,3,10,NA
MO,1997,219,1997-08-07,1,NA,1.7,900,NA,21.5,SW,8,10,0,NA
MO,1997,230,1997-08-18,1,NA,1.6,1000,1125,NA,NW,5,5,90,NA
MO,1997,251,1997-09-08,1,NA,1.6,1120,1330,19.8,NE,3,0,100,NA
MO,1997,273,1997-09-30,1,NA,1.5,1020,1120,15,NW,25,40,100,NA
MO,1997,303,1997-10-30,1,NA,3.3,1030,NA,10.3,SE,20,20,90,NA
MO,1997,329,1997-11-25,1,NA,4.8,925,1050,10,S,10,10,30,NA
MO,1998,37,1998-02-06,2,NA,NA,1300,1310,6,NA,3,NA,30,NA
MO,1998,76,1998-03-17,1,NA,3,1105,1155,4.8,NE,20,20,100,NA
MO,1998,103,1998-04-13,1,NA,2.4,1530,1630,12.7,NNW,13,NA,25,NA
MO,1998,117,1998-04-27,1,NA,7,1230,1400,12.5,NE,15,30,50,NA
MO,1998,131,1998-05-11,1,NA,9.1,1150,1250,19.4,NA,0,0,0,NA
MO,1998,152,1998-06-01,1,NA,5.1,NA,NA,18.5,SE,18,20,NA,NA
MO,1998,159,1998-06-08,1,NA,7.8,1100,1200,16.2,SE,5,5,100,NA
MO,1998,173,1998-06-22,1,NA,2.5,1315,1422,25.1,NA,0,5,40,NA
MO,1998,187,1998-07-06,1,NA,1.2,1130,NA,23.7,NA,0,2,100,NA
MO,1998,204,1998-07-23,1,NA,1.8,937,1035,20.5,WNW,20,70,5,NA
MO,1998,214,1998-08-02,1,NA,1.7,1300,NA,24.8,SSW,15,120,15,NA
MO,1998,230,1998-08-18,1,NA,1.9,NA,NA,19.1,NW,10,10,100,NA
MO,1998,245,1998-09-02,1,NA,1.8,1050,1149,16,NW,10,10,50,NA
MO,1998,271,1998-09-28,1,NA,1.5,1130,1220,21,NA,0,0,2,NA
MO,1998,300,1998-10-27,1,NA,2.4,1130,1300,14.7,SE,18,20,100,NA
MO,1998,327,1998-11-23,1,NA,4.1,1100,NA,9.2,W,20,20,35,NA
MO,1999,27,1999-01-27,1,NA,6.8,945,1300,5,W,15,NA,100,1
MO,1999,54,1999-02-23,1,NA,4,900,1115,2,SE,13,NA,55,1
MO,1999,88,1999-03-29,1,NA,2.9,1125,1210,13,NA,13,40,0,NA
MO,1999,102,1999-04-12,1,NA,2.9,1230,1425,12,SW,5,8,90,NA
MO,1999,116,1999-04-26,1,NA,7.3,1050,1200,18,NE,10,20,50,NA
MO,1999,120,1999-04-30,1,NA,7.5,NA,NA,NA,NA,0,NA,0,NA
MO,1999,130,1999-05-10,1,NA,4.6,1200,1415,18,E,10,30,30,NA
MO,1999,146,1999-05-26,1,NA,5.4,1125,1240,18.5,NW,5,15,5,NA
MO,1999,159,1999-06-08,1,NA,6.1,1145,1400,30,S,8,10,35,NA
MO,1999,172,1999-06-21,1,NA,2.4,1255,1420,28,SE,8,15,50,NA
MO,1999,188,1999-07-07,1,NA,2,940,1200,25,NW,5,20,0,NA
MO,1999,200,1999-07-19,1,NA,0.88,1120,1245,28,S,5,2,100,NA
MO,1999,214,1999-08-02,1,NA,1.8,1040,1235,24,NW,5,10,25,NA
MO,1999,229,1999-08-17,1,NA,1.6,855,1100,24,WNW,10,15,0,NA
MO,1999,242,1999-08-30,1,NA,1.7,1222,1405,25,SE,7,12,80,NA
MO,1999,270,1999-09-27,1,NA,1.5,1145,1315,14,NA,0,0,100,NA
MO,1999,299,1999-10-26,1,NA,2.5,1145,1315,16,W,10,15,50,NA
MO,1999,326,1999-11-22,1,NA,3.2,1140,1250,13,NW,5,10,0,NA
MO,2000,25,2000-01-25,1,NA,4.4,1100,1325,-6,NW,18,NA,70,1
MO,2000,73,2000-03-13,1,NA,2.5,1405,1540,5,NW,3,4,90,NA
MO,2000,89,2000-03-29,1,NA,2.8,1250,1345,11,NW,5,3,30,NA
MO,2000,101,2000-04-10,1,NA,2,1445,1700,5,E,10,8,100,NA
MO,2000,116,2000-04-25,1,NA,6.8,1125,1235,16,NE,2,3,0,NA
MO,2000,130,2000-05-09,1,NA,6.3,1150,1325,14,NNW,10,20,100,NA
MO,2000,143,2000-05-22,1,NA,5.5,1100,1155,21,SSE,10,25,60,NA
MO,2000,158,2000-06-06,1,NA,4.9,1340,1535,22.5,NNE,1,0,5,NA
MO,2000,171,2000-06-19,1,NA,4,1215,1400,28,SW,5,8,5,NA
MO,2000,185,2000-07-03,1,NA,2.3,1315,1515,25,N,5,10,80,NA
MO,2000,199,2000-07-17,1,NA,1.9,1300,1405,27,NNW,8,20,0,NA
MO,2000,214,2000-08-01,1,NA,1.5,1220,1410,27,SSW,2,10,20,NA
MO,2000,229,2000-08-16,1,NA,1.5,1020,1115,24,NE,5,10,0,NA
MO,2000,241,2000-08-28,1,NA,1.2,1405,1645,25.5,SE,10,25,15,NA
MO,2000,269,2000-09-25,1,NA,1.9,1140,1310,13.5,NNE,NA,10,75,NA
MO,2000,298,2000-10-24,1,NA,6.2,1040,1205,17.5,-,0,0,50,NA
MO,2000,332,2000-11-27,1,NA,4.7,1240,1450,-1.3,SW,8,25,100,NA
MO,2001,15,2001-01-15,1,NA,4.4,1100,1300,0,WSW,8,NA,100,1
MO,2001,99,2001-04-09,1,NA,2.2,940,1045,5,E,10,25,100,NA
MO,2001,115,2001-04-25,1,NA,2.5,915,1030,13,S,10,30,10,NA
MO,2001,129,2001-05-09,1,NA,7.6,840,940,15,S,10,8,0,NA
MO,2001,141,2001-05-21,1,NA,4,1145,1300,17.7,S,10,10,100,NA
MO,2001,155,2001-06-04,1,NA,4.8,1220,1530,11.4,E,8,20,100,NA
MO,2001,169,2001-06-18,1,NA,5,1215,1330,23.4,S,15,40,90,NA
MO,2001,183,2001-07-02,1,NA,3,1155,1430,18.1,SE,10,10,50,NA
MO,2001,198,2001-07-17,1,NA,1.2,1515,1625,32.4,NA,0,2,30,NA
MO,2001,211,2001-07-30,1,NA,1.4,1355,1730,31.5,NA,0,5,20,NA
MO,2001,225,2001-08-13,1,NA,1.3,1310,1505,24.1,NNE,10,10,5,NA
MO,2001,239,2001-08-27,1,NA,1.44,1110,NA,20,NA,10,30,60,NA
MO,2001,269,2001-09-26,1,NA,1.4,1100,1230,12.5,NW,8,50,60,NA
MO,2001,295,2001-10-22,1,NA,2.9,1130,1315,NA,SE,3,10,85,NA
MO,2001,330,2001-11-26,1,NA,3,1230,130,5.3,E,10,25,100,NA
MO,2002,100,2002-04-10,1,NA,2.8,1130,1230,12,SW,15,30,80,NA
MO,2002,113,2002-04-23,1,NA,3.1,1100,1340,10.5,SW,10,15,0,NA
MO,2002,141,2002-05-21,1,NA,6.5,1200,1400,17.5,NA,0,0,5,NA
MO,2002,156,2002-06-05,1,NA,4.9,1000,1100,16.6,NA,5,10,100,NA
MO,2002,170,2002-06-19,1,NA,3.9,1200,1400,21.2,S,15,25,100,NA
MO,2002,182,2002-07-01,1,NA,1.7,1200,1400,25.6,SW,10,10,5,NA
MO,2002,197,2002-07-16,1,NA,2.3,1100,1400,34.1,SW,5,5,0,NA
MO,2002,207,2002-07-26,1,NA,0.9,1100,1200,28,NW,10,5,50,NA
MO,2002,225,2002-08-13,1,NA,1.5,1000,1200,27,W,5,5,100,NA
MO,2002,238,2002-08-26,1,NA,1.6,1200,1300,28,NA,0,0,0,NA
MO,2002,267,2002-09-24,1,NA,1.1,1130,1230,17.3,NA,0,0,0,NA
MO,2002,295,2002-10-22,1,NA,1.1,1200,1400,6.5,N,10,15,100,NA
MO,2002,323,2002-11-19,1,NA,1.2,1230,1430,12.1,SW,15,20,0,NA
MO,2003,44,2003-02-13,1,NA,0.6,1115,1300,-7.2,NW,5,NA,5,1
MO,2003,48,2003-02-17,1,NA,5.2,1130,1300,-2,NW,2,NA,100,1
MO,2003,91,2003-04-01,1,NA,1.4,1030,1200,18.3,NA,0,0,20,NA
MO,2003,105,2003-04-15,1,NA,1.6,1100,1230,21.9,SW,20,20,10,NA
MO,2003,118,2003-04-28,1,NA,4.1,1245,1345,17,SW,5,15,75,NA
MO,2003,133,2003-05-13,1,NA,5,1330,1445,19,NW,5,5,0,NA
MO,2003,147,2003-05-27,1,NA,5.5,1315,1400,29,NA,0,0,15,NA
MO,2003,161,2003-06-10,1,NA,4,1100,1235,19,SE,25,60,100,NA
MO,2003,174,2003-06-23,1,NA,2.2,1153,1241,28.5,SE,10,20,20,NA
MO,2003,189,2003-07-08,1,NA,2.2,1305,1445,23,SSE,10,10,100,NA
MO,2003,204,2003-07-23,1,NA,1.7,1145,1315,25,NE,10,20,10,NA
MO,2003,217,2003-08-05,1,NA,1.5,1130,1345,29,NNW,5,5,50,NA
MO,2003,230,2003-08-18,1,NA,1.4,1400,1510,34.5,E,10,10,2,NA
MO,2003,246,2003-09-03,1,NA,1.4,1100,1215,24,NW,10,20,0,NA
MO,2003,273,2003-09-30,1,NA,1.8,1100,1230,13,NW,15,40,40,NA
MO,2003,302,2003-10-29,1,NA,1.5,1200,1400,11,W,5,10,60,NA
MO,2003,336,2003-12-02,1,NA,2.5,1200,1400,4,NA,0,0,80,NA
MO,2004,48,2004-02-17,1,NA,5.2,1130,1300,-2,NW,2,NA,100,1
MO,2004,91,2004-03-31,1,NA,2.4,1045,1130,4,E,10,20,100,NA
MO,2004,104,2004-04-13,1,NA,2.7,1145,1300,9,NE,20,35,0,NA
MO,2004,120,2004-04-29,1,NA,4.1,1145,1300,20,SW,25,70,80,NA
MO,2004,132,2004-05-11,1,NA,5.5,1115,1215,15,S,10,15,100,NA
MO,2004,148,2004-05-27,1,NA,2.7,1030,1100,20,W,15,40,20,NA
MO,2004,160,2004-06-08,1,NA,3,1030,1230,25,SW,15,25,90,NA
MO,2004,174,2004-06-22,1,NA,2.5,1200,1300,21,NW,10,25,30,NA
MO,2004,189,2004-07-07,1,NA,2,1030,1200,16,NW,5,10,100,NA
MO,2004,202,2004-07-20,1,NA,1.6,1100,1145,34,NA,0,0,5,NA
MO,2004,218,2004-08-05,1,NA,1.6,1045,1400,23,NA,0,0,0,NA
MO,2004,229,2004-08-16,1,NA,1.5,1230,1245,21,SW,15,50,90,NA
MO,2004,253,2004-09-09,1,NA,1.6,1100,1300,17,0,0,0,100,NA
MO,2004,280,2004-10-06,1,NA,1.3,1100,1300,15,W,5,15,0,NA
MO,2004,309,2004-11-04,1,NA,2.8,1200,1400,9,NW,20,80,80,NA
MO,2005,34,2005-02-03,1,NA,6.5,1100,1300,1,NE,10,NA,20,1
MO,2005,108,2005-04-18,1,NA,2.5,1130,1330,23,SW,5,10,0,NA
MO,2005,117,2005-04-27,1,NA,5,1130,1300,8,NW,5,15,100,NA
MO,2005,130,2005-05-10,1,NA,5.2,1130,1400,25.4,NW,15,15,40,NA
MO,2005,144,2005-05-24,1,NA,3.9,1150,1335,19,NE,10,10,50,NA
MO,2005,158,2005-06-07,1,NA,1.8,1100,1400,31,SW,10,15,30,NA
MO,2005,172,2005-06-21,1,NA,1.4,1200,1310,31,NW,10,10,10,NA
MO,2005,186,2005-07-05,1,NA,2.2,1230,1400,27,NW,5,15,50,NA
MO,2005,200,2005-07-19,1,NA,1.3,1150,1250,30,S,2,0,0,NA
MO,2005,215,2005-08-03,1,NA,0.9,1130,230,27,SW,10,30,70,NA
MO,2005,227,2005-08-15,1,NA,1.7,1215,1315,28,NA,0,2,50,NA
MO,2005,242,2005-08-30,1,NA,1.7,1145,1325,25,NE,8,15,40,NA
MO,2005,270,2005-09-27,1,NA,1.9,1600,1710,23,W,8,15,5,NA
MO,2005,307,2005-11-03,1,NA,3.1,1200,1400,18,SW,5,5,70,NA
MO,2006,95,2006-04-05,1,NA,2.3,1300,1400,12,NA,0,0,95,NA
MO,2006,109,2006-04-19,1,NA,3,1215,1330,17,SW,10,20,85,NA
MO,2006,123,2006-05-03,1,NA,6,1400,1500,19,SW,10,10,100,NA
MO,2006,136,2006-05-16,1,NA,3.7,1130,1240,16,N,10,15,90,NA
MO,2006,151,2006-05-31,1,NA,4.8,1330,1430,25,NE,20,40,5,NA
MO,2006,164,2006-06-13,1,NA,2.8,1130,1330,23,NA,0,0,10,NA
MO,2006,178,2006-06-27,1,NA,2.3,1240,1330,21,NE,3,3,40,NA
MO,2006,193,2006-07-12,1,NA,2,1300,1445,27,E,10,30,60,NA
MO,2006,206,2006-07-25,1,NA,1.4,1100,1230,26,SW,15,30,60,NA
MO,2006,220,2006-08-08,1,NA,2,1100,1300,23,E,10,15,75,NA
MO,2006,233,2006-08-21,1,NA,1.7,1350,1425,26,NW,5,20,50,NA
MO,2006,250,2006-09-07,1,NA,1.9,1200,1405,26,WNW,5,5,15,NA
MO,2006,277,2006-10-04,1,NA,1.5,1400,1515,11,NE,15,30,100,NA
MO,2006,303,2006-10-30,1,NA,1.3,1215,1315,18,S,15,25,50,NA
MO,2006,345,2006-12-11,1,NA,4.7,1330,1430,2.2,S,8,12,100,NA
MO,2007,5,2007-01-05,1,NA,5.2,1300,1410,9,N,5,0,75,NA
MO,2007,57,2007-02-26,1,NA,6.4,1315,1515,0,N,5,NA,100,1
MO,2007,93,2007-04-03,1,NA,1.4,1400,1500,12,NA,0,0,100,NA
MO,2007,107,2007-04-17,1,NA,2.1,1200,1400,14,E,20,30,0,NA
MO,2007,122,2007-05-02,1,NA,5.2,1100,1230,15,E,10,15,50,NA
MO,2007,141,2007-05-21,1,NA,5.5,1100,1300,22,S,5,10,0,NA
MO,2007,149,2007-05-29,1,NA,3.9,1300,1415,27,SE,15,30,30,NA
MO,2007,162,2007-06-11,1,NA,3.1,1315,1500,28,S,15,15,5,NA
MO,2007,176,2007-06-25,1,NA,2.3,1300,1400,25,SW,20,15,90,NA
MO,2007,190,2007-07-09,1,NA,1.5,1420,1545,29,N,10,25,50,NA
MO,2007,204,2007-07-23,1,NA,1.5,1245,1328,25,S,10,20,10,NA
MO,2007,219,2007-08-07,1,NA,1.5,1005,1145,26,SW,10,20,60,NA
MO,2007,232,2007-08-20,1,NA,2,1300,1345,19,NE,5,20,100,NA
MO,2007,247,2007-09-04,1,NA,1.9,1230,1400,27,SW,10,25,0,NA
MO,2007,277,2007-10-04,1,NA,1.1,1100,1200,23,SW,10,15,0,NA
MO,2007,302,2007-10-29,1,NA,1.3,1146,1247,12,SW,15,50,30,NA
MO,2007,330,2007-11-26,1,NA,1.5,1300,1400,2,N,15,30,100,NA
MO,2008,63,2008-03-03,1,NA,10,1200,1400,-6,NW,20,NA,100,1
MO,2008,108,2008-04-17,1,NA,2.1,1130,1305,11,NE,5,10,90,NA
MO,2008,121,2008-04-30,1,NA,4.5,1236,1420,10,S,15,15,40,NA
MO,2008,135,2008-05-14,1,NA,6.5,1030,1205,13,N,15,20,10,NA
MO,2008,149,2008-05-28,1,NA,6,1237,1324,18,NW,5,2,20,NA
MO,2008,162,2008-06-10,1,NA,3.8,1130,1347,25,W,25,60,40,NA
MO,2008,176,2008-06-24,1,NA,2.2,1240,1330,26,SW,10,15,60,NA
MO,2008,190,2008-07-08,1,NA,2,1110,1240,22,SW,6,10,100,NA
MO,2008,203,2008-07-21,1,NA,1.7,1306,1409,25,NA,0,0,60,NA
MO,2008,218,2008-08-05,1,NA,1.5,955,1145,25,N,12,20,60,NA
MO,2008,231,2008-08-18,1,NA,1.2,1225,1307,26,W,5,10,50,NA
MO,2008,249,2008-09-05,1,NA,1.4,1325,1450,22,NW,3,10,25,NA
MO,2008,273,2008-09-29,1,NA,1.3,1250,1350,20,NW,5,8,90,NA
MO,2008,305,2008-10-31,1,NA,1.4,1350,1500,19,NA,0,5,5,NA
MO,2009,36,2009-02-05,1,NA,10.1,1200,1420,-5,SW,15,NA,10,1
MO,2009,107,2009-04-17,1,NA,1.3,1215,1345,15,NA,0,0,0,NA
MO,2009,119,2009-04-29,1,NA,1.8,1200,1300,14,SE,5,20,100,NA
MO,2009,131,2009-05-11,1,NA,5.9,1321,1425,20,NA,0,2,60,NA
MO,2009,148,2009-05-28,1,NA,6.1,1245,1400,19,N,10,15,100,NA
MO,2009,161,2009-06-10,1,NA,4.1,1100,1300,21,E,5,5,0,NA
MO,2009,174,2009-06-23,1,NA,5.1,1030,1102,29,NA,0,0,0,NA
MO,2009,190,2009-07-09,1,NA,1.7,1030,1145,23,S,5,3,10,NA
MO,2009,201,2009-07-20,1,NA,1.1,1120,1155,24,E,5,5,50,NA
MO,2009,216,2009-08-04,1,NA,1.1,1010,1145,24,NW,5,5,75,NA
MO,2009,232,2009-08-20,1,NA,1.4,1245,1335,21,W,20,50,75,NA
MO,2009,247,2009-09-04,1,NA,0.9,1055,1205,23,NA,0,0,30,NA
MO,2009,273,2009-09-30,1,NA,1.4,1320,1415,10,SW,5,5,10,NA
MO,2009,303,2009-10-30,1,NA,2.6,1107,1155,17,SW,20,45,100,NA
MO,2009,338,2009-12-04,1,NA,4.9,1250,1315,-5,NW,15,50,25,NA
MO,2010,34,2010-02-03,1,NA,4.3,1010,1135,-4,N,5,NA,25,1
MO,2010,90,2010-03-31,1,NA,1.3,1100,1200,16,WSW,15,30,10,NA
MO,2010,102,2010-04-12,1,NA,1.3,1030,1150,13,SE,10,15,100,NA
MO,2010,117,2010-04-27,1,NA,2.5,1400,1430,14,NE,10,25,0,NA
MO,2010,133,2010-05-13,1,NA,4.2,1030,1130,10,S,5,10,100,NA
MO,2010,145,2010-05-25,1,NA,4.8,1030,1130,27,SW,5,15,90,NA
MO,2010,160,2010-06-09,1,NA,2.5,930,1200,24,w,18,35,10,NA
MO,2010,172,2010-06-21,1,NA,1.5,1100,1215,21,SE,10,15,95,NA
MO,2010,187,2010-07-06,1,NA,1.6,900,1015,26,SW,10,20,95,NA
MO,2010,201,2010-07-20,1,NA,1,1030,1115,26,W,5,10,70,NA
MO,2010,216,2010-08-04,1,NA,1,1000,1230,25,E,5,10,95,NA
MO,2010,228,2010-08-16,1,NA,1.2,1045,1130,25,NW,18,30,5,NA
MO,2010,242,2010-08-30,1,NA,1.1,1130,1300,28,S,15,20,70,NA
MO,2010,281,2010-10-08,1,NA,1.1,1230,1400,25,w,10,20,0,NA
MO,2010,306,2010-11-02,1,NA,1.7,1145,1315,10,SW,5,5,0,NA
MO,2011,26,2011-01-26,1,NA,8.5,1200,1430,-5,N,5,NA,100,1
MO,2011,111,2011-04-21,1,NA,2.1,1100,1300,11,S,5,10,80,NA
MO,2011,123,2011-05-03,1,NA,2,1130,1200,6,ne,10,10,100,NA
MO,2011,137,2011-05-17,1,NA,4.9,1400,1600,15,E,15,15,5,NA
MO,2011,152,2011-06-01,1,NA,3.1,1145,1300,23,nw,20,20,20,NA
MO,2011,165,2011-06-14,1,NA,2.6,1010,1110,23,NE,10,15,70,NA
MO,2011,179,2011-06-28,1,NA,2,1130,1300,22,W,10,15,0,NA
MO,2011,193,2011-07-12,1,NA,1.75,1015,1215,25,NE,5,5,10,NA
MO,2011,207,2011-07-26,1,NA,1.6,1200,1300,30,E,5,15,10,NA
MO,2011,221,2011-08-09,1,NA,1.3,1030,1230,26,NW,15,30,40,NA
MO,2011,236,2011-08-24,1,NA,1.2,1000,1040,28,W,7,10,0,NA
MO,2011,256,2011-09-13,1,NA,2.3,1030,1230,20,N,10,30,0,NA
MO,2011,277,2011-10-04,1,NA,0.9,1030,1230,22,NA,0,0,0,NA
MO,2011,305,2011-11-01,1,NA,1.2,1130,1300,14,SW,15,30,30,NA
MO,2012,96,2012-04-05,1,NA,4,1200,1400,11,E,15,50,10,NA
MO,2012,109,2012-04-18,1,NA,4,1000,1200,18,SW,20,50,80,NA
MO,2012,124,2012-05-03,1,NA,5,1100,1200,25,SW,5,10,50,NA
MO,2012,137,2012-05-16,1,NA,0.7,1030,1200,20,NW,2,1,5,NA
MO,2012,151,2012-05-30,1,NA,2.7,1045,1215,16,NW,10,20,90,NA
MO,2012,164,2012-06-12,1,NA,2.3,1115,1315,18,NW,10,30,40,NA
MO,2012,178,2012-06-26,1,NA,1.1,1230,1330,26,NW,5,5,10,NA
MO,2012,193,2012-07-11,1,NA,1.5,1100,1215,26,NE,5,10,5,NA
MO,2012,206,2012-07-24,1,NA,1.6,1250,1400,24,S,2,5,60,NA
MO,2012,220,2012-08-07,1,NA,1.1,1000,1300,28,W,5,10,0,NA
MO,2012,234,2012-08-21,1,NA,1.2,1020,1110,24,N/A,0,0,2,NA
MO,2012,249,2012-09-05,1,NA,1.7,1130,1300,26,NW,20,30,20,NA
MO,2012,276,2012-10-02,1,NA,1.1,1130,1300,17,E,3,10,0,NA
MO,2012,306,2012-11-01,1,NA,2.2,1130,1330,7,NW,5,20,50,NA
MO,2013,36,2013-02-05,1,4.7,NA,1200,1430,-2,nw,10,NA,100,1
MO,2013,128,2013-05-08,1,NA,1.7,10,12,22,NE,2,0,30,NA
MO,2013,135,2013-05-15,1,NA,5.4,12,2,25,N,10,2,50,NA
MO,2013,149,2013-05-29,1,NA,5,12,1,23,SW,7,20,30,NA
MO,2013,162,2013-06-11,1,NA,4.3,10,12,25,NA,0,0,70,NA
MO,2013,176,2013-06-25,1,NA,1.9,11,12,21,NA,0,0,100,NA
MO,2013,189,2013-07-08,1,NA,1.1,14,16,27,W,5,5,60,NA
MO,2013,203,2013-07-22,1,NA,1,13,13,25,W,5,10,15,NA
MO,2013,218,2013-08-06,1,NA,1.2,11,13,25,SW,2,0,20,NA
MO,2013,233,2013-08-21,1,NA,1.1,15,15,28,SW,18,30,0,NA
MO,2013,253,2013-09-10,1,NA,1.8,9,11,27,S,7,5,0,NA
MO,2013,274,2013-10-01,1,NA,2,11,13,21,W,18,40,0,NA
MO,2013,303,2013-10-30,1,NA,2.2,11,13,10,E,5,5,100,NA
MO,2014,72,2014-03-13,1,NA,10,12,14,-10,W,15,NA,5,1
MO,2014,120,2014-04-30,1,NA,2.6,10,12,8,W,5,15,90,NA
MO,2014,135,2014-05-15,1,NA,4.5,11,13,11,N,5,10,100,NA
MO,2014,148,2014-05-28,1,NA,4,12,13,23,E,5,15,50,NA
MO,2014,161,2014-06-10,1,NA,1.4,1020,1140,18,NE,10,15,100,NA
MO,2014,174,2014-06-23,1,NA,1.5,1115,1315,28,NA,0,0,60,NA
MO,2014,190,2014-07-09,1,NA,1.4,1030,1230,21,W,12,30,10,NA
MO,2014,202,2014-07-21,1,NA,1.1,1300,1400,27,SE,7,15,20,NA
MO,2014,217,2014-08-05,1,NA,1.1,1115,1315,21,NE,5,7,100,NA
MO,2014,232,2014-08-20,1,NA,1.7,1415,1500,28,NW,2,7,60,NA
MO,2014,251,2014-09-08,1,NA,1.7,1130,1315,23,SE,12,10,40,NA
MO,2014,274,2014-10-01,1,NA,2.2,1100,1200,16,S,10,15,20,NA
MO,2014,309,2014-11-05,1,NA,1.8,930,1130,9,E,3,2,100,NA
MO,2015,65,2015-03-06,1,NA,4.3,1200,1500,-2,SE,20,NA,30,1
MO,2015,92,2015-04-02,1,NA,2.1,1115,1200,12,NW,5,5,100,NA
MO,2015,104,2015-04-14,1,NA,1.9,1045,1215,17,NA,0,0,20,NA
MO,2015,121,2015-05-01,1,NA,2,1230,1330,19,NE,2,0,40,NA
MO,2015,133,2015-05-13,1,NA,5,1200,1330,14,E,5,5,10,NA
MO,2015,147,2015-05-27,1,NA,3,1300,1430,22,NW,7,10,50,NA
MO,2015,160,2015-06-09,1,NA,1.9,1030,1200,24,SW,7,5,90,NA
MO,2015,174,2015-06-23,1,NA,1.5,1300,1400,24,NW,10,20,10,NA
MO,2015,190,2015-07-09,1,NA,1.9,1045,1215,22,SW,2,2,30,NA
MO,2015,203,2015-07-22,1,NA,1.1,1100,1150,24,NW,5,5,70,NA
MO,2015,216,2015-08-04,1,NA,1.4,1045,1215,22,NW,7,15,60,NA
MO,2015,233,2015-08-21,1,NA,1.2,1645,1730,27,SW,12,20,10,NA
MO,2015,247,2015-09-04,1,NA,2.1,1400,1600,28,W,2,2,10,NA
MO,2015,280,2015-10-07,1,NA,2.6,1230,1330,17,N,2,5,30,NA
MO,2015,307,2015-11-03,1,NA,4,1030,1200,18,S,2,2,0,NA
MO,2016,35,2016-02-04,1,NA,4.5,1130,1400,-7,SW,2,NA,100,1
MO,2016,89,2016-03-29,1,NA,1.2,1400,1500,14,S,10,5,10,NA
MO,2016,104,2016-04-13,1,NA,1.6,11,13,8,S,5,20,100,NA
MO,2016,117,2016-04-26,1,1.4,NA,10,11,4,NE,15,20,100,NA
MO,2016,132,2016-05-11,1,NA,4.6,1300,1430,16,E,2,0,100,NA
MO,2016,144,2016-05-23,1,NA,8.6,1230,1330,22,SW,10,10,10,NA
MO,2016,160,2016-06-08,1,NA,4,1140,1300,17,NA,0,0,30,NA
MO,2016,172,2016-06-20,1,NA,3.3,1215,1300,29,NW,10,20,5,NA
MO,2016,188,2016-07-06,1,NA,2.2,1115,1230,24,W,7,25,90,NA
MO,2016,201,2016-07-19,1,NA,1.8,1015,1115,27,E,5,2,50,NA
MO,2016,215,2016-08-02,1,NA,1.6,1100,1315,25,S,5,5,100,NA
MO,2016,229,2016-08-16,1,NA,1.9,1250,1330,27,W,2,10,25,NA
MO,2016,244,2016-08-31,1,NA,3.1,1220,1350,23,N,10,15,10,NA
MO,2016,277,2016-10-03,1,NA,2.8,1100,1200,17,NA,0,0,5,NA
MO,2016,315,2016-11-10,1,NA,2.4,1130,1330,14,W,15,30,0,NA
MO,2017,44,2017-02-13,1,NA,3.4,1100,1400,1,W,15,NA,10,1
MO,2017,109,2017-04-19,1,NA,4.7,1130,1300,14,N,2,1,100,NA
MO,2017,124,2017-05-04,1,NA,6,1230,1330,16,E,7,15,30,NA
MO,2017,136,2017-05-16,1,NA,5.9,1030,1130,22,S,7,15,70,5
MO,2017,151,2017-05-31,1,NA,3.4,1115,1145,16.7,N,5,10,10,5
MO,2017,164,2017-06-13,1,NA,4.7,1015,1130,22.2,NA,0,0,60,6
MO,2017,178,2017-06-27,1,NA,2.4,1120,1150,19,N,10,10,10,NA
MO,2017,192,2017-07-11,1,NA,2,1000,1100,27,NA,0,0,60,NA
MO,2017,206,2017-07-25,1,NA,1.2,1000,1100,21,SW,10,20,75,NA
MO,2017,220,2017-08-08,1,NA,1.4,1045,1245,22,NW,5,10,0,NA
MO,2017,235,2017-08-23,1,NA,1.7,945,1030,17,NW,5,10,30,NA
MO,2017,255,2017-09-12,1,NA,2,1100,1230,20,N,1,0,0,NA
MO,2017,278,2017-10-05,1,NA,2.3,1015,1145,14,S,3,2,100,NA
MO,2017,307,2017-11-03,1,NA,5,1100,1215,1,NE,5,10,5,NA
MO,2018,24,2018-01-24,1,NA,2.3,1230,1400,-4,W,5,NA,100,1
MO,2018,114,2018-04-24,1,NA,2.6,1145,1330,NA,E,2,3,10,NA
MO,2018,135,2018-05-15,1,NA,10.4,1200,1400,22,E,3,5,20,NA
MO,2018,151,2018-05-31,1,NA,5.9,1245,1345,27,W,5,10,40,NA
MO,2018,163,2018-06-12,1,NA,2.1,1030,1215,22,--,0,0,100,NA
MO,2018,177,2018-06-26,1,NA,2.6,1115,1200,20,SE,10,10,100,NA
MO,2018,191,2018-07-10,1,NA,2,1015,1130,27,E,3,5,5,NA
MO,2018,205,2018-07-24,1,NA,1.4,1230,1315,28,NW,10,10,40,NA
MO,2018,219,2018-08-07,1,NA,1.9,1045,1245,22,SE,3,5,100,NA
MO,2018,233,2018-08-21,1,NA,2,1115,1145,20,N,10,20,90,8
MO,2018,249,2018-09-06,1,NA,2.9,1200,1315,21,E,10,25,25,NA
MO,2018,281,2018-10-08,1,NA,1.8,1115,1215,21,SW,10,20,90,9
MO,2018,304,2018-10-31,1,NA,3.9,1130,1230,11,NW,3,5,95,NA
MO,2019,58,2019-02-27,1,NA,1,1230,1345,-7,NW,16,NA,95,1
MO,2019,106,2019-04-16,1,NA,2.7,1230,1345,16,N,5,5,35,NA
MO,2019,120,2019-04-30,1,NA,2.7,1230,1315,7,E,15,15,100,NA
MO,2019,134,2019-05-14,1,NA,7.9,1200,1315,19,SW,3,1,40,NA
MO,2019,149,2019-05-29,1,NA,8.1,1145,1415,20,W,2,0,100,NA
MO,2019,163,2019-06-12,1,NA,4.8,1150,1345,18,NE,3,3,100,NA
MO,2019,177,2019-06-26,1,NA,4.6,1445,1540,28.8,SW,3,5,85,NA
MO,2019,191,2019-07-10,1,NA,2.1,1112,1255,28.8,SW,10,10,5,NA
MO,2019,204,2019-07-23,1,NA,1.5,1140,1255,22.7,N,12,20,25,NA
MO,2019,218,2019-08-06,1,NA,1.2,1215,1415,24,N,6,5,15,NA
MO,2019,233,2019-08-21,1,NA,1,1545,1630,24,nw,7,10,100,NA
MO,2019,248,2019-09-05,1,NA,1.2,1315,1545,20,S,5,10,10,NA
MO,2019,280,2019-10-07,1,NA,1.5,1305,1445,17,NW,8,10,5,NA
MO,2019,302,2019-10-29,1,NA,3,1300,1455,2,NW,8,5,20,NA
MO,2019,329,2019-11-25,1,NA,4.4,1300,1400,8,SW,7,0,100,NA
MO,2020,58,2020-02-27,1,NA,4.4,1500,NA,-2,NW,10,NA,5,1
MO,2020,133,2020-05-12,1,NA,7.5,1130,1400,15,NE,3,2,2,NA
MO,2020,191,2020-07-09,1,NA,1.8,12,14,29,S,5,10,50,NA
MO,2020,261,2020-09-17,1,NA,1.6,1315,1515,17,N,5,5,50,NA
MO,2020,310,2020-11-05,1,NA,2.1,1430,1600,NA,S,1,0,5,NA
MO,2021,62,2021-03-03,1,NA,7.3,16,NA,NA,NA,NA,NA,NA,1
MO,2021,118,2021-04-28,1,NA,8.8,1430,1645,12.6,N,4,3,95,NA
MO,2021,155,2021-06-04,1,NA,5.5,1145,1315,25.8,W,13,20,1,NA
MO,2021,166,2021-06-15,1,NA,2.2,1300,1500,23.5,N,5,10,60,NA
MO,2021,183,2021-07-02,1,NA,2.3,1515,1630,22.5,N,5,10,10,NA
MO,2021,200,2021-07-19,1,NA,1.5,1235,NA,24.8,NW,1,1,10,NA
MO,2021,211,2021-07-30,1,NA,1.3,1415,1515,22,N,1,0,90,NA
MO,2021,225,2021-08-13,1,NA,1.1,1530,1745,25.7,W,9,10,40,NA
MO,2021,252,2021-09-09,1,NA,1,1340,1515,21,W,4,5,70,NA
MO,2021,279,2021-10-06,1,NA,1.6,1415,1530,22.2,NE,7,15,30,NA
MO,2021,312,2021-11-08,1,NA,4.1,1245,1415,14.3,E,3,0,10,NA
MO,2022,32,2022-02-01,1,NA,5.9,1400,1600,6.6,W,10,NA,95,1
MO,2022,139,2022-05-19,1,NA,6,1430,1630,19,SE,14,10,100,NA
MO,2022,166,2022-06-15,1,NA,1.5,11,13,27,SE,7,10,40,NA
MO,2022,180,2022-06-29,1,NA,3.25,1430,NA,25.5,NE,3,0,10,NA
MO,2022,195,2022-07-14,1,NA,1.3,1345,1545,24.3,SE,5,3,30,NA
MO,2022,207,2022-07-26,1,NA,1.2,1415,1545,24.2,N,3,3,60,NA
MO,2022,222,2022-08-10,1,NA,2.1,1330,1630,25.4,NW,4,5,30,NA
MO,2022,236,2022-08-24,1,NA,1.9,1430,1530,25.6,S,11,10,20,NA
MO,2022,251,2022-09-08,1,NA,1.6,1345,1545,25.5,SW,12,13,40,NA
MO,2022,278,2022-10-05,1,NA,1.6,1315,1500,21.6,SW,9,5,50,NA
MO,2022,306,2022-11-02,1,NA,2.3,1315,1430,18.2,SW,14,15,0,NA
MO,2023,97,2023-04-07,1,NA,2.1,1530,1645,10.5,SE,10,10,10,NA
MO,2023,123,2023-05-03,1,NA,6.3,1515,1630,12.1,N,5,0,20,NA
MO,2023,135,2023-05-15,1,NA,7.25,1330,1445,17,NW,5,3,60,NA
MO,2023,150,2023-05-30,1,NA,6.75,1115,1230,24.6,SE,2,0,30,NA
MO,2023,165,2023-06-14,1,NA,2.1,1130,1245,21.3,N,2,1,100,NA
MO,2023,178,2023-06-27,1,NA,2,1130,1230,20.3,N,7,7,100,NA
MO,2023,192,2023-07-11,1,NA,2,1200,1330,21.8,N,6,5,NA,NA
MO,2023,206,2023-07-25,1,NA,1.9,1040,1130,26,NE,6,6,0,NA
MO,2023,220,2023-08-08,1,NA,2,1130,1320,25,W,12,8,50,NA
MO,2023,235,2023-08-23,1,NA,2.1,1210,1250,30.9,W,11,15,15,NA
MO,2023,249,2023-09-06,1,NA,1.9,1015,1200,24,W,11,10,100,NA
MO,2023,263,2023-09-20,1,NA,1.8,945,1100,20,S,7,10,95,NA
MO,2023,278,2023-10-05,1,NA,1.9,1230,1345,20.1,S,6,4,5,NA
MO,2023,293,2023-10-20,1,NA,2.75,1104,1220,11.3,NW,14,25,20,NA
MO,2023,312,2023-11-08,1,NA,5,1100,1215,9,E,7,5,100,NA
MO,2024,66,2024-03-06,1,NA,2,1345,NA,19,W,7,3,40,NA
MO,2024,101,2024-04-10,1,NA,1.75,1120,1300,5.5,E,12,8,0,NA
MO,2024,109,2024-04-18,1,NA,1.5,1245,1415,8.7,SW,1,2,100,NA
MO,2024,120,2024-04-29,1,NA,3,1300,1400,16.4,SW,15,20,70,NA
MO,2024,135,2024-05-14,1,NA,5.5,1130,1345,10.3,NE,8,10,100,NA
MO,2024,150,2024-05-29,1,NA,5,1100,1230,15.6,NW,10,10,25,NA
MO,2024,162,2024-06-10,1,NA,3.4,1115,1245,17,N,10,8,0,NA
MO,2024,176,2024-06-24,1,NA,1.9,1030,1150,28,NW,10,4,50,NA
MO,2024,190,2024-07-08,1,NA,1.1,100,230,26.7,NW,3,2,100,NA
MO,2024,191,2024-07-09,1,NA,1.1,1300,1430,26.7,NW,3,2,100,NA
MO,2024,207,2024-07-25,1,NA,1,1040,1140,23,E,1,3,40,NA
MO,2024,218,2024-08-05,1,NA,1,1115,1300,24.4,NE,6,4,100,NA
MO,2024,234,2024-08-21,1,NA,1,1130,1215,19.4,NA,0,0,5,NA
MO,2024,248,2024-09-04,1,NA,1.2,1100,1245,22.2,S,8,6,0,NA
MO,2024,263,2024-09-19,1,NA,1,1130,1300,25.5,S,7,10,40,NA
MO,2024,277,2024-10-03,1,NA,1.6,1215,1415,19.1,E,10,10,0,NA
MO,2024,296,2024-10-22,1,NA,2.5,1130,1230,14.7,S,11,20,100,NA
MO,2024,311,2024-11-06,1,NA,2.1,1353,1545,8.8,NW,10,10,100,NA
MO,2024,319,2024-11-14,1,NA,2.6,1130,1315,8.2,NW,11,10,100,NA
MO,2025,57,2025-02-26,1,NA,1.8,1330,1500,8,SW,10,NA,100,1
MO,2025,84,2025-03-25,1,NA,1.5,1145,1345,3.4,N,3,10,0,NA
MO,2025,112,2025-04-22,1,NA,2,1300,1440,13.4,S,8,15,60,NA
MO,2025,121,2025-05-01,1,NA,6.8,1300,1500,9.9,N,5,10,100,NA
MO,2025,133,2025-05-13,1,NA,6,1100,1230,16.8,N,4,5,100,NA
MO,2025,149,2025-05-29,1,NA,4.75,1045,1215,16,W,7,20,10,NA
MO,2025,162,2025-06-11,1,NA,3.5,1100,1230,26,NW,2,2,90,NA
MO,2025,176,2025-06-25,1,NA,2.5,1200,1400,22.4,SE,5,10,100,NA
MO,2025,189,2025-07-08,1,NA,2.5,1100,1235,26,SW,4,1,95,NA
MO,2025,203,2025-07-22,1,NA,1.7,1100,1245,27,SE,9,7,10,NA
MO,2025,217,2025-08-05,1,NA,1.1,1135,1400,25,SE,6,5,10,NA
MO,2025,232,2025-08-20,1,NA,1.3,1300,1345,23.8,NE,7,20,90,NA
MO,2025,246,2025-09-03,1,NA,1.3,1115,1245,19,NW,14,15,100,NA
MO,2025,260,2025-09-17,1,NA,1.2,1130,1315,23.6,S,1,1,5,NA
MO,2025,274,2025-10-01,1,NA,1.4,1130,1330,20.7,SE,5,5,50,NA
MO,2025,288,2025-10-15,1,NA,2,1030,1330,13,E,7,5,100,NA
MO,2025,314,2025-11-10,1,NA,3,1145,1400,1,NW,13,15,80,NA
MO,2025,324,2025-11-20,1,NA,5,1115,1245,7.2,S,9,7,100,NA
SP,1981,155,1981-06-04,1,NA,NA,NA,NA,24.8,S,NA,NA,NA,NA
SP,1981,167,1981-06-16,1,6.8,NA,NA,NA,16,W,7,NA,NA,NA
SP,1981,181,1981-06-30,1,6.6,NA,NA,NA,23,NA,NA,NA,0,NA
SP,1981,197,1981-07-16,1,6.3,NA,NA,NA,24.6,NA,NA,NA,NA,NA
SP,1981,208,1981-07-27,1,6.6,NA,NA,NA,22.5,S,NA,NA,NA,NA
SP,1981,223,1981-08-11,1,6.8,NA,NA,NA,26,SW,5,1,40,NA
SP,1981,237,1981-08-25,1,7.2,NA,NA,NA,NA,SE,NA,3,85,NA
SP,1981,258,1981-09-15,1,7.1,NA,NA,NA,NA,NNW,10,18,25,NA
SP,1981,265,1981-09-22,1,6.8,NA,NA,NA,10.6,E,5,8,40,NA
SP,1981,292,1981-10-19,1,5.5,NA,NA,NA,6,NA,8,15,95,NA
SP,1981,336,1981-12-02,1,3.9,NA,NA,NA,0,NA,2,3,99,NA
SP,1982,20,1982-01-20,1,NA,5.9,1020,1202,-13.2,NE,5,NA,99,1
SP,1982,55,1982-02-24,1,NA,4.7,1034,1234,-6,NE,5,NA,99,1
SP,1982,95,1982-04-05,1,NA,3.2,1400,1600,-7.7,NE,10,NA,99,1
SP,1982,132,1982-05-12,1,3.9,3.3,948,1107,12,NA,7,5,99,NA
SP,1982,147,1982-05-27,1,NA,5,1423,1627,21,E,3,15,99,NA
SP,1982,161,1982-06-10,1,7.2,5.6,958,1215,14.5,W,13,8,50,NA
SP,1982,174,1982-06-23,1,8.5,7.3,1030,1245,19.1,NA,0,3,85,NA
SP,1982,189,1982-07-08,1,NA,7.3,1010,1240,20.6,W,9,4,5,NA
SP,1982,201,1982-07-20,1,7.6,6.4,1116,1250,22.3,SW,2,8,70,NA
SP,1982,214,1982-08-02,1,6.9,5.5,1214,1448,18.3,S,7,8,99,NA
SP,1982,229,1982-08-17,1,8.6,8.3,1007,1217,22.3,NA,0,0,0,NA
SP,1982,252,1982-09-09,1,7.8,6.8,1443,1700,22.8,SW,14,5,10,NA
SP,1982,263,1982-09-20,1,7.6,6.8,1105,1245,9.8,N,15,20,99,NA
SP,1982,280,1982-10-07,1,9,6.3,1000,1200,7,SW,10,10,99,NA
SP,1982,292,1982-10-19,1,8.3,6.3,1050,1255,6,N,7,10,99,NA
SP,1982,314,1982-11-10,1,6.1,4.7,1015,1218,1.8,SSE,7,10,99,NA
SP,1982,336,1982-12-02,1,7.6,6,1258,1500,11.7,SW,8,5,99,NA
SP,1983,13,1983-01-13,1,NA,5.4,1103,1315,-3.3,NA,0,NA,95,1
SP,1983,55,1983-02-24,1,NA,5.5,1350,1630,-7,N,9,NA,70,1
SP,1983,87,1983-03-28,1,NA,1.8,1045,1305,3,N,5,NA,0,1
SP,1983,131,1983-05-11,1,4.3,4.1,1030,1235,15.2,S,4,3,0,NA
SP,1983,145,1983-05-25,1,4,3.6,1002,1235,5.5,N,12,10,60,NA
SP,1983,160,1983-06-09,1,6.9,5.2,940,1230,16,NW,3,4,0,NA
SP,1983,172,1983-06-21,1,7.8,7,1515,1720,25,S,1,2,99,NA
SP,1983,189,1983-07-08,1,6.1,5.3,1030,1300,26,S,1,1,0,NA
SP,1983,202,1983-07-21,1,8.1,7.7,1010,1300,23,S,1,1,10,NA
SP,1983,213,1983-08-01,1,NA,7.4,1020,1255,22.5,N,8,15,30,NA
SP,1983,228,1983-08-16,1,8.1,7,1447,1705,27,S,1,1,40,NA
SP,1983,249,1983-09-06,1,8,7.8,1004,1243,18,S,3,7,96,NA
SP,1983,270,1983-09-27,1,8.9,7.3,1550,1826,21.8,S,5,3,0,NA
SP,1983,290,1983-10-17,1,9,7.6,1435,1618,10.7,W,10,10,0,NA
SP,1983,306,1983-11-02,1,7,5.9,1305,1502,10.3,N,2,2,99,NA
SP,1983,319,1983-11-15,1,3.7,3.4,918,1033,1.8,N,15,3,99,NA
SP,1983,333,1983-11-29,1,5.1,4.1,938,1105,-0.6,N,5,2,99,NA
SP,1984,6,1984-01-06,1,NA,3.2,937,1120,-1.4,NW,10,NA,30,1
SP,1984,58,1984-02-27,1,NA,5.2,1418,1600,-1.3,N,5,NA,20,1
SP,1984,101,1984-04-10,1,NA,4.1,1125,1308,5.7,N,5,NA,99,1
SP,1984,117,1984-04-26,1,3.6,3.5,1533,1653,18.7,S,NA,7,0,NA
SP,1984,130,1984-05-09,1,3,2.9,1355,1522,9.8,N,7,6,5,NA
SP,1984,142,1984-05-21,1,3.1,2.9,1300,1558,22.3,S,10,10,97,NA
SP,1984,156,1984-06-04,1,3.7,2.7,1018,1248,22,S,5,3,10,NA
SP,1984,172,1984-06-20,1,4.5,3.6,1450,1654,20.2,S,4,2,99,NA
SP,1984,187,1984-07-05,1,7.3,6.6,1320,NA,22,W,5,4,99,NA
SP,1984,198,1984-07-16,1,8.2,7,1430,1639,22.4,WNW,7,3,99,NA
SP,1984,213,1984-07-31,1,8.8,7.1,915,1152,22,SW,7,3,90,NA
SP,1984,229,1984-08-16,1,8.4,7.7,1404,1620,26.1,NE,6,4,25,NA
SP,1984,249,1984-09-05,1,7.2,6.9,1408,1655,15.3,W,1,3,50,NA
SP,1984,269,1984-09-25,1,NA,NA,1020,1236,7,NW,3,2,99,NA
SP,1984,291,1984-10-17,1,NA,6.4,900,1112,5,SW,7,7,45,NA
SP,1984,312,1984-11-07,1,NA,3.2,907,1125,3.6,SSE,5,4,99,NA
SP,1984,331,1984-11-26,1,NA,4.4,1000,1150,6,SW,10,5,99,NA
SP,1985,11,1985-01-11,1,NA,NA,950,1158,-11.7,NW,3,NA,99,1
SP,1985,58,1985-02-27,1,NA,8,940,1149,-11,NA,0,NA,0,1
SP,1985,85,1985-03-26,1,NA,10.3,924,1115,3.2,NA,0,NA,99,1
SP,1985,101,1985-04-11,1,NA,NA,1034,1130,4,NA,3,NA,0,1
SP,1985,119,1985-04-29,1,5,4.5,1350,1610,20.2,S,10,8,0,NA
SP,1985,135,1985-05-15,1,3.7,2.6,1345,1542,15.2,S,1,2,99,NA
SP,1985,149,1985-05-29,1,4.7,4.8,1447,1700,14,S,3,3,99,NA
SP,1985,161,1985-06-10,1,6.4,5.2,924,1149,15.5,WNW,3,4,50,NA
SP,1985,176,1985-06-25,1,7.8,6,914,1130,18.5,SE,10,5,99,NA
SP,1985,191,1985-07-10,1,9.8,7,1307,1543,14.5,W,2,0,99,NA
SP,1985,203,1985-07-22,1,8.4,7,1315,1529,22,N,8,7,18,NA
SP,1985,217,1985-08-05,1,9.1,7.6,947,1130,23,SE,5,2,80,NA
SP,1985,231,1985-08-19,1,7.8,5.7,1422,1647,14,NW,10,4,99,NA
SP,1985,253,1985-09-10,1,9.1,7.5,1000,1215,13.5,N,9,14,95,NA
SP,1985,273,1985-09-30,1,7.4,5.9,1321,1450,6,N,14,13,99,NA
SP,1985,296,1985-10-23,1,5.9,4.6,1303,1445,12,S,11,30,99,NA
SP,1985,315,1985-11-11,1,4.1,3.1,910,1025,-4,E,6,8,95,NA
SP,1986,14,1986-01-14,1,NA,3.2,935,1140,-7.5,NW,11,NA,50,1
SP,1986,58,1986-02-27,1,NA,5.2,1032,1215,-9.2,N,9,NA,0,1
SP,1986,114,1986-04-24,1,4,3.5,838,1020,13.5,S,7,4,50,NA
SP,1986,127,1986-05-07,1,3.6,3,840,1015,9.3,W,6,2,99,NA
SP,1986,139,1986-05-19,1,5.4,4.7,1350,1540,15,N,9,9,10,NA
SP,1986,154,1986-06-03,1,7.1,5.9,937,1123,18.5,S,20,15,30,NA
SP,1986,167,1986-06-16,1,7.8,6.3,1315,NA,17.5,NW,18,10,10,NA
SP,1986,181,1986-06-30,1,8.7,7.7,925,1110,19.5,E,8,3,5,NA
SP,1986,195,1986-07-14,1,8.5,6.2,925,1210,19,SE,8,3,99,NA
SP,1986,210,1986-07-29,1,8.4,7,916,1106,26,NNW,3,2,0,NA
SP,1986,223,1986-08-11,1,7.1,5.2,910,1200,NA,NW,13,5,5,NA
SP,1986,237,1986-08-25,1,6.9,5,923,1140,18,S,10,5,0,NA
SP,1986,251,1986-09-08,1,6.9,5.5,1338,1600,19.8,W,20,10,5,NA
SP,1986,265,1986-09-22,1,6.1,4.8,915,1050,15,SW,5,0,99,NA
SP,1986,280,1986-10-07,1,5.9,5.2,923,1210,17,S,15,5,10,NA
SP,1986,294,1986-10-21,1,6.2,6,936,NA,14,NA,0,0,5,NA
SP,1986,316,1986-11-12,1,3.7,3,1030,1300,-12,NW,20,10,50,NA
SP,1987,14,1987-01-14,1,NA,4.1,915,1105,-0.5,N,3,NA,80,1
SP,1987,55,1987-02-24,1,NA,5.6,927,1145,-4,NW,1,NA,0,1
SP,1987,83,1987-03-24,1,NA,7.4,850,1040,9,SE,10,NA,99,1
SP,1987,110,1987-04-20,1,5.2,4.4,845,1029,19,SSW,12,13,95,NA
SP,1987,125,1987-05-05,1,4.1,4,844,1000,14,SW,2,1,2,NA
SP,1987,140,1987-05-20,1,5.9,5.3,918,1131,NA,SW,3,2,99,NA
SP,1987,153,1987-06-02,1,6.9,5.8,908,1045,NA,SW,4,2,1,NA
SP,1987,162,1987-06-11,1,7.2,6,825,1000,NA,S,5,4,99,NA
SP,1987,180,1987-06-29,1,8.1,7.9,919,1059,NA,N,7,4,70,NA
SP,1987,194,1987-07-13,1,NA,NA,857,1059,NA,N,6,4,80,NA
SP,1987,210,1987-07-29,1,8.2,7.5,940,1138,NA,NA,0,0,30,NA
SP,1987,223,1987-08-11,1,8.2,6.5,932,1130,NA,S,10,7,3,NA
SP,1987,238,1987-08-26,1,8.2,6.8,854,1003,NA,E,3,3,98,NA
SP,1987,251,1987-09-08,1,8,7.1,828,1043,NA,W,3,2,99,NA
SP,1987,264,1987-09-21,1,7.2,4.8,903,1048,NA,NNE,18,10,99,NA
SP,1987,278,1987-10-05,1,6.1,4.6,855,1120,NA,SE,14,7,99,NA
SP,1987,293,1987-10-20,1,4.4,3.8,1340,1532,NA,SW,5,3,99,NA
SP,1987,306,1987-11-02,1,3.2,2.7,1205,1405,NA,S,6,4,99,NA
SP,1987,320,1987-11-16,1,4,3.2,910,1055,NA,S,13,13,99,NA
SP,1988,19,1988-01-19,1,7.8,5,935,1115,-4,ENE,5,NA,99,1
SP,1988,60,1988-02-29,1,9.5,5.8,950,1215,-3,NE,9,NA,99,1
SP,1988,95,1988-04-04,1,8.8,7.5,1000,1200,8,S,3,NA,99,1
SP,1988,116,1988-04-25,1,4.1,3.7,947,1136,14,SW,8,6,10,NA
SP,1988,130,1988-05-09,1,7,6,910,1125,13,SSW,8,8,99,NA
SP,1988,145,1988-05-24,1,9.9,8.3,1312,1620,14,NE,15,10,5,NA
SP,1988,158,1988-06-06,1,8.8,6.9,849,1046,25,S,5,2,0,NA
SP,1988,173,1988-06-21,1,6.2,5.2,902,1134,19,N,8,4,99,NA
SP,1988,187,1988-07-05,1,7.5,6.9,904,1031,30,E,10,5,0,NA
SP,1988,200,1988-07-18,1,8.8,8.4,909,1144,25,S,1,1,95,NA
SP,1988,214,1988-08-01,1,8.6,7.9,842,1030,25,E,6,3,70,NA
SP,1988,229,1988-08-16,1,8.9,7,1334,1542,31,SW,10,5,45,NA
SP,1988,242,1988-08-29,1,7.8,6.7,914,1104,15,W,10,5,75,NA
SP,1988,256,1988-09-12,1,7.4,6,1324,1537,14,NW,10,6,99,NA
SP,1988,271,1988-09-27,1,5.1,4.5,1329,1454,13,NW,13,6,95,NA
SP,1988,284,1988-10-10,1,5.2,5,902,1211,10,N,23,30,95,NA
SP,1988,298,1988-10-24,1,5.1,4.6,911,1103,2,NW,15,13,99,NA
SP,1988,313,1988-11-08,1,5.1,4.3,857,1038,2,W,5,2,83,NA
SP,1989,12,1989-01-12,1,4.3,4.1,1405,1535,NA,SW,15,NA,5,1
SP,1989,54,1989-02-23,1,7.9,3.9,1200,1330,-8,S,6,NA,1,1
SP,1989,88,1989-03-29,1,11.5,9.7,1345,1505,3,SW,5,NA,50,1
SP,1989,121,1989-05-01,1,4.3,4.2,952,1202,9,NW,5,2,70,NA
SP,1989,137,1989-05-17,1,5.6,4.8,855,1030,18,S,18,8,0,NA
SP,1989,150,1989-05-30,1,5.8,4.7,900,1126,9.5,E,8,5,100,NA
SP,1989,164,1989-06-13,1,6.2,5.5,1300,1440,13.5,NA,0,1,100,NA
SP,1989,177,1989-06-26,1,7.6,5.8,1208,1424,24.5,W,10,4,100,NA
SP,1989,191,1989-07-10,1,7.2,6.5,837,1014,24,E,3,3,0,NA
SP,1989,205,1989-07-24,1,7.9,7.5,840,1043,25,NA,0,0,2,NA
SP,1989,220,1989-08-08,1,8.3,6.4,1155,1323,21.5,NE,10,4,30,NA
SP,1989,233,1989-08-21,1,8.5,7.6,825,1020,17.5,NE,8,4,100,NA
SP,1989,248,1989-09-05,1,7.9,6.9,1252,1414,22.5,W,3,6,5,NA
SP,1989,261,1989-09-18,1,7.7,6.5,834,1026,18.5,S,10,18,0,NA
SP,1989,275,1989-10-02,1,7.3,5.8,835,955,8,NW,14,9,98,NA
SP,1989,289,1989-10-16,1,6.6,5.5,1158,1359,6,N,15,23,100,NA
SP,1989,305,1989-11-01,1,5.2,4.2,835,1001,3.5,W,8,4,98,NA
SP,1989,318,1989-11-14,1,5,3.6,826,1013,3,NE,8,7,100,NA
SP,1990,17,1990-01-17,1,8.4,7.5,1010,1210,NA,NW,13,NA,100,1
SP,1990,50,1990-02-19,1,8.9,4.9,1010,1200,-13,W,14,NA,0,1
SP,1990,87,1990-03-28,1,6.7,7,1057,1207,7,NE,5,NA,95,1
SP,1990,120,1990-04-30,1,4.2,3.1,1201,1355,11.5,SW,8,5,40,NA
SP,1990,135,1990-05-15,1,7.6,6.2,856,1030,11,NE,7,3,100,NA
SP,1990,149,1990-05-29,1,8.9,7.9,1353,1554,19,NNE,13,5,0,NA
SP,1990,165,1990-06-14,1,7.5,7,840,1017,23,NW,9,2,30,NA
SP,1990,177,1990-06-26,1,9.3,8.4,1233,1445,26.5,NW,15,3,30,NA
SP,1990,191,1990-07-10,1,7.9,7.1,1216,1337,26.5,N,8,4,60,NA
SP,1990,204,1990-07-23,1,7.5,6.3,1332,1530,24,W,8,2,50,NA
SP,1990,219,1990-08-07,1,7,6.9,845,951,24.5,NW,3,2,50,NA
SP,1990,233,1990-08-21,1,8.1,7.5,1210,1400,24,N,8,3,20,NA
SP,1990,247,1990-09-04,1,7.7,6.7,835,1008,24.5,SW,8,2,70,NA
SP,1990,262,1990-09-19,1,6.3,5.1,847,1030,16,N,13,4,80,NA
SP,1990,275,1990-10-02,1,6,5.8,838,1015,14,S,8,2,15,NA
SP,1990,289,1990-10-16,1,4.9,4.5,1206,1357,16,S,8,2,85,NA
SP,1990,304,1990-10-31,1,3.5,3.4,833,1005,11,S,8,2,5,NA
SP,1990,316,1990-11-12,1,3.2,2.9,910,1120,-1,NW,10,3,50,NA
SP,1991,16,1991-01-16,1,4.1,3.4,930,1100,-3,W,2,NA,100,1
SP,1991,50,1991-02-19,1,5.1,3.9,945,1113,0,NA,0,NA,100,1
SP,1991,84,1991-03-25,1,6.9,6.4,1430,1645,11,S,10,NA,70,1
SP,1991,127,1991-05-07,1,3.8,3.2,1327,1534,10,N,8,5,60,NA
SP,1991,142,1991-05-22,1,6.2,4.9,854,1046,23,S,4,4,95,NA
SP,1991,154,1991-06-03,1,6.2,5.2,852,1114,26,NE,10,8,15,NA
SP,1991,170,1991-06-19,1,6.5,5.4,845,1112,25,N,10,7,10,NA
SP,1991,182,1991-07-01,1,5.3,4.3,900,1119,19,S,13,8,100,NA
SP,1991,197,1991-07-16,1,4.7,4,956,1143,28,S,13,8,25,NA
SP,1991,211,1991-07-30,1,5.9,5.4,833,1018,18,N,7,3,5,NA
SP,1991,224,1991-08-12,1,6.9,6.4,833,1017,25,S,2,0,0,NA
SP,1991,240,1991-08-28,1,6.2,5.1,1221,1400,28,S,10,5,20,NA
SP,1991,252,1991-09-09,1,5.7,4.6,1218,1408,26,S,7,3,90,NA
SP,1991,266,1991-09-23,1,5,4.2,851,1140,11,N,8,4,80,NA
SP,1991,280,1991-10-07,1,4.3,3.6,1321,1517,12,SSE,5,3,90,NA
SP,1991,315,1991-11-11,1,3.4,3,1348,1521,0,SW,3,2,100,NA
SP,1992,14,1992-01-14,1,NA,4,1355,1515,-9,NW,2,NA,100,1
SP,1992,61,1992-03-01,1,7.4,3.6,1245,1450,6,N,5,NA,50,1
SP,1992,87,1992-03-27,1,5.6,5.2,1300,1440,4,N,3,NA,0,1
SP,1992,127,1992-05-06,1,4,3.3,850,NA,13,SW,5,0,0,NA
SP,1992,140,1992-05-19,1,4.2,3.9,1455,1630,25,S,4,10,0,NA
SP,1992,154,1992-06-02,1,7,6.5,915,1209,24,SW,1,0,0,NA
SP,1992,167,1992-06-15,1,7.8,7.7,1127,1248,20,SE,8,13,100,NA
SP,1992,182,1992-06-30,1,6.6,6.4,822,1037,NA,NA,0,0,0,NA
SP,1992,196,1992-07-14,1,8.8,7.4,900,1018,24,SE,3,2,5,NA
SP,1992,211,1992-07-29,1,6.4,5.4,840,1047,20,W,2,2,0,NA
SP,1992,224,1992-08-11,1,5.6,4.6,1335,1525,19,N,8,4,90,NA
SP,1992,237,1992-08-24,1,5.4,4.4,945,1248,26.5,S,18,13,5,NA
SP,1992,252,1992-09-08,1,4.9,4.4,1315,1545,18.5,NW,7,8,5,NA
SP,1992,268,1992-09-24,1,4.3,4,1408,1556,19.2,SW,15,13,0,NA
SP,1992,279,1992-10-05,1,4.5,3.4,1154,1336,19.5,SW,8,7,0,NA
SP,1992,294,1992-10-20,1,3.7,3.7,1506,1751,4.5,NE,8,5,100,NA
SP,1992,314,1992-11-09,1,2.9,2.5,1343,1533,7,W,8,10,100,NA
SP,1993,13,1993-01-13,1,4.5,3.3,945,1145,-3.5,SE,18,NA,100,1
SP,1993,60,1993-03-01,1,4.8,3.8,1515,1700,11,SW,5,NA,5,1
SP,1993,81,1993-03-22,1,5.4,3.4,1415,1555,4.5,NW,3,NA,15,1
SP,1993,124,1993-05-04,1,4,3.9,945,NA,11,N,2,1,100,NA
SP,1993,138,1993-05-18,1,3.5,2.4,956,1204,11.5,N,12,17,85,NA
SP,1993,152,1993-06-01,1,4.5,3.4,1415,1640,16.5,NW,10,5,95,NA
SP,1993,165,1993-06-14,1,5.8,4.9,1302,1458,19.5,NW,20,10,100,NA
SP,1993,181,1993-06-30,1,5.5,3.8,831,1041,15.9,SE,7,8,100,NA
SP,1993,195,1993-07-14,1,5.4,4.3,1046,1215,25.5,NE,4,10,50,NA
SP,1993,208,1993-07-27,1,5.3,4.2,900,1210,27.5,S,3,2,95,NA
SP,1993,223,1993-08-11,1,7.5,7.3,808,1030,30.4,S,3,1,0,NA
SP,1993,235,1993-08-23,1,8.9,7.5,1418,1735,30.6,S,13,11,10,NA
SP,1993,251,1993-09-08,1,8.8,7.5,909,1105,12.9,SW,2,2,85,NA
SP,1993,266,1993-09-23,1,7,6.2,936,1203,14.5,SW,15,5,0,NA
SP,1993,278,1993-10-05,1,6.1,5.3,1406,1540,16,SW,2,5,0,NA
SP,1993,291,1993-10-18,1,5.5,4,856,1159,9,SW,5,5,100,NA
SP,1993,314,1993-11-10,1,3.4,3.3,910,1135,1,SW,2,1,5,NA
SP,1994,12,1994-01-12,1,NA,3.6,1345,1535,-10,WNW,10,NA,100,1
SP,1994,52,1994-02-21,1,NA,8.8,1230,1350,-6,NW,8,NA,0,1
SP,1994,87,1994-03-28,1,NA,2.5,1300,1420,2,NW,8,NA,100,1
SP,1994,125,1994-05-05,1,2.5,2.4,905,1045,4,NW,5,5,90,NA
SP,1994,136,1994-05-16,1,3,3.2,923,1048,11,NE,8,5,2,NA
SP,1994,152,1994-06-01,1,2.9,4.9,1356,1545,16,N,15,6,20,NA
SP,1994,166,1994-06-15,1,4.9,4.7,922,1117,20.5,NA,0,0,100,NA
SP,1994,178,1994-06-27,1,7,3.9,1339,1522,27,S,13,8,60,NA
SP,1994,193,1994-07-12,1,5.5,4.4,1245,1505,29,W,13,7,80,NA
SP,1994,208,1994-07-27,1,5.9,4.5,850,1040,23,N,5,6,75,NA
SP,1994,221,1994-08-09,1,5.1,4.9,855,1025,19,E,1,1,15,NA
SP,1994,236,1994-08-24,1,NA,NA,950,1205,23,W,7,2,60,NA
SP,1994,249,1994-09-06,1,7.1,5.6,950,1133,18,N,13,4,80,NA
SP,1994,264,1994-09-21,1,5.9,5.6,920,1205,23,S,8,5,95,NA
SP,1994,276,1994-10-03,1,5,2.9,1230,1400,13,N,5,4,85,NA
SP,1994,290,1994-10-17,1,4.7,3.7,1230,1440,16,SE,8,4,100,NA
SP,1994,305,1994-11-01,1,5,3.7,900,1040,5,NW,5,5,10,NA
SP,1994,320,1994-11-16,1,3.4,3.2,910,1125,8,S,8,8,70,NA
SP,1995,9,1995-01-09,1,NA,2.8,1200,1520,NA,S,5,NA,40,1
SP,1995,51,1995-02-20,1,NA,3.7,925,1145,1,N,12,NA,100,1
SP,1995,83,1995-03-24,1,NA,6.4,1010,1200,7,N,5,NA,0,1
SP,1995,122,1995-05-02,1,5.1,4.6,1300,1615,16,SW,5,5,40,NA
SP,1995,135,1995-05-15,1,8.3,7.5,905,1225,19,NE,8,5,25,NA
SP,1995,151,1995-05-31,1,6,5.2,921,1315,30,SW,10,7,1,NA
SP,1995,165,1995-06-14,1,8.2,6.9,839,1050,29,SE,7,5,1,NA
SP,1995,178,1995-06-27,1,7.7,6,846,1114,25,SE,2,2,100,NA
SP,1995,192,1995-07-11,1,5.8,4.9,1228,1401,28,SE,4,3,85,NA
SP,1995,205,1995-07-24,1,5.8,4.8,1308,1530,30,SW,8,5,40,NA
SP,1995,219,1995-08-07,1,6.3,5.8,1254,1424,25,SE,8,6,90,NA
SP,1995,234,1995-08-22,1,8.1,7.7,915,1135,24,S,6,7,0,NA
SP,1995,249,1995-09-06,1,10.7,9.8,832,1021,23,S,12,8,70,NA
SP,1995,262,1995-09-19,1,8.4,7,856,1157,11,NE,8,10,100,NA
SP,1995,276,1995-10-03,1,7.9,7.3,1309,1355,15.5,SE,3,2,95,NA
SP,1995,291,1995-10-18,1,7.4,6.5,836,1037,8,SE,10,5,30,NA
SP,1995,304,1995-10-31,1,5.8,5.2,830,1010,5,N,5,3,30,NA
SP,1995,317,1995-11-13,1,5,4.8,1005,1200,0.5,SW,8,5,15,NA
SP,1996,24,1996-01-24,1,NA,4.9,1235,1430,-10,SW,NA,NA,15,1
SP,1996,52,1996-02-21,1,NA,6.2,1024,1245,-2,N,5,NA,0,1
SP,1996,92,1996-04-01,1,NA,4.5,1045,1300,0,N,10,NA,20,1
SP,1996,135,1996-05-14,1,4.7,4.6,1345,1533,10,S,13,8,100,NA
SP,1996,150,1996-05-29,1,5.5,5.2,940,1205,17,N,4,3,1,NA
SP,1996,162,1996-06-10,1,5.5,5.4,930,1315,24,S,2,0,80,NA
SP,1996,178,1996-06-26,1,6.6,6.1,1520,1650,21,SW,10,15,60,NA
SP,1996,192,1996-07-10,1,5.9,5.9,805,1125,22,NW,7,7,1,NA
SP,1996,207,1996-07-25,1,6.2,6,905,1050,19,W,5,14,98,NA
SP,1996,221,1996-08-08,1,6.5,6.3,955,1250,23,N,10,15,65,NA
SP,1996,233,1996-08-20,1,7.2,6.2,930,1200,24,N,7,7,90,NA
SP,1996,249,1996-09-05,1,7.8,7.4,845,1120,26,S,7,3,0,NA
SP,1996,262,1996-09-18,1,7.3,6.8,843,1030,15.5,N,7,6,0,NA
SP,1996,274,1996-09-30,1,6.5,5.9,1430,1640,15.5,SE,5,3,20,NA
SP,1996,289,1996-10-15,1,6.6,6.2,1400,1530,14.5,SW,6,5,0,NA
SP,1996,311,1996-11-06,1,4.4,3.9,930,1125,7,S,6,5,100,NA
SP,1997,14,1997-01-14,1,NA,7,1128,1310,-10,SE,3,NA,2,1
SP,1997,48,1997-02-17,1,NA,4.4,1350,1530,2,S,10,NA,65,1
SP,1997,84,1997-03-25,1,NA,4,1110,1242,1.5,W,10,NA,100,1
SP,1997,126,1997-05-06,1,3.4,3.4,1000,1140,8,N,20,5,5,NA
SP,1997,141,1997-05-21,1,4,3.9,1355,1506,14,N,3,5,5,NA
SP,1997,155,1997-06-04,1,7.6,6.4,910,1200,23,W,3,3,60,NA
SP,1997,169,1997-06-18,1,5.7,4.9,1030,1500,17,NE,13,8,100,NA
SP,1997,182,1997-07-01,1,5.7,5.3,1315,1505,28,NE,1,3,40,NA
SP,1997,198,1997-07-17,1,6.3,6.2,835,955,24,S,3,2,50,NA
SP,1997,210,1997-07-29,1,8.1,7.4,1330,1543,24.5,N,3,2,50,NA
SP,1997,225,1997-08-13,1,7.5,6.8,920,1015,18.5,NW,8,6,40,NA
SP,1997,240,1997-08-28,1,8.1,7,920,1152,17,N,3,3,100,NA
SP,1997,252,1997-09-09,1,7.3,5.5,1440,1622,19,N,8,9,70,NA
SP,1997,267,1997-09-24,1,7.2,5.6,834,1100,15,NW,13,5,5,NA
SP,1997,280,1997-10-07,1,5.6,4.8,1205,1338,17,S,8,9,100,NA
SP,1997,297,1997-10-24,1,4.8,4.7,1030,1240,3,N,13,6,10,NA
SP,1997,314,1997-11-10,1,3.1,2.6,1411,1550,-2,NW,8,3,100,NA
SP,1998,12,1998-01-12,1,NA,2.1,1200,1345,-14,W,4,NA,100,1
SP,1998,54,1998-02-23,1,NA,6.1,1055,1300,3,S,13,NA,100,1
SP,1998,77,1998-03-18,1,NA,2.7,1327,1450,0,E,20,NA,100,1
SP,1998,110,1998-04-20,1,4.5,4.1,950,1125,9,N,5,3,60,NA
SP,1998,125,1998-05-05,1,6.4,5.6,905,1015,13,W,3,2,1,NA
SP,1998,139,1998-05-19,1,4.4,3.7,950,1206,25,N,11,3,0,NA
SP,1998,152,1998-06-01,1,6,5.2,909,1055,16,S,15,8,75,NA
SP,1998,166,1998-06-15,1,7.7,6.4,910,1145,26,NE,6,3,35,NA
SP,1998,180,1998-06-29,1,8.2,7.7,1230,1430,25,W,11,4,60,NA
SP,1998,195,1998-07-14,1,7.5,6.7,1400,1610,31,S,10,8,40,NA
SP,1998,208,1998-07-27,1,7.3,6.9,910,1045,21,NW,11,6,5,NA
SP,1998,224,1998-08-12,1,8.3,8,900,1100,23,S,6,2,10,NA
SP,1998,238,1998-08-26,1,7.4,7.3,1330,1500,29,SW,2,1,45,NA
SP,1998,252,1998-09-09,1,7.9,7.4,1332,1550,22.4,S,3,3,3,NA
SP,1998,267,1998-09-24,1,8.1,6.1,730,855,12,S,5,2,100,NA
SP,1998,279,1998-10-06,1,6.8,6.8,900,1110,12,W,10,5,100,NA
SP,1998,293,1998-10-20,1,8.3,7.9,930,1050,5.5,W,10,5,100,NA
SP,1998,316,1998-11-12,1,3.8,3.3,930,1115,-1,NW,7,2,50,NA
SP,1999,18,1999-01-18,1,NA,4.8,1105,1250,0,W,10,NA,100,1
SP,1999,54,1999-02-23,1,NA,5.2,1036,1245,NA,S,15,NA,25,1
SP,1999,83,1999-03-24,1,NA,5.4,940,1102,-2.5,N,10,NA,15,1
SP,1999,124,1999-05-04,1,4.2,3.6,1026,1320,21.6,S,15,13,50,NA
SP,1999,140,1999-05-20,1,6.7,5.2,932,1128,17.2,SW,18,11,100,NA
SP,1999,153,1999-06-02,1,4.5,4.3,1022,1324,15,N,13,5,100,NA
SP,1999,167,1999-06-16,1,6.6,6.4,944,1141,21.4,SW,8,4,65,NA
SP,1999,182,1999-07-01,1,8.7,8.6,942,1236,23.8,NA,0,0,50,NA
SP,1999,196,1999-07-15,1,7.5,7.4,1008,1156,29.4,NE,3,2,10,NA
SP,1999,209,1999-07-28,1,8.8,8.7,1415,1645,25.1,S,13,4,25,NA
SP,1999,222,1999-08-10,1,5.8,5.8,956,1151,17.5,N,6,3,100,NA
SP,1999,235,1999-08-23,1,8.5,8.2,1534,1745,17.9,W,13,4,100,NA
SP,1999,252,1999-09-09,1,7,7,938,1134,12.3,NW,8,3,100,NA
SP,1999,266,1999-09-23,1,8.5,8.2,952,1235,13.4,NW,15,8,40,NA
SP,1999,281,1999-10-08,1,6.7,6.5,1023,1202,11.9,SW,3,1,100,NA
SP,1999,292,1999-10-19,1,6.3,6,1327,1537,5,S,8,3,100,NA
SP,1999,314,1999-11-10,1,4,3.7,1005,1213,2.9,W,18,10,100,NA
SP,2000,18,2000-01-18,1,NA,2.6,1120,1325,-7,W,8,NA,30,1
SP,2000,53,2000-02-22,1,NA,4.3,1145,1325,7.1,SW,8,NA,50,1
SP,2000,97,2000-04-06,1,3.8,3.1,1050,1235,3.8,NW,8,5,100,NA
SP,2000,109,2000-04-18,1,2.8,2.8,1436,1540,8,SW,10,5,100,NA
SP,2000,123,2000-05-02,1,3.7,3.5,945,1140,14,SE,3,1,80,NA
SP,2000,138,2000-05-17,1,5.8,5.4,945,1050,16.1,NA,0,0,50,NA
SP,2000,151,2000-05-30,1,5.3,4.7,1419,1603,16.2,S,5,2,100,NA
SP,2000,165,2000-06-13,1,5.1,4.3,1035,1200,22.5,S,8,2,100,NA
SP,2000,179,2000-06-27,1,5.5,5.3,950,1230,16.5,W,10,2,60,NA
SP,2000,194,2000-07-12,1,3.7,2,955,1140,19.1,S,7,4,100,NA
SP,2000,208,2000-07-26,1,4.7,4.4,920,1140,19.8,S,12,5,100,NA
SP,2000,221,2000-08-08,1,5,4.9,952,1122,21,W,6,1,100,NA
SP,2000,234,2000-08-21,1,6.8,4.2,1532,1815,22.1,S,6,3,100,NA
SP,2000,250,2000-09-06,1,7.8,5,942,1114,15.4,NW,7,9,60,NA
SP,2000,262,2000-09-18,1,7,4.2,1412,1620,28.6,E,3,5,70,NA
SP,2000,277,2000-10-03,1,7.6,5.9,1353,1511,15.3,NE,5,2,99,NA
SP,2000,291,2000-10-17,1,5.6,5.6,1517,1702,15.8,E,2,2,0,NA
SP,2000,306,2000-11-01,1,6.4,4.9,954,1117,14,WNW,13,6,100,NA
SP,2000,321,2000-11-16,1,4.5,3.5,1023,1210,1.6,W,13,5,100,NA
SP,2001,22,2001-01-22,1,NA,6.6,1205,1340,-3,S,8,NA,99,1
SP,2001,59,2001-02-28,1,NA,5,1325,1500,-5.2,SW,5,NA,40,1
SP,2001,93,2001-04-03,1,6.9,NA,1330,1450,6,N,5,NA,10,1
SP,2001,93,2001-04-03,1,6.9,NA,1330,1450,6,N,5,NA,10,1
SP,2001,120,2001-04-30,1,3.5,3,1335,1605,21,SSW,20,8,100,NA
SP,2001,134,2001-05-14,1,5.6,5.1,942,1205,13.3,ESE,13,12,70,NA
SP,2001,149,2001-05-29,1,8.1,7.9,945,1250,18.3,NE,10,5,1,NA
SP,2001,162,2001-06-11,1,6.7,6.6,1320,1605,26,NW,4,1,100,NA
SP,2001,177,2001-06-26,1,4.4,4.7,1330,1550,32,W,9,3,5,NA
SP,2001,190,2001-07-09,1,8.3,8.3,1330,1505,29.2,E,1,1,90,NA
SP,2001,205,2001-07-24,1,9.7,9.5,915,1130,25.3,NE,7,7,20,NA
SP,2001,218,2001-08-06,1,9.5,8.7,930,1120,30.2,NW,5,2,100,NA
SP,2001,232,2001-08-20,1,8.7,8.3,1310,1530,26,S,4,4,20,NA
SP,2001,247,2001-09-04,1,8.5,7.2,1400,1545,23,N,2,3,15,NA
SP,2001,261,2001-09-18,1,7.1,6.8,1400,1607,21.1,S,1,1,100,NA
SP,2001,275,2001-10-02,1,7.6,6.5,915,1032,16.8,NA,0,0,50,NA
SP,2001,288,2001-10-15,1,5.3,4.5,915,1110,8.5,WNW,3,2,100,NA
SP,2001,302,2001-10-29,1,3.4,3.3,910,1012,6,ENE,7,5,85,NA
SP,2001,319,2001-11-15,1,4.6,3.9,940,1120,14.8,SSW,4,2,75,NA
SP,2002,16,2002-01-16,1,NA,5.3,1045,1225,-6,SW,4,NA,100,1
SP,2002,59,2002-02-28,1,NA,4.4,1150,1415,-5,NNW,10,NA,70,1
SP,2002,91,2002-04-01,1,NA,4.4,1125,1300,3,NA,0,NA,80,1
SP,2002,113,2002-04-23,1,4.4,3.5,1015,1155,7,S,7,5,100,NA
SP,2002,127,2002-05-07,1,4,3.6,1010,1125,6.6,N,7,5,100,NA
SP,2002,142,2002-05-22,1,4.1,3.8,1343,1515,20,W,18,20,10,NA
SP,2002,156,2002-06-05,1,4.8,4.7,1215,1335,27,E,5,3,25,NA
SP,2002,170,2002-06-19,1,5.9,5.6,1350,1520,20,S,18,15,100,NA
SP,2002,184,2002-07-03,1,6.1,5.9,835,1030,25,NA,0,2,90,NA
SP,2002,198,2002-07-17,1,6.7,6.2,845,1030,29,N,5,2,5,NA
SP,2002,211,2002-07-30,1,6.4,6.4,910,1105,24.6,W,8,5,5,NA
SP,2002,226,2002-08-14,1,5.5,5.2,1220,1355,23,SW,8,15,60,NA
SP,2002,241,2002-08-29,1,6.8,5.9,845,950,21,S,8,5,10,NA
SP,2002,255,2002-09-12,1,6.5,6.1,755,935,25,S,3,1,0,NA
SP,2002,269,2002-09-26,1,5.9,4.3,910,1025,6.2,S,4,0,100,NA
SP,2002,282,2002-10-09,1,5.3,4.6,915,1055,7.9,NW,3,0,95,NA
SP,2002,297,2002-10-24,1,3.5,3.7,910,1015,2.1,NA,0,0,5,NA
SP,2002,311,2002-11-07,1,3.4,3.3,910,1055,1.9,SSW,16,15,95,NA
SP,2003,15,2003-01-15,1,NA,4,1335,1505,-9.3,W,2,NA,0,1
SP,2003,65,2003-03-06,1,NA,3,1040,1340,-8,SSW,18,NA,30,1
SP,2003,92,2003-04-02,1,NA,2.9,1020,1150,1,N,7,NA,100,1
SP,2003,119,2003-04-29,1,4.3,3.1,1108,1830,13,NW,2,1,50,NA
SP,2003,134,2003-05-14,1,4.1,2.8,1005,1143,23,SE,4,5,60,NA
SP,2003,150,2003-05-30,1,4.4,4.1,1045,1300,17,S,7,8,100,NA
SP,2003,160,2003-06-09,1,5.3,5,1356,1520,25,NA,0,0,87,NA
SP,2003,174,2003-06-23,1,6.8,5.3,1044,1246,23,S,7,3,99,NA
SP,2003,188,2003-07-07,1,6.9,5.9,1308,1421,31,W,7,2,40,NA
SP,2003,202,2003-07-21,1,6.8,5.7,1237,1430,19,N,15,8,100,NA
SP,2003,216,2003-08-04,1,5.5,6.5,1355,1515,29,N,7,5,37,NA
SP,2003,232,2003-08-20,1,8.5,8.1,1210,1500,28,SE,5,10,50,NA
SP,2003,246,2003-09-03,1,7.9,7.5,1230,1410,NA,NW,7,3,95,NA
SP,2003,259,2003-09-16,1,8.2,7.6,1006,1300,21.7,SSE,5,3,15,NA
SP,2003,274,2003-10-01,1,6.9,6,857,1045,4.5,NW,13,6,60,NA
SP,2003,287,2003-10-14,1,5.8,4.9,1347,1555,12.4,NW,12,6,50,NA
SP,2003,301,2003-10-28,1,6.4,6.4,900,1050,6,S,4,2,100,NA
SP,2003,317,2003-11-13,1,3.4,3.4,1055,1255,3,NW,6,4,5,NA
SP,2004,12,2004-01-12,1,NA,2.8,1140,1305,-5,W,6,NA,100,1
SP,2004,49,2004-02-18,1,NA,4.4,1155,1340,5,SW,4,NA,30,1
SP,2004,98,2004-04-07,1,NA,7.6,1107,1225,13,SE,2,NA,70,1
SP,2004,121,2004-04-30,1,3.4,2.9,930,1055,12,NA,0,0,100,NA
SP,2004,131,2004-05-10,1,3.1,3,1040,1135,17,NW,5,4,100,NA
SP,2004,145,2004-05-24,1,4.1,4,1105,1330,8,NNE,5,4,100,NA
SP,2004,159,2004-06-07,1,5.4,5.1,1410,1630,32,SSW,19,20,10,NA
SP,2004,174,2004-06-22,1,4.1,4,1415,1630,18,SSW,7,3,90,NA
SP,2004,188,2004-07-06,1,4.9,4.8,1230,1400,14,ESE,4,6,100,NA
SP,2004,203,2004-07-21,1,5,4.5,910,1100,22,S,8,8,100,NA
SP,2004,215,2004-08-02,1,5.4,5.2,915,1050,26,WSW,2,1,100,NA
SP,2004,229,2004-08-16,1,5.1,5,1350,1715,15,NNW,3,6,100,NA
SP,2004,243,2004-08-30,1,5.7,5.6,1342,1435,21,W,2,3,50,NA
SP,2004,257,2004-09-13,1,6,6.1,950,1234,24.5,S,13,8,3,NA
SP,2004,273,2004-09-29,1,7.2,6.8,940,1126,12.5,SW,3,2,1,NA
SP,2004,285,2004-10-11,1,6.1,5.9,909,1235,11.5,SW,4,2,25,NA
SP,2004,299,2004-10-25,1,6.3,5.7,938,1111,8.5,NW,5,2,100,NA
SP,2004,315,2004-11-10,1,4.2,4.1,858,1041,8.5,NA,0,0,100,NA
SP,2005,19,2005-01-19,1,NA,4.5,1150,1315,-8,NNW,7,NA,100,1
SP,2005,56,2005-02-25,1,NA,4,1105,1305,-4,NNE,5,NA,100,1
SP,2005,96,2005-04-06,1,NA,5.4,1325,1452,3,N,3,NA,100,1
SP,2005,110,2005-04-20,1,4.4,4,1010,1205,6,N,7,5,100,NA
SP,2005,122,2005-05-02,1,4,2.9,950,1120,0,NW,6,3,100,NA
SP,2005,139,2005-05-19,1,4.2,3.8,1015,1146,13,SE,8,5,100,NA
SP,2005,152,2005-06-01,1,6.1,5.8,935,1115,23,SSE,9,10,10,NA
SP,2005,164,2005-06-13,1,9.2,9.1,955,1235,30,SSE,6,2,96,NA
SP,2005,178,2005-06-27,1,9.3,7.4,1216,1335,33,S,7,3,40,NA
SP,2005,193,2005-07-12,1,7.2,7.9,1430,1642,37,NE,3,1,60,NA
SP,2005,206,2005-07-25,1,8.9,7.5,1333,1446,30,S,5,3,95,NA
SP,2005,221,2005-08-09,1,8,7.7,958,1155,21,WNW,5,3,100,NA
SP,2005,234,2005-08-22,1,7.3,6.3,836,948,17,NE,9,7,75,NA
SP,2005,251,2005-09-08,1,8.3,8,955,1139,17,NA,0,0,90,NA
SP,2005,262,2005-09-19,1,8.2,7.4,935,1059,15.5,NE,5,2,100,NA
SP,2005,276,2005-10-03,1,6.8,5.5,1243,1424,21.5,SE,7,4,100,NA
SP,2005,290,2005-10-17,1,6,5.7,1307,1420,15.5,W,18,10,85,NA
SP,2005,319,2005-11-15,1,3.2,3.1,1159,1319,2.5,NE,5,3,100,NA
SP,2006,17,2006-01-17,1,NA,3.9,1035,1210,-5,W,2,NA,100,1
SP,2006,44,2006-02-13,1,NA,3.9,1045,1225,-6,NA,0,NA,90,1
SP,2006,90,2006-03-31,1,NA,6.1,1140,1300,7,S,8,NA,100,1
SP,2006,110,2006-04-20,1,3.2,2.4,1405,1530,14,SSW,10,7,50,NA
SP,2006,122,2006-05-02,1,3.4,3.4,1330,1420,14,SW,5,3,100,NA
SP,2006,138,2006-05-18,1,5.4,5,1330,1547,10,NW,8,7,15,NA
SP,2006,151,2006-05-31,1,5.8,4.7,1500,1630,28,N,7,2,20,NA
SP,2006,166,2006-06-15,1,3.8,5.7,1450,1720,25,S,6,NA,70,NA
SP,2006,179,2006-06-28,1,4.7,4.1,1235,1400,19,NNE,3,4,70,NA
SP,2006,193,2006-07-12,1,7.3,7.3,755,1015,23,NA,0,0,5,NA
SP,2006,207,2006-07-26,1,8,6,1225,1455,26,NW,6,1,75,NA
SP,2006,221,2006-08-09,1,8.1,6.3,1225,1430,26,SSW,6,4,60,NA
SP,2006,236,2006-08-24,1,8.2,5.8,1005,1120,20,ESE,6,4,75,NA
SP,2006,251,2006-09-08,1,7.5,6.7,1017,1213,12,NE,16,12,100,NA
SP,2006,264,2006-09-21,1,7.7,7.3,915,1045,13,S,3,4,15,NA
SP,2006,277,2006-10-04,1,7.3,6.3,941,1220,12,N,15,25,5,NA
SP,2006,292,2006-10-19,1,5.4,4.4,915,1039,2,W,3,1,100,NA
SP,2006,303,2006-10-30,1,3.7,3.1,936,1114,7,SE,6,7,45,NA
SP,2007,15,2007-01-15,1,NA,2.6,1230,1410,-10,N,10,NA,100,1
SP,2007,51,2007-02-20,1,NA,4.5,940,1125,-3,SE,5,NA,0,1
SP,2007,87,2007-03-28,1,NA,6.5,1415,1525,3,SE,15,NA,100,1
SP,2007,114,2007-04-24,1,3.6,3.6,1420,1610,17,NA,0,0,70,NA
SP,2007,129,2007-05-09,1,5.4,4.6,1035,1155,17,SSW,3,2,100,NA
SP,2007,141,2007-05-21,1,5.6,4,1450,1723,18,S,5,2,10,NA
SP,2007,157,2007-06-06,1,5.9,5.5,950,1110,17,S,6,3,1,NA
SP,2007,170,2007-06-19,1,5.7,4.8,1330,1515,19,W,7,4,90,NA
SP,2007,183,2007-07-02,1,7.2,5.3,1310,1430,20,SE,6,3,100,NA
SP,2007,197,2007-07-16,1,6.2,5.1,930,1100,23,S,5,2,1,NA
SP,2007,204,2007-07-23,1,6.1,5.2,1235,1415,21,SW,4,2,100,NA
SP,2007,211,2007-07-30,1,8.3,7.3,1203,1331,28,WSW,6,3,2,NA
SP,2007,225,2007-08-13,1,7.4,7.1,1325,1525,24,SE,5,3,0,NA
SP,2007,239,2007-08-27,1,7.7,6.8,920,1040,20,NW,9,5,80,NA
SP,2007,254,2007-09-11,1,7.4,6.5,946,1127,10,N,18,30,100,NA
SP,2007,267,2007-09-24,1,6.6,5.8,1258,1428,25.5,SW,20,17,60,NA
SP,2007,283,2007-10-10,1,6.7,5.4,942,1108,7,N,13,15,100,NA
SP,2007,296,2007-10-23,1,5.5,5,1200,1303,9,S,9,4,95,NA
SP,2007,316,2007-11-12,1,3.5,3.4,930,1058,4,NW,6,3,80,NA
SP,2008,17,2008-01-17,1,NA,4.1,1010,1135,-10,N,6,NA,100,1
SP,2008,63,2008-03-03,1,NA,6.5,1050,1236,-7,NW,7,NA,2,1
SP,2008,87,2008-03-27,1,NA,6.3,1010,1154,-4,N,5,NA,60,1
SP,2008,134,2008-05-13,1,3.9,3.6,1125,1325,17,SW,20,15,90,NA
SP,2008,140,2008-05-19,1,NA,4.9,1045,1152,16,N,0,1,95,NA
SP,2008,154,2008-06-02,1,7,6.6,1015,1318,15,N,7,2,100,NA
SP,2008,170,2008-06-18,1,7.9,7.1,1007,1222,23,N,8,10,0,NA
SP,2008,183,2008-07-01,1,6.6,6,1627,1936,22,SW,6,6,8,NA
SP,2008,197,2008-07-15,1,7,6.5,1500,1631,31,NW,6,5,35,NA
SP,2008,211,2008-07-29,1,5.6,5.1,1000,1217,21,SE,8,7,100,NA
SP,2008,225,2008-08-12,1,8.4,5.8,1030,1200,22,S,6,2,100,NA
SP,2008,238,2008-08-25,1,8.4,8.5,1411,1618,24,SW,3,1,0,NA
SP,2008,252,2008-09-08,1,9.4,9.2,1302,1411,18,S,5,1,40,NA
SP,2008,267,2008-09-23,1,7.2,6,1320,1445,23,S,15,15,10,NA
SP,2008,281,2008-10-07,1,8.4,6.6,908,1012,11,SE,9,6,100,NA
SP,2008,294,2008-10-20,1,7,6.4,930,1050,7,N,14,15,50,NA
SP,2008,317,2008-11-12,1,4.3,3.9,905,1025,1,SE,7,5,100,NA
SP,2009,20,2009-01-20,1,NA,3.7,1025,1150,-10,NW,4,NA,100,1
SP,2009,55,2009-02-24,1,NA,4.4,1420,1555,-1,S,8,NA,2,1
SP,2009,79,2009-03-20,1,NA,5.9,1215,1403,-3,S,7,NA,100,1
SP,2009,119,2009-04-29,1,3.5,3,1503,1618,10,SSE,18,4,100,NA
SP,2009,133,2009-05-13,1,3.2,2.4,1135,1232,10,S,7,4,100,NA
SP,2009,147,2009-05-27,1,6.4,4.9,1100,1335,9,NNE,8,6,100,NA
SP,2009,161,2009-06-10,1,6.6,6.3,1354,1522,13,NA,0,0,100,NA
SP,2009,176,2009-06-25,1,8.2,7.4,1210,1450,27,NW,8,5,2,NA
SP,2009,190,2009-07-09,1,6.2,5.8,935,1127,18,S,12,7,50,NA
SP,2009,203,2009-07-22,1,9,8.1,904,1135,20,SE,5,3,75,NA
SP,2009,218,2009-08-06,1,7.9,7.1,956,1149,19,NW,10,5,35,NA
SP,2009,231,2009-08-19,1,8.9,7.3,1336,1545,23,SSE,9,10,100,NA
SP,2009,246,2009-09-03,1,7.6,6.6,1338,1446,24,NW,1,1,3,NA
SP,2009,260,2009-09-17,1,8.1,7.1,939,1140,19,NE,6,1,50,NA
SP,2009,274,2009-10-01,1,7.1,6.1,901,1024,9,SE,7,3,33,NA
SP,2009,287,2009-10-14,1,6.7,5.8,914,1151,4,ENE,5,2,95,NA
SP,2009,302,2009-10-29,1,4.3,3.3,853,1015,8,SSE,5,4,100,NA
SP,2009,315,2009-11-11,1,4.1,3.2,1322,1457,5,SSE,9,3,95,NA
SP,2010,12,2010-01-12,1,NA,3.6,1250,1420,-6,SW,10,NA,10,1
SP,2010,42,2010-02-11,1,NA,4.2,1210,1355,-6,NNW,8,NA,1,1
SP,2010,102,2010-04-12,1,NA,3,1422,1600,16,NW,4,1,85,NA
SP,2010,117,2010-04-27,1,4.1,3.2,1045,1214,10,NNE,8,4,0,NA
SP,2010,130,2010-05-10,1,3.9,3.3,949,1125,12,5,7,3,85,NA
SP,2010,144,2010-05-24,1,4.8,2.7,1030,1235,28,S,8,7,80,NA
SP,2010,159,2010-06-08,1,7.1,5.5,1340,1600,22,S,5,4,100,NA
SP,2010,172,2010-06-21,1,7,4.5,1220,1350,28,SE,7,5,90,NA
SP,2010,187,2010-07-06,1,6.7,6.7,1341,1600,25,N,4,0,60,NA
SP,2010,201,2010-07-20,1,6.5,6.1,915,1035,24,S,6,4,100,NA
SP,2010,215,2010-08-03,1,7.8,7.2,1209,1356,30,NW,7,5,15,NA
SP,2010,229,2010-08-17,1,7.9,7.4,1224,1332,22,W,7,5,10,NA
SP,2010,244,2010-09-01,1,6.3,4.6,1008,1230,22,N,5,5,20,NA
SP,2010,257,2010-09-14,1,7.1,6.3,925,1105,18,N,6,2,80,NA
SP,2010,271,2010-09-28,1,7.1,5.8,1353,1540,15,N,5,5,85,NA
SP,2010,285,2010-10-12,1,7.8,6.5,849,1010,15,S,1,1,5,NA
SP,2010,299,2010-10-26,1,NA,4.3,905,1030,NA,S,30,NA,100,NA
SP,2010,315,2010-11-11,1,5.7,5.2,1342,1636,9,WSW,4,3,10,NA
SP,2011,18,2011-01-18,1,NA,6.4,1115,1250,-10,NNE,15,NA,100,1
SP,2011,45,2011-02-14,1,NA,8.9,1335,1455,3,WSW,5,NA,75,1
SP,2011,80,2011-03-21,1,NA,4.4,1035,1156,2,NW,6,NA,100,1
SP,2011,123,2011-05-03,1,4.1,3.7,1420,1620,8,N,8,10,15,NA
SP,2011,136,2011-05-16,1,4.1,2.8,1200,1403,13,N,8,15,0,NA
SP,2011,154,2011-06-03,1,4.8,3.9,944,1200,17,SSE,9,10,99,NA
SP,2011,164,2011-06-13,1,5.1,4.4,1415,1614,24,ESE,9,9,4,NA
SP,2011,179,2011-06-28,1,6.6,5.5,1308,1530,22,NNE,8,15,60,NA
SP,2011,192,2011-07-11,1,6.9,6.5,1225,1420,34,NNE,6,6,20,NA
SP,2011,207,2011-07-26,1,7.2,6.4,945,1133,31,NNE,3,4,1,NA
SP,2011,220,2011-08-08,1,7,5.6,1012,1152,27,ESE,5,6,90,NA
SP,2011,234,2011-08-22,1,8.9,8.3,1518,1806,21,S,6,4,10,NA
SP,2011,249,2011-09-06,1,9.8,8.4,1408,1545,20,NNW,3,1,15,NA
SP,2011,263,2011-09-20,1,8.8,6.6,1430,1630,16,SSE,10,15,100,NA
SP,2011,277,2011-10-04,1,8.7,8.1,915,1059,18,SSW,5,2,5,NA
SP,2011,290,2011-10-17,1,8.3,7,957,1152,11.5,WNW,8,5,70,NA
SP,2011,304,2011-10-31,1,5.2,4.4,950,1132,8,NA,0,0,100,NA
SP,2011,319,2011-11-15,1,3.4,3.3,923,1124,5,SSE,5,2,95,NA
SP,2012,12,2012-01-12,1,NA,3.4,1140,1315,-10,N,9,NA,100,1
SP,2012,52,2012-02-21,1,NA,4.1,1015,1141,0,SSW,5,NA,100,1
SP,2012,93,2012-04-02,1,3.7,3.6,1410,1542,12,S,7,5,70,NA
SP,2012,108,2012-04-17,1,4.8,4.6,1050,1153,8,SW,7,2,10,NA
SP,2012,123,2012-05-02,1,3.9,3.7,1027,1147,17,SW,6,2,100,NA
SP,2012,137,2012-05-16,1,6.1,4.4,1425,1523,18,N,2,3,10,NA
SP,2012,152,2012-05-31,1,5.7,5.1,1419,1615,21,NNE,4,5,35,NA
SP,2012,166,2012-06-14,1,6.3,4.6,906,1019,15,ESE,8,8,100,NA
SP,2012,179,2012-06-27,1,5.3,4.1,936,1124,27,NNE,7,12,4,NA
SP,2012,194,2012-07-12,1,6.1,5.7,914,1016,30,ENE,2,1,5,NA
SP,2012,207,2012-07-25,1,7.5,7.1,1350,1520,24,WNW,3,1,100,NA
SP,2012,222,2012-08-09,1,7,5.1,1054,1225,12,ESE,4,5,100,NA
SP,2012,236,2012-08-23,1,5.5,3.8,942,1156,25,SSE,6,2,100,NA
SP,2012,249,2012-09-05,1,7.1,4.1,934,1136,18,NW,6,3,80,NA
SP,2012,261,2012-09-17,1,6,4.4,1007,1214,12,NNW,9,10,90,NA
SP,2012,278,2012-10-04,1,7.2,6.6,853,1035,13,S,8,7,70,NA
SP,2012,293,2012-10-19,1,3.8,3.1,938,1103,9,NE,8,3,80,NA
SP,2012,305,2012-10-31,1,3.4,2.4,930,1115,1.5,NNW,9,10,50,NA
SP,2012,317,2012-11-12,1,4.1,3.2,1004,1155,-3,SW,15,4,80,NA
SP,2013,14,2013-01-14,1,NA,5.7,1335,1450,-11,SSW,8,NA,100,1
SP,2013,56,2013-02-25,1,NA,5.8,1340,1500,1,NA,0,NA,100,1
SP,2013,88,2013-03-29,1,NA,7,1335,1455,6,N,1,NA,1,1
SP,2013,136,2013-05-16,1,4.2,4.2,1500,1630,19,NNE,8,5,10,NA
SP,2013,162,2013-06-11,1,5.5,5.1,1015,1250,24,W,8,2,45,NA
SP,2013,176,2013-06-25,1,6,5.7,930,1100,27,N,4,2,45,NA
SP,2013,189,2013-07-08,1,5.3,4.9,1525,1740,27,N,5,8,25,NA
SP,2013,217,2013-08-05,1,5.1,4.1,1510,1720,20,S,2,3,100,NA
SP,2013,233,2013-08-21,1,6.7,5.2,950,1130,24,S,6,10,20,NA
SP,2013,247,2013-09-04,1,6.2,5.5,1429,1611,21,N,5,5,15,NA
SP,2013,275,2013-10-02,1,6.7,6.3,949,1134,19,WSW,4,2,10,NA
SP,2013,302,2013-10-29,1,5.3,4.5,1327,1514,3,E,4,4,100,NA
SP,2013,317,2013-11-13,1,4.3,3.3,1014,1220,5,S,14,10,65,NA
SP,2014,30,2014-01-30,1,NA,4.1,1315,1500,-8,N,9,NA,100,1
SP,2014,48,2014-02-17,1,NA,4.9,1225,1350,-4,SSE,10,NA,100,1
SP,2014,83,2014-03-24,1,NA,4.6,1235,1356,-5,W,9,NA,15,1
SP,2014,139,2014-05-19,1,3.4,2.6,1057,1415,14,S,8,10,100,NA
SP,2014,154,2014-06-03,1,5.4,4.6,930,1120,18.1,WSW,4,3,75,NA
SP,2014,168,2014-06-17,1,5.4,5.3,955,1240,33,N,6,2,5,NA
SP,2014,182,2014-07-01,1,5.3,4.5,925,1105,22,S,5,3,100,NA
SP,2014,195,2014-07-14,1,4.9,4.5,1430,1700,22,N,5,9,60,NA
SP,2014,209,2014-07-28,1,6.1,5.2,945,1125,24,N,10,8,10,NA
SP,2014,224,2014-08-12,1,7.7,6.2,1320,1520,23,NW,8,15,0,NA
SP,2014,237,2014-08-25,1,7.7,7.4,930,1045,25,S,8,6,97,NA
SP,2014,251,2014-09-08,1,NA,5.4,1012,1303,22,SSE,12,6,75,NA
SP,2014,265,2014-09-22,1,8.3,6.1,1320,1427,18,WNW,5,3,15,NA
SP,2014,281,2014-10-08,1,8.2,7,1429,1629,10,W,6,4,5,NA
SP,2014,294,2014-10-21,1,7.3,6.2,935,1115,7,SSW,7,7,1,NA
SP,2014,314,2014-11-10,1,4.2,3.8,1000,1120,-1,NNE,5,4,100,NA
SP,2015,14,2015-01-14,1,NA,6.3,1315,1430,-6,SW,3,NA,100,1
SP,2015,55,2015-02-24,1,NA,6.4,1120,1245,-2,WNW,5,NA,50,1
SP,2015,83,2015-03-24,1,NA,5.8,1124,1230,2,SE,8,NA,3,1
SP,2015,113,2015-04-23,1,4.1,3.1,1450,1620,6,N,6,8,0,NA
SP,2015,125,2015-05-05,1,5.4,4.7,1410,1520,20,SE,1,1,10,NA
SP,2015,138,2015-05-18,1,4.9,7.8,1100,1355,9,SW,7,3,100,NA
SP,2015,152,2015-06-01,1,9.6,6.9,952,1206,24,ESE,3,3,2,NA
SP,2015,168,2015-06-17,1,6.8,5.4,939,1146,16,S,5,1,99,NA
SP,2015,180,2015-06-29,1,7.2,4.7,1212,1331,29,S,6,1,65,NA
SP,2015,196,2015-07-15,1,6.9,5.9,1407,1606,27,SSE,2,5,20,NA
SP,2015,209,2015-07-28,1,8,5.4,1240,1350,26,SSE,21,10,99,NA
SP,2015,223,2015-08-11,1,8.2,6.7,1341,1550,26,N,11,5,45,NA
SP,2015,236,2015-08-24,1,8.3,7.2,1055,1225,14,WNW,6,3,100,NA
SP,2015,251,2015-09-08,1,9.7,8.9,1005,1240,24,N,5,1,20,NA
SP,2015,266,2015-09-23,1,9.2,8.4,1355,1522,22,NNE,7,5,90,NA
SP,2015,280,2015-10-07,1,11.3,10.8,1311,1502,17,NA,0,0,40,NA
SP,2015,294,2015-10-21,1,8,6.4,1329,1447,17,W,10,4,95,NA
SP,2015,321,2015-11-17,1,4.6,4,955,1203,10,SSE,9,15,100,NA
SP,2016,21,2016-01-21,1,NA,3.8,1200,1320,-6,NA,0,NA,100,1
SP,2016,67,2016-03-07,1,NA,3.9,1200,1320,11,SE,5,NA,85,1
SP,2016,117,2016-04-26,1,3.5,3.2,1450,1635,10,NNE,8,8,5,NA
SP,2016,131,2016-05-10,1,3.8,3.7,1433,1545,13,SSE,4,4,100,NA
SP,2016,145,2016-05-24,1,5.3,4.1,1000,1230,22,SW,4,3,100,NA
SP,2016,158,2016-06-06,1,6.1,5,930,1105,16,NW,8,7,100,NA
SP,2016,172,2016-06-20,1,7.1,5.8,920,1200,23.5,NW,7,10,30,NA
SP,2016,188,2016-07-06,1,5.7,4.4,1230,1410,28,N,6,8,45,NA
SP,2016,203,2016-07-21,1,8.3,7,945,1210,31,SW,2,5,35,NA
SP,2016,215,2016-08-02,1,7.4,7.4,945,1115,19,N,8,10,100,NA
SP,2016,231,2016-08-18,1,6.6,6.5,1400,1700,27,WS,6,5,90,NA
SP,2016,243,2016-08-30,1,7.1,5,930,1100,25,N,4,2,90,NA
SP,2016,256,2016-09-12,1,7.4,4.4,1305,1515,26,S,9,6,5,NA
SP,2016,272,2016-09-28,1,7.8,7.2,920,1045,11,N,7,7,90,NA
SP,2016,286,2016-10-12,1,6.7,6.4,1310,1540,10,NW,11,4,100,NA
SP,2016,298,2016-10-24,1,5.8,5.6,1140,1315,6,WNW,5,3,30,NA
SP,2016,321,2016-11-16,1,5.1,4.6,930,1130,6,S,3,2,100,NA
SP,2017,17,2017-01-17,1,NA,3.9,1055,1230,5,NA,0,NA,98,1
SP,2017,53,2017-02-22,1,NA,6.9,1300,1420,3,NA,0,NA,100,1
SP,2017,86,2017-03-27,1,NA,4.4,1115,1250,4,NA,0,NA,100,1
SP,2017,107,2017-04-17,1,3.2,3,1030,1305,7,N,7,5,100,NA
SP,2017,122,2017-05-02,1,4.9,3.9,1200,1310,5,N,14,20,85,NA
SP,2017,137,2017-05-17,1,5.2,4.9,955,1130,16,NA,0,0,100,NA
SP,2017,151,2017-05-31,1,3.9,3.1,1007,1154,17,NW,13,12,20,NA
SP,2017,163,2017-06-12,1,3.7,3,1023,1347,27,N,5,4,5,NA
SP,2017,179,2017-06-28,1,4.4,3.8,909,1030,16,S,8,6,100,NA
SP,2017,191,2017-07-10,1,4.2,3.8,1410,1625,29,NA,0,0,50,NA
SP,2017,206,2017-07-25,1,5.6,4.6,925,1105,20,S,9,5,90,NA
SP,2017,221,2017-08-09,1,6.7,4.6,1210,1400,24,SW,7,3,85,NA
SP,2017,233,2017-08-21,1,7.5,7.2,900,1010,25,NA,0,0,20,NA
SP,2017,248,2017-09-05,1,7.4,5.3,909,1124,13,NNW,7,4,90,NA
SP,2017,262,2017-09-19,1,7.8,6.4,1236,1452,20,S,8,15,10,NA
SP,2017,275,2017-10-02,1,7.2,5.8,1255,1441,18,SSE,10,20,85,NA
SP,2017,290,2017-10-17,1,7.7,6.8,932,1054,15,SSW,5,5,30,NA
SP,2017,317,2017-11-13,1,3.3,2.9,1236,1407,2,S,6,4,100,NA
SP,2018,15,2018-01-15,1,NA,3,1140,1344,-7,E,7,NA,100,1
SP,2018,53,2018-02-22,1,NA,3,1330,1517,2,SSE,7,NA,99,1
SP,2018,85,2018-03-26,1,NA,5.1,1325,1455,7,SSE,9,NA,75,1
SP,2018,135,2018-05-15,1,4,3.7,850,1103,15,NNE,3,3,0,NA
SP,2018,150,2018-05-30,1,5.1,4.2,923,1120,26,N,5,4,80,NA
SP,2018,162,2018-06-11,1,5.7,5.3,944,1245,25,SE,6,10,20,NA
SP,2018,178,2018-06-27,1,6.1,5.3,1301,1430,27,N,2,2,85,NA
SP,2018,192,2018-07-11,1,6.5,4.9,1320,1520,28,SE,3,4,90,NA
SP,2018,206,2018-07-25,1,6.7,6.1,1234,1345,28,SW,7,3,40,NA
SP,2018,219,2018-08-07,1,7.1,6.5,930,1130,24,S,6,2,25,NA
SP,2018,234,2018-08-22,1,6.9,6,1300,1410,25,W,6,2,40,NA
SP,2018,248,2018-09-05,1,6.7,5.8,945,1220,16,N,10,10,100,NA
SP,2018,260,2018-09-17,1,7.2,6.1,1320,1520,27,N,8,9,20,NA
SP,2018,275,2018-10-02,1,6.1,5.1,925,1200,13,S,5,6,100,NA
SP,2018,288,2018-10-15,1,6.2,5.5,1300,1450,3,W,4,3,80,NA
SP,2018,316,2018-11-12,1,2.8,2.3,1140,1400,-2,SW,6,4,100,NA
SP,2019,22,2019-01-22,1,NA,2.9,1030,1151,-10,SW,7,NA,100,1
SP,2019,50,2019-02-19,1,NA,3.6,1420,1605,-6,NA,0,NA,0,1
SP,2019,87,2019-03-28,1,NA,6.1,1335,1455,5,NW,7,NA,80,1
SP,2019,128,2019-05-08,1,4.6,3.6,1300,1433,9,W,6,15,100,NA
SP,2019,140,2019-05-20,1,4.7,4,1330,1523,16,NNW,9,5,3,NA
SP,2019,155,2019-06-04,1,5.6,4.6,910,1204,24,SW,8,5,35,NA
SP,2019,169,2019-06-18,1,5,4.3,1322,1515,19,N,6,10,95,NA
SP,2019,184,2019-07-03,1,5.4,4.3,916,1133,31,SSW,5,5,15,NA
SP,2019,198,2019-07-17,1,5.5,4.4,1242,1410,30,SE,9,10,60,NA
SP,2019,211,2019-07-30,1,4.6,3.7,942,1210,20,N,7,15,40,NA
SP,2019,225,2019-08-13,1,7.1,6.3,1251,1400,22,NE,3,5,100,NA
SP,2019,238,2019-08-26,1,7.3,4.6,1245,1423,14,SE,12,15,100,NA
SP,2019,252,2019-09-09,1,8.2,6,853,1030,12,SSE,5,5,80,NA
SP,2019,266,2019-09-23,1,8.9,7.7,855,1135,21,NW,3,3,60,NA
SP,2019,280,2019-10-07,1,9.2,7.8,1008,1206,12,NW,8,4,20,NA
SP,2019,296,2019-10-23,1,6.5,4.5,908,1124,0,NW,8,5,100,NA
SP,2019,319,2019-11-15,1,3.3,2.7,1131,1249,-7,NNW,6,5,10,NA
SP,2020,14,2020-01-14,1,NA,3.4,1015,1145,-6,S,5,NA,100,1
SP,2020,48,2020-02-17,1,NA,3.5,1015,1200,-5,SW,10,NA,95,1
SP,2020,125,2020-05-04,1,4,3.5,1333,1519,6,NE,8,10,10,NA
SP,2020,154,2020-06-02,1,5,4.5,850,1043,24,NNW,5,3,0,NA
SP,2020,185,2020-07-03,1,6.9,6.9,1201,1327,31,E,3,5,40,NA
SP,2020,216,2020-08-03,1,5.5,4.3,910,1055,13,N,9,15,90,NA
SP,2020,251,2020-09-07,1,6.1,4.2,923,1105,8,NW,4,5,90,NA
SP,2020,287,2020-10-13,1,5.9,5.6,1242,1402,11,NW,8,10,75,NA
SP,2020,308,2020-11-03,1,2,NA,926,1101,13,SW,5,3,2,NA
SP,2021,18,2021-01-18,1,NA,4,1330,1503,-10,NW,5,NA,100,1
SP,2021,53,2021-02-22,1,NA,4.8,1018,1205,-4,SW,8,NA,60,1
SP,2021,96,2021-04-06,1,3.4,2.9,1017,1145,16,W,4,1,25,NA
SP,2021,123,2021-05-03,1,4.2,3.2,923,1055,5,N,4,5,100,NA
SP,2021,152,2021-06-01,1,5.5,5.2,1010,1155,16,NE,3,3,5,NA
SP,2021,181,2021-06-30,1,5.4,4.4,1006,1135,21.6,NNW,3,2,40,NA
SP,2021,209,2021-07-28,1,6.9,5.5,1144,1318,28.5,SSE,3,3,80,NA
SP,2021,237,2021-08-25,1,7.3,5,1229,1356,25.5,W,4,5,85,NA
SP,2021,264,2021-09-21,1,7.2,5.5,945,1120,15,N,8,10,65,NA
SP,2021,293,2021-10-20,1,6.8,5.1,925,1120,10,NE,12,10,100,NA
SP,2021,323,2021-11-19,1,2.9,2.3,1011,1145,7,S,6,8,90,NA
SP,2022,27,2022-01-27,1,NA,3.3,940,1145,-8.5,N,12,NA,100,1
SP,2022,46,2022-02-15,1,NA,2.8,1400,1515,-7.1,SE,8,NA,100,1
SP,2022,73,2022-03-14,1,NA,3.8,1336,1455,2,N,3,NA,60,1
SP,2022,126,2022-05-06,1,5,3.3,1230,1400,18,SE,5,8,10,NA
SP,2022,137,2022-05-17,1,5.1,4.8,950,1050,15,NE,4,3,5,NA
SP,2022,152,2022-06-01,1,4.8,3.9,1433,1631,23,N,7,5,5,NA
SP,2022,165,2022-06-14,1,4.9,3.1,917,1033,21,NNE,7,7,95,NA
SP,2022,178,2022-06-27,1,6.1,5.1,940,1144,17,N,7,5,5,NA
SP,2022,194,2022-07-13,1,6.5,5.2,917,1009,16.4,NE,8,3,5,NA
SP,2022,206,2022-07-25,1,6.1,4.5,935,1124,19,NNE,4,3,40,NA
SP,2022,221,2022-08-09,1,7.1,6.5,946,1037,21.4,SSW,6,2,5,NA
SP,2022,241,2022-08-29,1,7,6.3,931,1145,26,SSW,3,10,30,NA
SP,2022,249,2022-09-06,1,7.1,6.6,934,1054,27.4,NA,0,1,15,NA
SP,2022,262,2022-09-19,1,6.3,5.3,921,1123,28,SSW,5,5,15,NA
SP,2022,276,2022-10-03,1,6,4.8,1326,1439,22,NA,0,3,80,NA
SP,2022,293,2022-10-20,1,4.7,4.4,1453,1646,14,W,3,1,60,NA
SP,2022,305,2022-11-01,1,5.3,5,939,1030,13,S,4,1,5,NA
SP,2022,321,2022-11-17,1,2.2,2,943,1135,-4,WSW,6,5,90,NA
SP,2023,17,2023-01-17,1,NA,4.2,1358,1519,0.4,NNW,5,NA,100,1
SP,2023,44,2023-02-13,1,NA,5,1319,1507,6,W,8,NA,0,1
SP,2023,74,2023-03-15,1,4.1,NA,1341,1457,5,S,9,NA,100,1
SP,2023,123,2023-05-03,1,3.9,3.1,1325,1455,10,NE,4,3,100,NA
SP,2023,150,2023-05-30,1,5.2,3.5,1505,1730,27,S,5,5,60,NA
SP,2023,165,2023-06-14,1,6.6,5.4,1247,1416,21.5,S,1,1,100,NA
SP,2023,181,2023-06-30,1,7,5.9,724,913,18.9,NW,2,1,20,NA
SP,2023,193,2023-07-12,1,6.5,4.2,1220,1401,19.4,SSE,2,2,98,NA
SP,2023,206,2023-07-25,1,7,4.7,924,1137,23.9,SSW,5,5,30,NA
SP,2023,221,2023-08-09,1,7.9,5.7,1211,1328,26.9,SW,3,2,70,NA
SP,2023,234,2023-08-22,1,8.3,6.2,1001,1149,15.3,SSE,10,6,100,NA
SP,2023,248,2023-09-05,1,8.5,6.1,1238,1417,29,SSW,10,8,85,NA
SP,2023,262,2023-09-19,1,9,7.8,1010,1212,23,SSE,14,15,5,NA
SP,2023,275,2023-10-02,1,9,7.8,1241,1406,27,S,11,15,35,NA
SP,2023,290,2023-10-17,1,6.3,5.8,1219,1417,12,SW,4,3,5,NA
SP,2023,304,2023-10-31,1,6.5,4.4,1353,1526,0,N,10,10,65,NA
SP,2023,324,2023-11-20,1,3.3,3,1239,1426,5,SSE,4,10,100,NA
SP,2024,7,2024-01-07,1,NA,5,1410,1547,-3,N,2,NA,100,1
SP,2024,38,2024-02-07,1,NA,7,1417,1543,6,S,7,NA,100,1
SP,2024,96,2024-04-05,1,4.9,3.6,942,1156,6,N,5,3,40,NA
SP,2024,122,2024-05-01,1,4.9,4.2,955,1119,11,W,6,5,99,NA
SP,2024,135,2024-05-14,1,6.3,5.6,938,1112,10,NW,6,10,15,NA
SP,2024,150,2024-05-29,1,8.6,7.3,940,1114,15,NE,4,8,5,NA
SP,2024,163,2024-06-11,1,9.6,4.4,1400,1558,14,S,11,10,99,NA
SP,2024,177,2024-06-25,1,6.4,4.2,1333,1508,26,NW,7,9,20,NA
SP,2024,191,2024-07-09,1,6.7,5.6,922,1138,23.1,N,3,5,20,NA
SP,2024,207,2024-07-25,1,4.9,5,843,1012,21,S,2,1,5,NA
SP,2024,218,2024-08-05,1,6.7,4.4,934,1147,19.7,E,2,5,99,NA
SP,2024,232,2024-08-19,1,6.2,5.1,1255,1406,21.6,NE,6,15,60,NA
SP,2024,250,2024-09-06,1,5.9,4.1,933,1140,14.1,N,7,15,60,NA
SP,2024,260,2024-09-16,1,6.8,6,846,1022,24.1,N,2,2,15,NA
SP,2024,277,2024-10-03,1,6.3,5.3,1510,1745,14,W,6,12,90,NA
SP,2024,291,2024-10-17,1,7.1,6,908,1056,9.2,N,8,12,0,NA
SP,2024,304,2024-10-30,1,7,5.5,1255,1508,9.3,S,6,12,100,NA
SP,2024,327,2024-11-22,1,4,3.5,904,1124,3.9,S,8,10,100,NA
SP,2025,9,2025-01-09,1,NA,8.5,1331,1515,-4,S,7,NA,90,1
SP,2025,41,2025-02-10,1,NA,6.6,1401,1600,-6.4,SW,7,NA,70,1
SP,2025,69,2025-03-10,1,NA,10.3,1328,1443,15,SW,5,NA,85,1
SP,2025,118,2025-04-28,1,5.7,5,1337,1507,14.2,N,8,6,100,NA
SP,2025,133,2025-05-13,1,5.3,4.2,925,1056,23.4,N,4,12,5,NA
SP,2025,147,2025-05-27,1,6.5,6.5,957,1143,18,S,1,0,100,NA
SP,2025,162,2025-06-11,1,9.6,7.3,908,1043,18.4,N,10,10,15,NA
SP,2025,174,2025-06-23,1,8.2,6.9,1200,1327,29.3,S,10,10,50,NA
SP,2025,189,2025-07-08,1,7.3,5.4,1253,1512,26.2,W,4,4,60,NA
SP,2025,203,2025-07-22,1,7.4,5.4,1203,1327,24,S,7,12,100,NA
SP,2025,216,2025-08-04,1,7.5,6.5,823,1030,22.9,SE,2,2,70,NA
SP,2025,231,2025-08-19,1,7.9,7.4,941,1139,20.6,S,3,8,90,NA
SP,2025,247,2025-09-04,1,10.5,8.1,922,1045,10,W,5,5,95,NA
SP,2025,258,2025-09-15,1,11.4,8,1311,1435,26,S,9,8,5,NA
SP,2025,274,2025-10-01,1,11.2,7.6,916,1056,16.7,SSE,7,10,80,NA
SP,2025,288,2025-10-15,1,11.5,8.1,1425,1605,13.6,NE,2,2,12,NA
SP,2025,301,2025-10-28,1,NA,10.6,917,1102,5.5,S,7,10,100,NA
SP,2025,318,2025-11-14,1,9.4,6.5,958,1145,9.8,SE,12,10,40,NA
TB,1981,196,1981-07-15,1,1.5,NA,NA,NA,19.8,NA,0,0,99,NA
TB,1981,210,1981-07-29,1,1.6,NA,NA,NA,25,NA,0,0,NA,NA
TB,1981,224,1981-08-12,1,1.5,NA,NA,NA,29.5,SW,NA,0,0,NA
TB,1981,239,1981-08-27,1,1.5,NA,NA,NA,21.5,NW,8,0,30,NA
TB,1981,257,1981-09-14,1,1.5,NA,NA,NA,19.7,NW,8,2,0,NA
TB,1981,269,1981-09-26,1,1.5,NA,NA,NA,15,S,8,1,99,NA
TB,1981,296,1981-10-23,1,1.5,NA,NA,NA,NA,NA,2,2,95,NA
TB,1982,27,1982-01-27,1,NA,1,1015,1135,-6.7,NA,3,NA,99,1
TB,1982,62,1982-03-03,1,NA,0.7,1045,1245,-2,NA,0,NA,50,1
TB,1982,96,1982-04-06,1,NA,0.8,1335,1435,0,NW,3,NA,0,1
TB,1982,132,1982-05-12,1,1.3,1.2,1345,1455,19,W,3,2,99,NA
TB,1982,144,1982-05-24,1,1.3,1.1,1428,1553,23,NA,0,0,25,NA
TB,1982,158,1982-06-07,1,1.6,1,1530,1740,20,W,5,3,95,NA
TB,1982,172,1982-06-21,1,1.5,1.1,1355,1451,18,NW,3,0,50,NA
TB,1982,188,1982-07-07,1,NA,1.2,1553,1800,24,NA,11,3,25,NA
TB,1982,203,1982-07-22,1,1.5,1.4,1240,1336,25,S,3,2,25,NA
TB,1982,216,1982-08-04,1,1.7,1.5,1002,1130,20,NA,0,0,99,NA
TB,1982,231,1982-08-19,1,1.9,1.6,1035,1219,21.8,S,1,1,99,NA
TB,1982,250,1982-09-07,1,2,1.5,1205,1345,18.8,NA,0,0,20,NA
TB,1982,263,1982-09-20,1,1.7,1.1,1459,1602,9.8,NA,0,2,70,NA
TB,1982,280,1982-10-07,1,1.7,1.3,1409,1520,7,N,5,5,99,NA
TB,1982,291,1982-10-18,1,1.5,1.2,1530,1644,16.7,NA,0,0,99,NA
TB,1982,313,1982-11-09,1,1.3,1.1,1443,1559,4,NA,0,0,99,NA
TB,1982,334,1982-11-30,1,1.1,1,1000,1115,-0.2,S,3,NA,99,1
TB,1983,10,1983-01-10,1,NA,1,1440,1559,0.8,NA,0,NA,99,1
TB,1983,53,1983-02-22,1,NA,0.9,1045,1302,3.5,N,3,NA,99,1
TB,1983,83,1983-03-24,1,NA,0.9,1130,1323,-3.2,NA,0,NA,0,1
TB,1983,129,1983-05-09,1,1.1,1,1618,1822,15,S,2,1,0,NA
TB,1983,144,1983-05-24,1,1.2,1,1435,1615,14,NA,0,0,99,NA
TB,1983,160,1983-06-09,1,0.9,0.9,1505,1645,24,SW,5,2,0,NA
TB,1983,174,1983-06-23,1,1.8,1,935,1145,24.8,N,1,1,0,NA
TB,1983,186,1983-07-05,1,1.2,1.1,1512,1632,19.5,S,1,0,5,NA
TB,1983,200,1983-07-19,1,1.3,1.2,940,1115,27,NA,0,0,0,NA
TB,1983,215,1983-08-03,1,1.1,1.1,1530,1654,28,S,1,0,50,NA
TB,1983,229,1983-08-17,1,1.2,1.2,930,1055,22,NA,0,0,99,NA
TB,1983,251,1983-09-08,1,2,1.3,1530,1703,29.5,S,3,0,30,NA
TB,1983,271,1983-09-28,1,1.4,1.2,1510,1700,22.4,NA,10,0,10,NA
TB,1983,292,1983-10-19,1,1,1,1500,1640,8,NA,0,0,99,NA
TB,1983,318,1983-11-14,1,1.1,1,854,1020,NA,NA,0,0,99,1
TB,1984,3,1984-01-03,1,NA,0.6,1110,1230,1.8,W,3,NA,99,1
TB,1984,59,1984-02-28,1,NA,0.8,1425,1545,-6.6,NNE,5,NA,90,1
TB,1984,95,1984-04-04,1,NA,0.8,1035,1215,12,NA,1,NA,10,1
TB,1984,129,1984-05-08,1,1.4,1.1,1456,NA,2,N,10,3,99,NA
TB,1984,143,1984-05-22,1,1.1,0.8,1425,1630,22,W,5,1,83,NA
TB,1984,156,1984-06-04,1,1.5,1.2,1507,1703,21,SE,7,0,99,NA
TB,1984,171,1984-06-19,1,1.5,1.2,1550,1723,24.1,N,4,0,68,NA
TB,1984,184,1984-07-02,1,1.7,1.2,1154,1355,26.2,NA,5,0,92,NA
TB,1984,199,1984-07-17,1,1.4,1.3,1508,1642,15,W,7,2,99,NA
TB,1984,214,1984-08-01,1,1.6,1.3,1352,1511,24.8,NA,0,0,30,NA
TB,1984,228,1984-08-15,1,2,1.4,1438,1610,NA,NA,0,0,65,NA
TB,1984,250,1984-09-06,1,NA,1.1,950,1138,20.5,N,4,0,0,NA
TB,1984,271,1984-09-27,1,1.6,1.3,1525,1723,10.8,NA,1,0,40,NA
TB,1984,291,1984-10-17,1,NA,1.1,1415,1545,11.2,W,3,1,0,NA
TB,1984,313,1984-11-08,1,NA,0.8,1303,1438,9.7,SW,1,0,30,NA
TB,1985,15,1985-01-15,1,NA,0.7,1100,1229,-12.6,NA,0,NA,80,1
TB,1985,58,1985-02-27,1,NA,0.6,1400,1508,-3.1,NA,0,NA,0,1
TB,1985,84,1985-03-25,1,NA,0.8,1408,1550,5,S,1,NA,0,1
TB,1985,100,1985-04-10,1,NA,NA,1247,1320,NA,N,10,NA,10,1
TB,1985,119,1985-04-29,1,1.3,1,930,1130,16,SE,1,0,0,NA
TB,1985,133,1985-05-13,1,1.7,1.2,1420,1600,19,NA,0,0,0,NA
TB,1985,151,1985-05-31,1,1.7,1.4,1025,1206,15,NA,0,0,99,NA
TB,1985,163,1985-06-12,1,1.8,1.1,1304,1436,18,N,8,3,60,NA
TB,1985,178,1985-06-27,1,1.6,1.3,931,1045,25,NA,NA,NA,99,NA
TB,1985,192,1985-07-11,1,1.8,1.1,1300,NA,20,NW,8,0,18,NA
TB,1985,205,1985-07-24,1,1.9,1.2,1512,1630,20,S,2,0,99,NA
TB,1985,218,1985-08-06,1,2,1.5,924,1105,21.5,W,2,0,0,NA
TB,1985,233,1985-08-21,1,2.2,1.5,853,1040,14,NA,0,0,95,NA
TB,1985,252,1985-09-09,1,2.3,1.8,1304,1427,15,NA,6,0,99,NA
TB,1985,274,1985-10-01,1,1.9,1.5,1132,1250,5.5,NW,13,2,99,NA
TB,1985,296,1985-10-23,1,1.7,1,851,NA,11,S,6,2,99,NA
TB,1985,316,1985-11-12,1,NA,1,1105,1235,1,SW,4,0,99,NA
TB,1986,10,1986-01-10,1,NA,NA,1120,1255,-2,W,4,NA,99,1
TB,1986,56,1986-02-25,1,NA,1.2,930,1100,-3.9,NA,0,NA,95,1
TB,1986,90,1986-03-31,1,NA,1,1220,1312,17.9,NA,5,NA,50,1
TB,1986,111,1986-04-21,1,0.9,0.6,1244,1409,1.1,N,5,30,0,NA
TB,1986,126,1986-05-06,1,1,0.5,1026,1139,19.6,S,18,3,0,NA
TB,1986,141,1986-05-21,1,1.3,1,1410,1545,19.6,NE,8,1,5,NA
TB,1986,154,1986-06-03,1,1.8,0.9,1342,1444,20,N,18,1,1,NA
TB,1986,167,1986-06-16,1,1.7,1,920,1100,17.5,NW,18,1,60,NA
TB,1986,182,1986-07-01,1,1.9,1.2,1445,NA,NA,W,4,0,60,NA
TB,1986,196,1986-07-15,1,1.8,1.1,907,1027,22,NA,0,0,99,NA
TB,1986,210,1986-07-29,1,1.8,1.1,1345,1455,27.5,NW,10,0,5,NA
TB,1986,225,1986-08-13,1,1.8,1.1,1320,1440,25,NA,10,0,50,NA
TB,1986,238,1986-08-26,1,1.9,1,1258,1344,17,SW,14,1,95,NA
TB,1986,251,1986-09-08,1,2.1,0.9,924,1042,17.8,W,10,1,0,NA
TB,1986,268,1986-09-25,1,NA,1.1,950,1050,15,SW,18,0,99,NA
TB,1986,279,1986-10-06,1,1.3,1.3,1026,1212,9.1,W,3,0,30,NA
TB,1986,296,1986-10-23,1,1.6,1,910,1008,11.1,V,3,0,99,NA
TB,1986,308,1986-11-04,1,1.9,0.8,1008,1120,4,SW,8,0,0,NA
TB,1986,311,1986-11-07,1,NA,NA,1222,NA,NA,NA,NA,NA,NA,NA
TB,1987,15,1987-01-15,1,NA,0.7,950,1045,-7,WNW,7,NA,99,1
TB,1987,54,1987-02-23,1,NA,0.9,900,1100,0.5,NA,0,NA,99,1
TB,1987,79,1987-03-20,1,NA,0.7,845,1010,6.8,NA,0,NA,0,1
TB,1987,103,1987-04-13,1,1.5,1,848,1005,NA,NA,0,0,99,NA
TB,1987,120,1987-04-30,1,1.5,1,1133,1230,10.5,NA,0,0,3,NA
TB,1987,138,1987-05-18,1,1.7,1.2,1140,NA,NA,NE,3,1,99,NA
TB,1987,154,1987-06-03,1,1.9,1.3,913,959,NA,W,15,2,80,NA
TB,1987,173,1987-06-22,1,1.6,1.1,1506,1615,NA,NA,0,0,30,NA
TB,1987,182,1987-07-01,1,1.7,1.1,849,929,NA,NA,0,0,20,NA
TB,1987,197,1987-07-16,1,1.9,1.4,1355,1508,NA,SSE,3,1,99,NA
TB,1987,209,1987-07-28,1,1.9,1.5,904,945,NA,NA,0,0,99,NA
TB,1987,224,1987-08-12,1,1.9,1.7,1432,1605,NA,?,3,0,99,NA
TB,1987,236,1987-08-24,1,2.1,1.1,1330,1415,NA,NW,8,2,10,NA
TB,1987,253,1987-09-10,1,2.1,1.3,912,1017,NA,W,4,1,50,NA
TB,1987,267,1987-09-24,1,2.2,1.9,859,1013,NA,N,3,1,5,NA
TB,1987,279,1987-10-06,1,1.8,1.3,917,1102,NA,NW,8,1,99,NA
TB,1987,292,1987-10-19,1,1.6,1.1,1540,1715,NA,NW,3,1,40,NA
TB,1987,306,1987-11-02,1,1.8,1.1,800,930,NA,S,2,0,99,NA
TB,1987,323,1987-11-19,1,1.6,1,1036,1140,NA,N,15,1,80,NA
TB,1988,14,1988-01-14,1,1.1,0.7,1250,1423,NA,ENE,3,NA,99,1
TB,1988,61,1988-03-01,1,1,0.6,1430,1600,1,E,3,NA,40,1
TB,1988,83,1988-03-23,1,0.8,0.5,942,1045,2,S,3,NA,99,1
TB,1988,112,1988-04-21,1,0.8,0.4,905,1045,4,E,4,2,0,NA
TB,1988,131,1988-05-10,1,1.3,0.8,935,1056,14,NW,5,1,0,NA
TB,1988,145,1988-05-24,1,1.1,0.7,917,1132,14,N,5,0,0,NA
TB,1988,158,1988-06-06,1,1,0.7,1259,1407,32,SW,8,1,5,NA
TB,1988,172,1988-06-20,1,1.4,1.2,1236,1425,24,SW,8,1,0,NA
TB,1988,186,1988-07-04,1,1.4,1,1128,1221,26,S,10,1,0,NA
TB,1988,202,1988-07-20,1,1.7,1.6,1409,1535,26,SW,3,1,35,NA
TB,1988,216,1988-08-03,1,1.6,1.7,1214,1303,26,W,3,1,50,NA
TB,1988,229,1988-08-16,1,2.1,1.7,918,1045,28,W,1,0,20,NA
TB,1988,244,1988-08-31,1,1.9,1.3,1303,1352,24,E,2,1,0,NA
TB,1988,259,1988-09-15,1,1.9,1.4,934,1059,16,W,3,0,90,NA
TB,1988,272,1988-09-28,1,2.3,2.1,913,1009,10,W,5,0,80,NA
TB,1988,285,1988-10-11,1,1.7,1.4,1417,1533,4,N,10,0,99,NA
TB,1988,299,1988-10-25,1,2,1.5,1320,1428,1,NW,15,1,99,NA
TB,1988,308,1988-11-03,1,1.3,1.1,943,1047,7,-,0,0,75,NA
TB,1989,17,1989-01-17,1,1.1,0.9,1335,1430,-2,SE,3,NA,100,1
TB,1989,65,1989-03-06,1,1.1,0.6,1350,1450,12,E,3,NA,5,1
TB,1989,86,1989-03-27,1,1.1,0.6,845,1015,15,N,8,NA,100,1
TB,1989,123,1989-05-03,1,1.8,1,915,1013,14,NE,2,1,0,NA
TB,1989,138,1989-05-18,1,2.2,1.6,903,952,20.5,S,2,0,90,NA
TB,1989,149,1989-05-29,1,2.2,1.7,925,1054,18.5,NA,0,0,100,NA
TB,1989,165,1989-06-14,1,2,1.3,902,955,9,S,8,1,100,NA
TB,1989,178,1989-06-27,1,1.7,1,850,1030,23,NA,0,0,0,NA
TB,1989,194,1989-07-13,1,2.1,1.3,843,933,18.5,NW,3,0,0,NA
TB,1989,205,1989-07-24,1,1.9,1.6,1300,1409,28,NW,2,1,5,NA
TB,1989,220,1989-08-08,1,2.3,1.3,840,939,19,W,8,2,50,NA
TB,1989,233,1989-08-21,1,2,1.3,1232,1340,21.5,NE,3,0,10,NA
TB,1989,249,1989-09-06,1,2.1,1.2,1148,1228,25,NA,0,0,2,NA
TB,1989,263,1989-09-20,1,2.3,1.3,844,957,19,SE,3,0,95,NA
TB,1989,276,1989-10-03,1,2.2,1.1,1309,1355,7,N,10,2,2,NA
TB,1989,289,1989-10-16,1,1.9,1.1,856,1003,6,NW,5,1,100,NA
TB,1989,303,1989-10-30,1,1.7,1,1141,1238,6.5,N,6,1,100,NA
TB,1989,311,1989-11-07,1,1.8,1.1,1005,1107,6.5,W,3,1,100,NA
TB,1990,15,1990-01-15,1,1.6,0.7,1430,1600,0,NA,0,NA,90,1
TB,1990,59,1990-02-28,1,1,0.6,1225,1330,9,SW,5,NA,55,1
TB,1990,86,1990-03-27,1,1.2,0.7,1150,1235,3,E,4,NA,20,1
TB,1990,121,1990-05-01,1,1.4,1.1,902,1021,3,SW,6,1,100,NA
TB,1990,136,1990-05-16,1,2,1.2,902,947,13,NE,1,0,100,NA
TB,1990,150,1990-05-30,1,2.5,1.2,1439,1556,22,NE,3,1,0,NA
TB,1990,163,1990-06-12,1,2.1,1.4,853,955,19.5,SE,5,0,100,NA
TB,1990,178,1990-06-27,1,2.1,1.7,1230,1337,28,NA,2,0,50,NA
TB,1990,193,1990-07-12,1,2.2,1.8,846,932,19,NE,13,2,10,NA
TB,1990,205,1990-07-24,1,2.2,1.3,850,1005,23.5,W,3,0,5,NA
TB,1990,220,1990-08-08,1,2.3,1.9,854,920,23,NW,8,1,0,NA
TB,1990,234,1990-08-22,1,2.5,1.2,900,1031,23,NA,0,0,0,NA
TB,1990,249,1990-09-06,1,2.2,1.6,1233,1323,21,NE,8,1,100,NA
TB,1990,260,1990-09-17,1,1.7,1.1,1205,1326,18,NA,0,0,75,NA
TB,1990,274,1990-10-01,1,1.4,1,840,942,10,NW,8,1,100,NA
TB,1990,289,1990-10-16,1,2.4,1.8,853,1000,11,S,8,1,40,NA
TB,1990,302,1990-10-29,1,1.2,0.7,858,952,11,S,8,1,0,NA
TB,1990,312,1990-11-08,1,1.3,0.8,911,1025,0,SW,8,1,95,NA
TB,1991,16,1991-01-16,1,0.8,0.7,1310,1405,-1,NW,2,NA,100,1
TB,1991,51,1991-02-20,1,0.6,0.8,1010,1110,-3,NA,0,NA,100,1
TB,1991,80,1991-03-21,1,1.1,0.8,1040,1221,4,S,3,NA,100,1
TB,1991,129,1991-05-09,1,1.1,0.7,1216,1410,23,S,2,1,5,NA
TB,1991,143,1991-05-23,1,0.9,0.6,930,1037,29,S,3,1,60,NA
TB,1991,156,1991-06-05,1,1,0.6,911,1039,26,NA,0,0,5,NA
TB,1991,169,1991-06-18,1,1.2,0.8,915,1015,27,S,3,1,45,NA
TB,1991,183,1991-07-02,1,1.3,0.8,1249,1400,23,S,5,1,90,NA
TB,1991,199,1991-07-18,1,1.4,1,838,922,27,S,3,1,75,NA
TB,1991,210,1991-07-29,1,1.4,0.9,846,959,16,NE,2,0,100,NA
TB,1991,224,1991-08-12,1,1.2,0.7,1327,1409,27,NA,0,0,0,NA
TB,1991,238,1991-08-26,1,1.3,0.8,1201,1310,27,S,10,2,40,NA
TB,1991,254,1991-09-11,1,1.1,0.8,1324,1421,22,N,2,0,100,NA
TB,1991,267,1991-09-24,1,1.3,0.8,758,853,12,NA,0,0,100,NA
TB,1991,281,1991-10-08,1,1,0.9,1250,1350,24,NA,0,0,0,NA
TB,1991,301,1991-10-28,1,1.2,0.8,1226,1323,12,S,8,1,85,NA
TB,1991,308,1991-11-04,1,1.2,0.8,1306,1415,-2,NA,0,0,30,NA
TB,1992,15,1992-01-15,1,NA,0.6,1415,1520,-22,NA,NA,NA,NA,1
TB,1992,57,1992-02-26,1,0.7,0.7,1130,1240,1,NA,0,NA,100,1
TB,1992,83,1992-03-23,1,0.9,0.7,1100,1205,7,NA,0,NA,15,1
TB,1992,125,1992-05-04,1,1.1,0.8,932,1130,12,N,2,0,100,NA
TB,1992,141,1992-05-20,1,2.2,1.9,1259,1359,30,S,1,0,0,NA
TB,1992,153,1992-06-01,1,1.6,1.2,1405,1540,27,NA,0,0,5,NA
TB,1992,167,1992-06-15,1,1.2,1,910,1000,NA,SE,3,0,100,NA
TB,1992,189,1992-07-07,1,1.2,1,845,1009,NA,NA,0,0,95,NA
TB,1992,195,1992-07-13,1,1.7,1.2,944,1034,23,NA,0,0,95,NA
TB,1992,213,1992-07-31,1,1.3,1.1,925,1029,21,S,2,0,0,NA
TB,1992,223,1992-08-10,1,1.1,0.8,1020,1120,27,W,1,0,0,NA
TB,1992,240,1992-08-27,1,1.2,1.5,937,1125,17,N,3,0,100,NA
TB,1992,255,1992-09-11,1,NA,0.8,1055,1153,24.5,SE,2,0,0,NA
TB,1992,268,1992-09-24,1,NA,0.8,920,1045,16.2,NE,3,0,0,NA
TB,1992,279,1992-10-05,1,NA,0.8,904,956,14.2,E,3,0,0,NA
TB,1992,295,1992-10-21,1,1.1,0.9,1253,1420,8,S,5,0,100,NA
TB,1992,310,1992-11-05,1,1.1,0.9,1317,1430,1,N,3,0,100,NA
TB,1993,14,1993-01-14,1,0.8,0.7,1030,1159,-3.5,N,3,NA,100,1
TB,1993,55,1993-02-24,1,0.6,0.8,1405,NA,-6.5,SW,3,NA,0,1
TB,1993,82,1993-03-23,1,1.4,0.8,1140,1300,11.5,SW,2,NA,100,1
TB,1993,123,1993-05-03,1,1,0.8,1425,1610,11,NE,2,0,100,NA
TB,1993,140,1993-05-20,1,1.3,1,1400,1530,13,S,2,1,100,NA
TB,1993,154,1993-06-03,1,NA,1,1015,1200,16,SE,5,5,95,NA
TB,1993,165,1993-06-14,1,1,0.7,927,1046,21.3,WSW,15,1,5,NA
TB,1993,179,1993-06-28,1,1.3,0.9,915,1150,19.2,NW,7,1,30,NA
TB,1993,196,1993-07-15,1,1.3,1.1,1009,1110,27.9,W,2,0,0,NA
TB,1993,207,1993-07-26,1,1.4,1,1437,1840,24.8,W,6,2,95,NA
TB,1993,221,1993-08-09,1,1.6,1,1535,1703,28.4,S,2,1,100,NA
TB,1993,235,1993-08-23,1,1.4,1.2,930,1140,29.2,W,3,0,100,NA
TB,1993,252,1993-09-09,1,1.2,0.9,1658,1805,14.2,NE,10,0,100,NA
TB,1993,265,1993-09-22,1,1.3,1.1,1402,1722,17,SW,5,0,100,NA
TB,1993,280,1993-10-07,1,1.2,1,911,1010,11,W,5,0,100,NA
TB,1993,292,1993-10-19,1,1,0.9,915,1154,13.5,NA,0,0,50,NA
TB,1993,306,1993-11-02,1,0.8,0.7,1358,1552,4,SW,2,0,80,NA
TB,1994,17,1994-01-17,1,NA,0.7,1107,1205,-23,NW,10,NA,30,1
TB,1994,55,1994-02-24,1,NA,0.6,1015,1112,-8,N,5,NA,10,1
TB,1994,87,1994-03-28,1,NA,0.6,1000,1115,3,VAR,2,NA,100,1
TB,1994,123,1994-05-03,1,1,0.7,1430,1600,13,S,2,0,35,NA
TB,1994,139,1994-05-19,1,1.3,0.8,1250,1331,28,NA,0,0,0,NA
TB,1994,153,1994-06-02,1,1,0.9,1620,1850,20,W,3,1,35,NA
TB,1994,166,1994-06-15,1,1.5,1.3,1504,1640,29,VAR,1,0,50,NA
TB,1994,179,1994-06-28,1,1,0.9,1558,1710,19,NA,0,0,95,NA
TB,1994,192,1994-07-11,1,1.4,1.3,1337,1450,28,VAR,5,1,70,NA
TB,1994,206,1994-07-25,1,1.7,1.6,1410,1645,22,W,5,1,70,NA
TB,1994,221,1994-08-09,1,1.6,1.4,1206,1350,18,VAR,1,0,75,NA
TB,1994,234,1994-08-22,1,1.7,1,1338,1500,26,NA,0,0,50,NA
TB,1994,251,1994-09-08,1,1,0.9,850,1003,18,NA,0,0,0,NA
TB,1994,263,1994-09-20,1,1.4,0.8,1350,1600,20,NA,0,0,95,NA
TB,1994,276,1994-10-03,1,1.2,0.7,930,1030,11,SSW,2,0,100,NA
TB,1994,291,1994-10-18,1,1,0.6,1345,1525,21,W,3,0,75,NA
TB,1994,305,1994-11-01,1,1.1,0.9,1300,1400,10,NA,0,0,20,NA
TB,1994,318,1994-11-14,1,0.9,0.6,1340,1500,6,W,5,2,100,NA
TB,1995,12,1995-01-12,1,NA,0.7,915,1045,5,E,3,NA,100,1
TB,1995,45,1995-02-14,1,NA,0.5,1320,1520,4.5,S,10,NA,30,1
TB,1995,79,1995-03-20,1,NA,0.9,1310,1430,2,NA,0,NA,100,1
TB,1995,121,1995-05-01,1,1.4,1,1346,1530,12,NA,0,0,100,NA
TB,1995,136,1995-05-16,1,1.4,0.9,951,1121,19,NA,0,2,0,NA
TB,1995,152,1995-06-01,1,1.1,1.2,1456,1647,28,S,3,1,95,NA
TB,1995,164,1995-06-13,1,1.3,1,1241,1400,30,N,2,1,15,NA
TB,1995,179,1995-06-28,1,1.6,1.2,849,1028,23,NA,0,0,95,NA
TB,1995,192,1995-07-11,1,1,0.8,830,945,26,W,2,0,3,NA
TB,1995,206,1995-07-25,1,1.3,1.1,1329,1554,26,E,1,1,80,NA
TB,1995,220,1995-08-08,1,1.6,1.4,1204,1259,27,SE,3,1,90,NA
TB,1995,233,1995-08-21,1,1.2,1,1135,1300,24,W,5,2,0,NA
TB,1995,248,1995-09-05,1,1.7,1.4,1154,1306,31,S,1,0,20,NA
TB,1995,262,1995-09-19,1,1.6,1.3,1500,1626,10,N,5,0,100,NA
TB,1995,275,1995-10-02,1,1.4,1.1,845,950,11,N,0,0,15,NA
TB,1995,290,1995-10-17,1,1.3,0.9,852,1022,15,NA,0,0,30,NA
TB,1995,305,1995-11-01,1,1,0.9,915,1012,3,NE,3,0,100,NA
TB,1995,313,1995-11-09,1,0.9,0.6,917,1130,-4,S,8,NA,100,1
TB,1996,17,1996-01-17,1,NA,0.6,1020,1150,-1,NA,0,NA,100,1
TB,1996,52,1996-02-21,1,NA,0.5,1420,1615,-1,NA,0,NA,0,1
TB,1996,93,1996-04-02,1,NA,1.1,1430,1556,1,NA,0,NA,100,1
TB,1996,131,1996-05-10,1,0.9,0.8,1200,1330,3,N,3,0,100,NA
TB,1996,152,1996-05-31,1,0.7,0.7,1537,1720,23,0,0,0,5,NA
TB,1996,164,1996-06-12,1,1.3,1.2,930,1210,28,S,6,2,50,NA
TB,1996,176,1996-06-24,1,1.2,1,1430,1550,21,W,6,1,45,NA
TB,1996,193,1996-07-11,1,1.2,1.1,920,1115,17,S,1,1,100,NA
TB,1996,205,1996-07-23,1,1.3,1.1,915,1040,22,VAR,3,1,10,NA
TB,1996,219,1996-08-06,1,1.3,1.2,915,1100,27,NE,3,2,95,NA
TB,1996,233,1996-08-20,1,1.6,0.9,1410,1610,25,W,1,0,5,NA
TB,1996,248,1996-09-04,1,1.7,1.4,1515,1700,28,NA,0,0,5,NA
TB,1996,261,1996-09-17,1,1.5,1.1,825,945,13,N,2,0,100,NA
TB,1996,277,1996-10-03,1,1.1,0.8,1020,1150,11,NA,0,0,0,NA
TB,1996,291,1996-10-17,1,1.2,0.8,920,1040,14,NE,6,3,100,NA
TB,1996,309,1996-11-04,1,1.4,0.9,840,1020,4.5,N,1,0,70,NA
TB,1997,21,1997-01-21,1,NA,0.7,1110,1220,1,E,5,NA,100,1
TB,1997,49,1997-02-18,1,NA,0.7,1400,1532,9,NA,0,NA,5,1
TB,1997,83,1997-03-24,1,NA,0.7,1040,1153,1,E,5,NA,100,1
TB,1997,125,1997-05-05,1,0.9,0.7,1003,1120,19,N,15,3,80,NA
TB,1997,140,1997-05-20,1,1.3,1,925,1015,8,N,7,1,95,NA
TB,1997,155,1997-06-04,1,1.3,0.9,1400,1530,25,SE,3,0,90,NA
TB,1997,170,1997-06-19,1,1.4,0.9,1045,1145,18.5,SE,1,0,100,NA
TB,1997,184,1997-07-03,1,1.3,1.1,810,926,15,S,3,0,100,NA
TB,1997,197,1997-07-16,1,1.4,0.9,945,1015,24.5,W,3,0,70,NA
TB,1997,209,1997-07-28,1,1.6,0.9,845,1008,19,S,5,0,80,NA
TB,1997,223,1997-08-11,1,2.7,1.2,913,954,21,SE,3,0,0,NA
TB,1997,237,1997-08-25,1,1.2,0.9,955,1150,23,NA,0,0,75,NA
TB,1997,253,1997-09-10,1,1.4,0.9,1013,1124,23,S,3,0,50,NA
TB,1997,267,1997-09-24,1,1.1,0.7,1419,1607,18,SW,13,2,0,NA
TB,1997,281,1997-10-08,1,1.1,0.6,1238,1319,24,SE,3,1,90,NA
TB,1997,294,1997-10-21,1,0.9,0.7,1252,1425,3,NW,8,0,100,NA
TB,1997,310,1997-11-06,1,1.1,0.7,1302,1422,3,NE,3,1,100,NA
TB,1998,19,1998-01-19,1,NA,0.6,1400,1515,-5,NA,0,NA,100,1
TB,1998,49,1998-02-18,1,NA,0.7,1050,1238,5,NA,0,NA,90,1
TB,1998,75,1998-03-16,1,NA,0.6,1425,1530,2,NA,0,NA,0,1
TB,1998,111,1998-04-21,1,0.9,0.7,937,1052,16,NA,0,0,0,NA
TB,1998,126,1998-05-06,1,1.2,0.8,928,1005,17.5,NA,0,0,0,NA
TB,1998,140,1998-05-20,1,1,0.8,1512,1655,21,N,2,0,60,NA
TB,1998,153,1998-06-02,1,1.1,0.9,1400,1500,16,N,8,1,85,NA
TB,1998,168,1998-06-17,1,1.3,1.3,1340,1500,30,NA,0,0,95,NA
TB,1998,182,1998-07-01,1,1.3,1.2,845,935,24.5,NW,3,1,0,NA
TB,1998,195,1998-07-14,1,1.4,1.3,1010,1130,22,NA,0,0,100,NA
TB,1998,208,1998-07-27,1,1.1,1,1310,1400,25,S,12,1,10,NA
TB,1998,222,1998-08-10,1,1.9,1.8,1400,1550,27,W,8,1,10,NA
TB,1998,239,1998-08-27,1,1.8,1.7,850,935,24,NA,0,0,0,NA
TB,1998,253,1998-09-10,1,1.4,1,930,1115,20.5,VAR,3,0,0,NA
TB,1998,266,1998-09-23,1,1.3,0.7,1355,1445,19,VAR,3,0,50,NA
TB,1998,279,1998-10-06,1,1.1,0.7,1345,1525,12,VAR,10,0,100,NA
TB,1998,292,1998-10-19,1,1.3,1.1,1430,1525,9,VAR,10,0,100,NA
TB,1998,316,1998-11-12,1,0.9,0.9,1350,1515,-1,NA,0,0,10,NA
TB,1999,22,1999-01-22,1,NA,0.6,950,1120,-3,NA,0,NA,100,1
TB,1999,55,1999-02-24,1,NA,0.6,1350,1450,-1,E,5,NA,100,1
TB,1999,82,1999-03-23,1,NA,0.9,1250,1400,9,W,5,NA,5,1
TB,1999,126,1999-05-06,1,0.8,0.9,915,1139,14.1,NA,0,0,100,NA
TB,1999,138,1999-05-18,1,1,0.8,1304,1422,25,NE,3,0,50,NA
TB,1999,154,1999-06-03,1,1.2,1.1,1541,1718,26.3,NA,0,0,15,NA
TB,1999,165,1999-06-14,1,1.8,1.6,1325,1429,18.2,E,8,1,95,NA
TB,1999,182,1999-07-01,1,1,1,1618,1808,24.4,NA,0,0,60,NA
TB,1999,193,1999-07-12,1,1.3,1.2,1447,1541,27.7,E,1,2,25,NA
TB,1999,207,1999-07-26,1,1.1,1,1350,1523,28.3,S,8,3,0,NA
TB,1999,223,1999-08-11,1,1.2,1.1,1330,1426,23.1,NW,4,1,60,NA
TB,1999,238,1999-08-26,1,1,0.9,938,1143,27.8,NA,0,0,0,NA
TB,1999,253,1999-09-10,1,0.7,0.5,947,1042,10.1,W,8,2,100,NA
TB,1999,263,1999-09-20,1,0.6,0.6,1044,1227,10.4,NW,18,2,30,NA
TB,1999,279,1999-10-06,1,0.8,0.6,1339,1430,8.1,NW,3,1,0,NA
TB,1999,294,1999-10-21,1,0.9,0.9,953,1132,10.5,NA,0,0,5,NA
TB,1999,308,1999-11-04,1,1.1,0.9,1326,1448,10,NA,0,0,100,NA
TB,2000,27,2000-01-27,1,NA,0.6,1335,1500,-6,NA,0,NA,0,1
TB,2000,52,2000-02-21,1,NA,0.7,1105,1235,1,NA,0,NA,65,1
TB,2000,96,2000-04-05,1,1.1,0.9,1402,1520,9.2,S,5,3,100,NA
TB,2000,108,2000-04-17,1,1,0.8,950,1040,1.7,NA,0,0,100,NA
TB,2000,124,2000-05-03,1,NA,0.7,1335,1443,24.2,SE,3,1,2,NA
TB,2000,136,2000-05-15,1,0.8,0.7,1403,1442,21,SW,1,1,70,NA
TB,2000,154,2000-06-02,1,0.8,0.8,1349,1515,15,NE,6,1,60,NA
TB,2000,164,2000-06-12,1,0.9,0.5,1337,1539,18.6,N,3,1,100,NA
TB,2000,178,2000-06-26,1,1.4,1,1505,1640,20.2,W,8,1,50,NA
TB,2000,193,2000-07-11,1,1.1,1,1025,1115,26,NA,0,0,1,NA
TB,2000,207,2000-07-25,1,1,0.8,1505,1740,24,W,5,1,65,NA
TB,2000,222,2000-08-09,1,0.9,0.6,1520,1623,25.2,S,3,1,35,NA
TB,2000,236,2000-08-23,1,0.8,0.8,1538,1740,22.7,E,5,1,15,NA
TB,2000,249,2000-09-05,1,0.8,0.7,920,1040,14.5,NE,2,1,0,NA
TB,2000,264,2000-09-20,1,0.6,0.6,957,1145,12.9,W,5,1,98,NA
TB,2000,278,2000-10-04,1,0.6,0.4,1412,1504,13.3,N,3,1,0,NA
TB,2000,291,2000-10-17,1,1,0.7,1111,1241,12.2,NA,0,0,90,NA
TB,2000,304,2000-10-30,1,1.1,0.9,1330,1410,13.6,NW,8,1,80,NA
TB,2000,319,2000-11-14,1,0.8,0.7,1527,1641,0.5,W,5,1,100,NA
TB,2001,24,2001-01-24,1,NA,1.3,1130,1240,-3,SE,3,NA,100,1
TB,2001,50,2001-02-19,1,NA,1.3,1335,1435,-3,NE,5,NA,100,1
TB,2001,93,2001-04-03,1,1,NA,1100,1145,4,NA,0,NA,0,1
TB,2001,121,2001-05-01,1,0.7,0.6,1445,1655,21.1,SSW,2,0,10,NA
TB,2001,136,2001-05-16,1,0.7,0.7,950,1120,23.9,NA,0,0,5,NA
TB,2001,150,2001-05-30,1,0.6,0.5,1500,1700,21.3,NA,1,0,0,NA
TB,2001,163,2001-06-12,1,1.2,1,905,1110,23.9,E,2,0,7,NA
TB,2001,176,2001-06-25,1,0.7,0.7,1325,1525,31.6,E,2,0,1,NA
TB,2001,190,2001-07-09,1,0.9,0.8,930,1140,30.3,NA,0,0,80,NA
TB,2001,204,2001-07-23,1,0.9,0.7,1245,1415,28.4,S,1,0,40,NA
TB,2001,219,2001-08-07,1,1,0.9,1325,1430,35.7,NA,0,0,0,NA
TB,2001,233,2001-08-21,1,1,1.2,1400,1625,NA,NA,0,0,60,NA
TB,2001,249,2001-09-06,1,1,0.7,940,1045,24.5,NNW,3,0,45,NA
TB,2001,261,2001-09-18,1,0.8,0.5,1000,1137,18,S,1,0,100,NA
TB,2001,274,2001-10-01,1,0.7,0.6,924,1015,17,NA,0,0,5,NA
TB,2001,289,2001-10-16,1,0.7,0.8,934,1042,4.2,NA,0,0,100,NA
TB,2001,303,2001-10-30,1,0.6,0.5,925,1006,7.5,S,2,1,15,NA
TB,2001,320,2001-11-16,1,0.9,0.8,936,1041,10.3,NA,0,0,100,NA
TB,2002,17,2002-01-17,1,NA,0.7,1135,1245,-7,E,3,NA,60,1
TB,2002,65,2002-03-06,1,NA,1,1340,1500,-3,NW,5,NA,80,1
TB,2002,102,2002-04-12,1,NA,1,1045,1200,9,SE,3,NA,70,1
TB,2002,114,2002-04-24,1,0.7,0.6,1445,1550,NA,NA,0,0,100,NA
TB,2002,127,2002-05-07,1,0.7,0.5,1408,1510,NA,SW,5,NA,50,NA
TB,2002,142,2002-05-22,1,0.9,0.8,855,1025,15,VAR,4,1,0,NA
TB,2002,155,2002-06-04,1,0.9,0.7,1015,1100,NA,NA,0,0,100,NA
TB,2002,168,2002-06-17,1,0.8,0.7,1305,1435,25,NA,0,0,15,NA
TB,2002,182,2002-07-01,1,1.2,0.9,1245,1325,34,VAR,4,1,5,NA
TB,2002,197,2002-07-16,1,1,0.5,915,1030,27,NA,0,0,0,NA
TB,2002,212,2002-07-31,1,1.4,1.2,905,1000,26.9,NA,0,0,95,NA
TB,2002,224,2002-08-12,1,1,0.8,1415,1535,25,SE,3,1,95,NA
TB,2002,239,2002-08-27,1,1.2,1,1255,1330,17,NA,0,0,90,NA
TB,2002,253,2002-09-10,1,1.3,0.9,1330,1510,22,NW,5,0,45,NA
TB,2002,267,2002-09-24,1,0.6,0.4,850,1020,7.5,W,2,0,20,NA
TB,2002,280,2002-10-07,1,0.5,0.5,925,1105,8.7,NA,0,0,75,NA
TB,2002,295,2002-10-22,1,0.9,0.9,1315,1400,0.5,N,5,0,100,NA
TB,2002,308,2002-11-04,1,0.6,0.6,1455,1610,0.9,NA,0,0,0,NA
TB,2003,35,2003-02-04,1,NA,0.8,1235,1355,-13.5,W,4,NA,30,1
TB,2003,51,2003-02-20,1,NA,1.1,1130,1250,NA,NA,0,NA,0,1
TB,2003,92,2003-04-02,1,NA,0.5,1400,1500,1,N,8,NA,100,1
TB,2003,125,2003-05-05,1,0.9,0.6,1026,1203,12,SE,2,1,100,NA
TB,2003,132,2003-05-12,1,1.1,0.5,1303,1400,17,SW,2,1,20,NA
TB,2003,147,2003-05-27,1,1.4,1.1,1250,1405,27,NA,0,0,0,NA
TB,2003,163,2003-06-12,1,1.2,0.9,934,1000,23,NA,0,0,15,NA
TB,2003,175,2003-06-24,1,0.9,0.7,1415,1536,33,NA,0,0,100,NA
TB,2003,191,2003-07-10,1,1.1,1,910,1013,19,NA,0,0,100,NA
TB,2003,202,2003-07-21,1,1,0.8,845,1020,25,NA,0,0,95,NA
TB,2003,217,2003-08-05,1,1,1,1424,1515,29.5,NA,0,0,100,NA
TB,2003,232,2003-08-20,1,1.1,1,1520,1745,33,S,2,0,10,NA
TB,2003,247,2003-09-04,1,0.8,0.7,917,1105,NA,NA,0,0,40,NA
TB,2003,262,2003-09-19,1,1,0.9,935,1140,12.5,WNW,7,1,95,NA
TB,2003,272,2003-09-29,1,0.8,0.8,1245,1430,8.4,WNW,3,1,100,NA
TB,2003,287,2003-10-14,1,0.9,0.9,947,1120,12.2,W,8,1,80,NA
TB,2003,300,2003-10-27,1,0.9,0.9,903,1005,2,S,2,0,60,NA
TB,2003,311,2003-11-07,1,0.8,0.8,1115,1345,-3,WNW,7,2,50,NA
TB,2004,21,2004-01-21,1,NA,0.9,1040,1145,-2,N,8,NA,70,1
TB,2004,50,2004-02-19,1,NA,0.9,1250,1355,0,NA,0,NA,100,1
TB,2004,89,2004-03-29,1,NA,1,1210,1320,5,SW,3,NA,100,1
TB,2004,117,2004-04-26,1,1,0.7,1000,1115,3,N,4,0,100,NA
TB,2004,134,2004-05-13,1,0.7,0.5,1135,1155,10,NA,0,0,100,NA
TB,2004,146,2004-05-25,1,0.5,0.5,1500,1745,15,SW,3,1,80,NA
TB,2004,161,2004-06-09,1,0.9,0.6,1305,1405,14,NA,0,0,100,NA
TB,2004,173,2004-06-21,1,NA,0.4,1400,1525,26,S,3,2,80,NA
TB,2004,188,2004-07-06,1,0.8,0.6,945,1035,13,NA,0,0,100,NA
TB,2004,201,2004-07-19,1,0.7,0.5,1415,1525,31,NA,0,0,30,NA
TB,2004,216,2004-08-03,1,0.6,0.5,1305,1355,27,NA,0,0,95,NA
TB,2004,230,2004-08-17,1,0.6,0.6,1450,1610,22,NA,0,0,75,NA
TB,2004,244,2004-08-31,1,0.7,0.7,1050,1122,20,NA,0,0,95,NA
TB,2004,254,2004-09-10,1,0.9,0.8,1400,1630,24.5,NE,3,0,95,NA
TB,2004,272,2004-09-28,1,0.9,0.4,921,1017,13,SSE,6,0,1,NA
TB,2004,286,2004-10-12,1,0.7,0.6,936,1104,13,SE,3,0,30,NA
TB,2004,300,2004-10-26,1,1.3,0.8,938,1024,8,SE,2,0,98,NA
TB,2004,316,2004-11-11,1,0.9,0.6,1317,1437,2.8,NA,0,0,0,NA
TB,2005,20,2005-01-20,1,NA,1.1,1225,1345,-4,NA,0,NA,100,1
TB,2005,46,2005-02-15,1,NA,0.8,1220,1345,-4,SSE,7,NA,30,1
TB,2005,90,2005-03-31,1,NA,1.4,1100,1245,3,NW,4,NA,100,1
TB,2005,108,2005-04-18,1,0.9,0.5,1350,1455,23,NA,0,0,75,NA
TB,2005,124,2005-05-04,1,0.7,0.7,1047,1120,14,NA,0,0,0,NA
TB,2005,138,2005-05-18,1,1.3,1,1425,1535,NA,S,1,1,100,NA
TB,2005,152,2005-06-01,1,1,0.8,1410,1550,28,ESE,3,0,95,NA
TB,2005,167,2005-06-16,1,1.2,1.1,1716,1900,20,E,4,0,5,NA
TB,2005,179,2005-06-28,1,1.3,0.9,952,1118,29,SSE,2,1,95,NA
TB,2005,192,2005-07-11,1,1.2,0.9,1352,1545,35,NA,0,0,45,NA
TB,2005,206,2005-07-25,1,1.6,1.3,926,1030,33,NA,0,0,95,NA
TB,2005,220,2005-08-08,1,1.6,1,1325,1456,30,N,5,1,0,NA
TB,2005,234,2005-08-22,1,1.4,1.2,1351,1435,25,WNW,4,1,1,NA
TB,2005,251,2005-09-08,1,0.9,0.7,1408,1529,21,NA,0,0,0,NA
TB,2005,265,2005-09-22,1,1.2,0.8,1318,1419,17,N,7,0,100,NA
TB,2005,278,2005-10-05,1,0.6,0.6,1245,1359,20.5,NA,0,0,100,NA
TB,2005,292,2005-10-19,1,0.8,0.6,955,1029,7.5,NW,4,1,50,NA
TB,2005,321,2005-11-17,1,0.9,0.5,1300,1405,-6,NA,0,0,30,NA
TB,2006,12,2006-01-12,1,NA,0.8,1235,1342,3,NA,0,NA,5,1
TB,2006,53,2006-02-22,1,NA,1.1,1125,1240,-2,NE,2,NA,95,1
TB,2006,88,2006-03-29,1,NA,1,1250,1355,6,NA,0,NA,0,1
TB,2006,108,2006-04-18,1,0.9,0.7,1415,NA,17,SE,4,1,0,NA
TB,2006,121,2006-05-01,1,1,0.9,1320,1415,10,S,1,1,100,NA
TB,2006,138,2006-05-18,1,0.9,0.9,940,1125,8,NW,2,1,80,NA
TB,2006,152,2006-06-01,1,0.9,0.6,1545,1700,28,W,5,1,20,NA
TB,2006,163,2006-06-12,1,0.8,0.7,925,1035,18,SE,4,1,70,NA
TB,2006,177,2006-06-26,1,0.3,0.9,1415,1530,NA,NA,0,0,15,NA
TB,2006,192,2006-07-11,1,0.8,0.6,945,1135,25,NA,0,0,75,NA
TB,2006,205,2006-07-24,1,1,0.5,1420,1510,30,NA,0,0,5,NA
TB,2006,220,2006-08-08,1,1.6,0.9,1430,1535,27,NA,0,0,0,NA
TB,2006,234,2006-08-22,1,1.1,1.1,1245,1330,24,NA,0,0,40,NA
TB,2006,250,2006-09-07,1,1.3,1.1,1207,1310,25.5,S,4,0,20,NA
TB,2006,262,2006-09-19,1,1.4,1,909,953,11,W,3,0,100,NA
TB,2006,275,2006-10-02,1,0.9,0.9,900,1009,16,NA,0,0,0,NA
TB,2006,290,2006-10-17,1,1.1,0.7,1221,1317,11,NA,0,0,100,NA
TB,2006,305,2006-11-01,1,1.2,1.1,938,1050,9,NW,8,1,20,NA
TB,2007,23,2007-01-23,1,NA,0.7,1200,1300,-3,SW,4,NA,70,1
TB,2007,52,2007-02-21,1,NA,0.6,1050,1200,3,NA,0,NA,15,1
TB,2007,86,2007-03-27,1,NA,1,1055,1148,5,SE,5,NA,100,1
TB,2007,115,2007-04-25,1,1.2,1,1400,1501,13,NA,0,0,100,NA
TB,2007,129,2007-05-09,1,1.5,1.1,1405,1500,25,NA,0,0,40,NA
TB,2007,142,2007-05-22,1,1.2,0.9,1405,1525,26,SE,0,1,20,NA
TB,2007,156,2007-06-05,1,1.3,1.3,1400,1500,16,NA,0,0,85,NA
TB,2007,169,2007-06-18,1,1.1,0.9,1243,1400,27,S,2,1,50,NA
TB,2007,186,2007-07-05,1,1.1,1,920,955,23,NA,0,0,1,NA
TB,2007,198,2007-07-17,1,1.3,0.9,1240,1340,25,NA,0,0,50,NA
TB,2007,214,2007-08-02,1,1.6,1.4,910,958,25,WNW,6,1,0,NA
TB,2007,225,2007-08-13,1,1.2,0.9,845,1020,21,NA,0,0,0,NA
TB,2007,241,2007-08-29,1,1.1,1.1,836,938,17,NA,0,0,99,NA
TB,2007,256,2007-09-13,1,1.1,0.9,1404,1522,14,NA,0,0,100,NA
TB,2007,269,2007-09-26,1,1.3,0.9,1335,1420,15,SE,5,1,2,NA
TB,2007,282,2007-10-09,1,1.3,0.8,951,1105,8,W,11,0,85,NA
TB,2007,297,2007-10-24,1,1.3,1.1,915,958,4,N,5,1,80,NA
TB,2007,319,2007-11-15,1,1.1,0.8,930,1036,-2,NW,6,0,100,NA
TB,2008,28,2008-01-28,1,NA,1.2,1350,1455,1,NA,0,NA,100,1
TB,2008,56,2008-02-25,1,NA,1.4,1300,1415,1,SE,2,NA,100,1
TB,2008,87,2008-03-27,1,NA,1.1,1335,1425,0,NW,3,NA,80,1
TB,2008,129,2008-05-08,1,1.2,1.1,1505,1616,NA,NA,0,0,40,NA
TB,2008,142,2008-05-21,1,1,0.8,1130,1210,14,NA,0,0,20,NA
TB,2008,155,2008-06-03,1,1.5,1.3,1635,1821,20,NA,0,0,95,NA
TB,2008,172,2008-06-20,1,1.9,1.5,1034,1116,27,NA,0,0,15,NA
TB,2008,182,2008-06-30,1,1.2,1,1432,1547,24,NW,4,2,0,NA
TB,2008,198,2008-07-16,1,1.1,1,1023,1115,31,NA,0,0,0,NA
TB,2008,210,2008-07-28,1,1.2,1,1455,1600,33,NA,0,0,20,NA
TB,2008,226,2008-08-13,1,1.3,1.2,1416,1450,22,NA,0,0,100,NA
TB,2008,239,2008-08-26,1,1.2,1.1,1426,1605,25,NA,0,0,0,NA
TB,2008,255,2008-09-11,1,1.2,1,856,930,16,S,5,0,100,NA
TB,2008,267,2008-09-23,1,1.6,1.3,917,1115,20,W,4,0,90,NA
TB,2008,280,2008-10-06,1,1.1,0.8,916,1012,9,SE,4,0,100,NA
TB,2008,295,2008-10-21,1,0.9,0.8,938,1038,7,SE,6,0,5,NA
TB,2008,316,2008-11-11,1,1.9,1.4,1003,1110,-1,E,3,0,10,NA
TB,2009,22,2009-01-22,1,NA,0.7,1055,1155,-5,NA,0,NA,100,1
TB,2009,48,2009-02-17,1,NA,1,1045,1153,1,NA,0,NA,90,1
TB,2009,84,2009-03-25,1,NA,1,1145,1250,-1,SE,7,NA,100,1
TB,2009,118,2009-04-28,1,0.9,0.7,1530,1715,13,NA,0,0,0,NA
TB,2009,134,2009-05-14,1,1,0.8,1027,1135,7,SW,2,0,90,NA
TB,2009,149,2009-05-29,1,0.9,0.6,1606,1746,16,NNE,2,0,30,NA
TB,2009,160,2009-06-09,1,1.1,0.9,1225,1344,13,NNW,0,0,100,NA
TB,2009,173,2009-06-22,1,1.1,0.9,1341,1552,29,SE,2,0,65,NA
TB,2009,187,2009-07-06,1,0.9,0.8,1311,1424,22,NW,4,1,0,NA
TB,2009,202,2009-07-21,1,1.2,0.8,1027,1203,21,W,4,0,95,NA
TB,2009,217,2009-08-05,1,1,0.6,1013,1121,18,W,5,0,50,NA
TB,2009,229,2009-08-17,1,1.3,1.2,1440,1630,24,NNE,4,0,50,NA
TB,2009,245,2009-09-02,1,1.1,0.9,1327,1426,22,NA,0,0,3,NA
TB,2009,258,2009-09-15,1,1.8,1.7,1502,1624,23,SE,1,0,40,NA
TB,2009,271,2009-09-28,1,1.5,1.5,935,1022,9,SSW,7,3,95,NA
TB,2009,285,2009-10-12,1,1.2,1.1,856,1033,0,NA,0,0,100,NA
TB,2009,300,2009-10-27,1,1.2,1.2,1316,1359,7,NA,0,0,0,NA
TB,2009,320,2009-11-16,1,0.8,0.8,900,1026,4,NA,0,0,0,NA
TB,2010,14,2010-01-14,1,NA,0.8,1135,1250,-5,NA,0,NA,100,1
TB,2010,53,2010-02-22,1,NA,1,1130,1220,3,NA,0,NA,90,1
TB,2010,103,2010-04-13,1,1,0.9,1529,1630,12,NA,0,0,100,NA
TB,2010,116,2010-04-26,1,1.2,1.1,1412,1445,16,NA,0,0,3,NA
TB,2010,131,2010-05-11,1,1.1,0.9,1138,1235,11,NA,0,0,100,NA
TB,2010,145,2010-05-25,1,1.3,1.1,1410,1535,21,SW,2,0,100,NA
TB,2010,161,2010-06-10,1,1.2,1,945,1140,18,S,4,0,80,NA
TB,2010,174,2010-06-23,1,1.6,1.2,922,1010,24,W,4,0,100,NA
TB,2010,188,2010-07-07,1,2,1.2,1410,1534,28,NA,0,0,70,NA
TB,2010,203,2010-07-22,1,1.7,1.7,840,915,23,NA,0,0,100,NA
TB,2010,215,2010-08-03,1,1.7,1.1,840,1000,30,NW,3,0,15,NA
TB,2010,228,2010-08-16,1,2.1,1.1,1236,1320,22,N,9,3,60,NA
TB,2010,244,2010-09-01,1,1.7,1.5,1528,1737,26,NA,0,0,60,NA
TB,2010,257,2010-09-14,1,1.9,1.5,1319,1427,20,SE,2,0,75,NA
TB,2010,271,2010-09-28,1,1.9,1.6,913,1055,13,E,1,0,100,NA
TB,2010,284,2010-10-11,1,1.5,1.2,850,940,14,NA,0,0,100,NA
TB,2010,299,2010-10-26,1,1.2,1.1,1437,1552,7,SSE,5,2,100,NA
TB,2010,319,2010-11-15,1,1.6,1.1,1009,1139,5,NA,0,0,100,NA
TB,2011,24,2011-01-24,1,NA,0.7,1130,1230,-5,NA,0,NA,100,1
TB,2011,46,2011-02-15,1,NA,0.6,1340,1445,6,S,4,NA,15,1
TB,2011,75,2011-03-16,1,NA,0.9,1025,1135,5,SE,4,NA,10,1
TB,2011,123,2011-05-03,1,0.7,0.7,1045,1205,5,NA,0,0,40,NA
TB,2011,138,2011-05-18,1,0.8,0.7,1000,1105,24,SSE,2,0,90,NA
TB,2011,152,2011-06-01,1,0.7,0.6,1639,1819,19,WNW,8,2,2,NA
TB,2011,165,2011-06-14,1,0.9,0.7,929,1022,24,ESE,3,1,2,NA
TB,2011,178,2011-06-27,1,0.9,0.8,1326,1430,28,NE,2,2,80,NA
TB,2011,194,2011-07-13,1,1.1,1,911,1002,18,NNW,2,1,100,NA
TB,2011,206,2011-07-25,1,1.2,1.1,1347,1505,33,NNE,6,2,10,NA
TB,2011,221,2011-08-09,1,1.2,1.1,1334,1420,23,WSW,10,3,95,NA
TB,2011,235,2011-08-23,1,1.2,1.1,1707,1855,20,NA,0,0,100,NA
TB,2011,252,2011-09-09,1,1.1,0.8,1427,1525,29,NA,0,0,5,NA
TB,2011,263,2011-09-20,1,1.2,1,952,1128,19,NNW,6,0,100,NA
TB,2011,276,2011-10-03,1,0.9,0.8,952,1040,19,NA,0,0,0,NA
TB,2011,291,2011-10-18,1,1.1,0.9,930,1050,8.5,NA,0,0,95,NA
TB,2011,305,2011-11-01,1,0.9,0.7,1324,1445,9.5,NA,0,0,45,NA
TB,2011,315,2011-11-11,1,1.1,0.7,1002,1144,3,SSE,3,1,75,NA
TB,2012,10,2012-01-10,1,NA,0.5,1310,1420,4,NA,0,NA,0,1
TB,2012,51,2012-02-20,1,NA,0.9,1330,1426,5,NA,0,NA,65,1
TB,2012,93,2012-04-02,1,0.4,0.5,1034,1146,14,SE,5,1,5,NA
TB,2012,107,2012-04-16,1,0.8,0.7,1405,1446,0,NA,0,1,100,NA
TB,2012,123,2012-05-02,1,1,0.7,1410,1520,23,NA,0,0,15,NA
TB,2012,136,2012-05-15,1,1.1,0.9,1340,1421,21,N,7,1,20,NA
TB,2012,151,2012-05-30,1,1.2,1.1,1257,1424,15,SW,1,1,95,NA
TB,2012,163,2012-06-11,1,1.1,0.7,1316,1405,33,NW,7,4,30,NA
TB,2012,178,2012-06-26,1,1.2,1.1,952,1102,25,NNE,0,0,0,NA
TB,2012,193,2012-07-11,1,1.2,1.1,909,950,25,NE,3,1,0,NA
TB,2012,205,2012-07-23,1,1.2,1.2,1416,1528,34,NA,0,1,2,NA
TB,2012,222,2012-08-09,1,1.2,1,915,942,18,NA,0,0,100,NA
TB,2012,234,2012-08-21,1,0.9,0.6,1425,1657,39,SE,3,0,0,NA
TB,2012,251,2012-09-07,1,1.1,0.9,915,1000,21,W,2,0,70,NA
TB,2012,263,2012-09-19,1,0.9,0.7,852,1028,10.5,ENE,3,0,90,NA
TB,2012,276,2012-10-02,1,0.8,0.6,1419,1505,23,WNW,2,0,0,NA
TB,2012,290,2012-10-16,1,1.1,0.7,1458,1610,19,NA,0,0,70,NA
TB,2012,304,2012-10-30,1,1,0.9,1000,1120,NA,NA,NA,NA,80,NA
TB,2012,310,2012-11-05,1,0.9,0.7,1351,1450,4,NA,0,0,70,NA
TB,2013,28,2013-01-28,1,NA,0.8,1200,1257,8,NA,0,NA,100,1
TB,2013,49,2013-02-18,1,NA,0.7,1110,1155,6,NA,0,NA,100,1
TB,2013,86,2013-03-27,1,NA,1,1410,1455,3.5,NA,0,NA,40,1
TB,2013,133,2013-05-13,1,1,0.9,1400,1505,17,NA,0,0,100,NA
TB,2013,164,2013-06-13,1,1.3,0.7,940,1105,21,S,4,0,20,NA
TB,2013,176,2013-06-25,1,1.3,0.9,1425,1510,34,NA,0,0,45,NA
TB,2013,191,2013-07-10,1,1,0.7,950,1125,23,NE,5,0,40,NA
TB,2013,218,2013-08-06,1,1,0.4,1620,1805,27,NA,0,0,10,NA
TB,2013,234,2013-08-22,1,0.8,0.6,920,1100,24,NW,2,0,5,NA
TB,2013,247,2013-09-04,1,0.9,0.8,954,1140,20,W,3,1,60,NA
TB,2013,273,2013-09-30,1,1.1,0.6,1435,1553,21,SSE,5,1,80,NA
TB,2013,302,2013-10-29,1,1.1,0.8,947,1050,4,NA,0,0,98,NA
TB,2013,312,2013-11-08,1,1,0.7,1003,1119,3,NA,0,0,50,NA
TB,2014,24,2014-01-24,1,NA,0.8,1310,1420,-8,NA,0,NA,100,1
TB,2014,51,2014-02-20,1,NA,1.1,1045,1215,9,NA,0,NA,100,1
TB,2014,87,2014-03-28,1,NA,1,1425,1531,4,E,2,NA,75,1
TB,2014,141,2014-05-21,1,1,0.8,1020,1250,13,NE,1,1,100,NA
TB,2014,154,2014-06-03,1,0.9,0.8,1330,1440,22.9,NNE,3,1,80,NA
TB,2014,167,2014-06-16,1,1.5,1,1605,1805,28,NA,0,0,100,NA
TB,2014,181,2014-06-30,1,1.5,1,1435,1535,28,S,6,2,100,NA
TB,2014,197,2014-07-16,1,1.3,0.7,1530,1650,28,W,3,1,20,NA
TB,2014,210,2014-07-29,1,1.4,1.2,935,1030,20,W,2,0,20,NA
TB,2014,223,2014-08-11,1,1.2,1,910,1035,16,NA,0,0,100,NA
TB,2014,237,2014-08-25,1,1.1,0.9,1305,1405,35,NW,5,1,8,NA
TB,2014,252,2014-09-09,1,1.5,1,1035,1211,29,NA,0,0,85,NA
TB,2014,266,2014-09-23,1,1.2,0.7,1027,1112,19,NA,0,0,0,NA
TB,2014,279,2014-10-06,1,1.2,0.8,1436,1612,14,W,3,0,0,NA
TB,2014,293,2014-10-20,1,1.3,1,1351,1428,10,NW,4,0,100,NA
TB,2014,311,2014-11-07,1,0.9,1.2,1330,1445,2,SE,4,0,100,NA
TB,2015,20,2015-01-20,1,NA,0.7,1058,1147,-3,NA,0,NA,100,1
TB,2015,65,2015-03-06,1,NA,1.1,1100,1200,-5,NA,0,NA,0,1
TB,2015,83,2015-03-24,1,NA,1,1415,1508,5,NA,0,NA,20,1
TB,2015,111,2015-04-21,1,1.1,0.8,1435,1545,3,NA,0,0,100,NA
TB,2015,124,2015-05-04,1,1.2,0.9,1355,1440,24,NA,0,0,25,NA
TB,2015,141,2015-05-21,1,1.3,0.5,945,1120,23,E,1,1,0,NA
TB,2015,154,2015-06-03,1,1.6,1,1505,1608,33,SE,2,0,95,NA
TB,2015,168,2015-06-17,1,1.5,0.8,1436,1558,23,NA,0,0,90,NA
TB,2015,182,2015-07-01,1,1.6,0.8,1340,1421,26,NNW,0,0,1,NA
TB,2015,196,2015-07-15,1,1.3,0.9,924,1058,30,NNE,2,0,15,NA
TB,2015,209,2015-07-28,1,1.6,1.1,920,1005,23,SSE,2,0,99,NA
TB,2015,223,2015-08-11,1,1.6,0.8,923,1040,26,NE,2,0,20,NA
TB,2015,237,2015-08-25,1,1.7,1.2,935,1100,13,NW,4,1,100,NA
TB,2015,253,2015-09-10,1,1.6,1.1,938,1150,19.5,NNE,1,0,80,NA
TB,2015,265,2015-09-22,1,1.6,1.2,1400,1500,21,NA,0,0,80,NA
TB,2015,278,2015-10-05,1,1.4,1.1,955,1123,15,NA,0,0,98,NA
TB,2015,293,2015-10-20,1,1.4,1.2,1355,1506,17,S,4,2,99,NA
TB,2015,321,2015-11-17,1,1.3,1.1,1433,1615,9,SE,3,2,100,NA
TB,2016,25,2016-01-25,1,NA,0.8,1335,1445,-1,NA,0,NA,100,1
TB,2016,55,2016-02-24,1,NA,0.7,1105,1200,2,SE,5,NA,100,1
TB,2016,113,2016-04-22,1,1.8,0.8,1415,1520,12,NA,0,0,3,NA
TB,2016,130,2016-05-09,1,1.2,1,1410,1450,22,E,1,1,5,NA
TB,2016,145,2016-05-24,1,1.7,1.3,1515,1700,28,SSW,2,1,10,NA
TB,2016,159,2016-06-07,1,1.6,1.2,930,1030,12.5,SW,3,2,100,NA
TB,2016,174,2016-06-22,1,1.1,1,1435,1600,28.5,NA,0,0,15,NA
TB,2016,188,2016-07-06,1,2.4,2.1,920,1015,27.5,WSW,3,1,80,NA
TB,2016,201,2016-07-19,1,1.1,0.9,940,1120,29.5,NW,2,0,5,NA
TB,2016,214,2016-08-01,1,1.2,0.9,1245,1345,30.5,NA,0,0,15,NA
TB,2016,229,2016-08-16,1,1.4,0.9,937,1115,28,E,3,1,50,NA
TB,2016,244,2016-08-31,1,1.6,1,930,1040,24,S,4,0,50,NA
TB,2016,258,2016-09-14,1,1.4,1,910,1030,13,W,1,0,20,NA
TB,2016,272,2016-09-28,1,1,0.8,1250,1400,15,NW,8,1,90,NA
TB,2016,284,2016-10-10,1,1.1,0.8,1320,1500,13,S,11,1,0,NA
TB,2016,300,2016-10-26,1,1.2,0.9,905,955,4,WNW,3,0,100,NA
TB,2016,321,2016-11-16,1,0.8,0.7,1400,1545,8,NA,0,0,90,NA
TB,2017,20,2017-01-20,1,NA,1,1110,1200,3,NA,0,NA,100,1
TB,2017,48,2017-02-17,1,NA,0.4,1118,1230,6,NA,0,NA,0,1
TB,2017,88,2017-03-29,1,NA,0.8,1055,1150,7,NA,0,NA,100,1
TB,2017,109,2017-04-19,1,0.9,0.6,1025,1152,8,NA,0,0,100,NA
TB,2017,122,2017-05-02,1,1.1,0.7,930,1015,3,N,1,1,100,NA
TB,2017,138,2017-05-18,1,1,0.8,1303,1410,9,N,2,1,100,NA
TB,2017,151,2017-05-31,1,1.1,0.9,1350,1510,20,WNW,3,1,25,NA
TB,2017,166,2017-06-15,1,0.9,0.6,1550,1710,26,S,8,2,30,NA
TB,2017,177,2017-06-26,1,0.9,1.1,1401,1505,26,SE,5,1,50,NA
TB,2017,191,2017-07-10,1,1.1,0.9,950,1120,29,NA,0,0,35,NA
TB,2017,207,2017-07-26,1,0.9,0.7,1255,1330,29,NA,0,0,35,NA
TB,2017,219,2017-08-07,1,0.7,0.6,935,1115,21,NA,0,0,20,NA
TB,2017,235,2017-08-23,1,0.8,0.6,1310,1350,26,NW,5,0,40,NA
TB,2017,249,2017-09-06,1,1.2,0.8,1320,1525,16,NNE,3,0,60,NA
TB,2017,261,2017-09-18,1,1,0.6,1302,1352,17,S,2,0,100,NA
TB,2017,275,2017-10-02,1,0.9,0.6,917,1019,15,SSE,2,1,100,NA
TB,2017,291,2017-10-18,1,0.7,0.6,915,952,13,SE,1,0,1,NA
TB,2017,310,2017-11-06,1,0.9,0.6,1358,1508,1,NA,0,0,8,NA
TB,2018,19,2018-01-19,1,NA,1.1,1020,1120,4,SE,3,NA,100,1
TB,2018,54,2018-02-23,1,NA,1,1320,1422,0,NA,0,NA,100,1
TB,2018,87,2018-03-28,1,NA,0.9,945,1043,6,SE,3,NA,0,1
TB,2018,136,2018-05-16,1,1.2,0.9,1330,1501,24,NW,3,1,15,NA
TB,2018,150,2018-05-30,1,1.2,0.9,1251,1405,24,NA,0,0,100,NA
TB,2018,163,2018-06-12,1,1.2,0.9,915,1050,23,NA,0,1,95,NA
TB,2018,177,2018-06-26,1,1.2,0.8,915,1015,26,NA,0,1,20,NA
TB,2018,191,2018-07-10,1,1.1,0.9,921,1048,27,NA,0,1,70,NA
TB,2018,205,2018-07-24,1,1.2,0.9,1430,1520,34,NE,3,2,10,NA
TB,2018,218,2018-08-06,1,1.2,0.8,1345,1500,30,NA,0,1,30,NA
TB,2018,233,2018-08-21,1,1.3,0.8,1305,1355,22,N,2,1,90,NA
TB,2018,249,2018-09-06,1,0.9,0.5,1000,1155,22,NA,0,1,0,NA
TB,2018,261,2018-09-18,1,1.2,0.9,950,1040,17,NA,0,0,100,NA
TB,2018,274,2018-10-01,1,1.2,0.6,950,1125,13,NA,0,0,50,NA
TB,2018,290,2018-10-17,1,1.4,0.4,940,1025,5,NW,3,1,70,NA
TB,2018,310,2018-11-06,1,1,0.4,1000,1200,2,W,5,0,100,NA
TB,2019,14,2019-01-14,1,NA,0.6,1320,1432,-1,NA,0,NA,100,1
TB,2019,53,2019-02-22,1,NA,0.8,1350,1448,3,NA,0,NA,2,1
TB,2019,84,2019-03-25,1,NA,0.5,1015,1107,6,E,5,NA,0,1
TB,2019,126,2019-05-06,1,1,0.6,1235,1346,16,WW,4,0,50,NA
TB,2019,141,2019-05-21,1,1,0.6,1417,1514,22,NA,0,1,50,NA
TB,2019,155,2019-06-04,1,1.1,0.7,1503,1645,31,SE,2,2,50,NA
TB,2019,170,2019-06-19,1,1,0.7,1313,1407,27,E,2,2,60,NA
TB,2019,182,2019-07-01,1,1.1,0.6,1548,1710,25,NA,0,0,100,NA
TB,2019,198,2019-07-17,1,1,0.4,927,1019,30,NA,0,0,15,NA
TB,2019,210,2019-07-29,1,1,0.8,1427,1630,28,W,6,1,70,NA
TB,2019,224,2019-08-12,1,0.7,0.3,927,1029,25,NA,0,0,45,NA
TB,2019,238,2019-08-26,1,1.2,0.8,924,1037,21,W,3,0,95,NA
TB,2019,254,2019-09-11,1,1.1,0.7,1040,1120,10,W,5,0,100,NA
TB,2019,267,2019-09-24,1,1.2,0.8,1400,1611,20,NW,3,0,15,NA
TB,2019,281,2019-10-08,1,1.1,0.7,948,1034,12,NW,2,0,30,NA
TB,2019,296,2019-10-23,1,1.1,0.7,1440,1600,1.5,NA,0,1,95,NA
TB,2019,309,2019-11-05,1,0.8,0.3,935,1153,-6,NA,0,1,33,NA
TB,2020,22,2020-01-22,1,NA,1,1048,1145,-3,S,3,NA,100,1
TB,2020,48,2020-02-17,1,NA,1.2,1340,1445,-3,W,4,NA,99,1
TB,2020,121,2020-04-30,1,0.9,0.4,1335,1450,12,NW,6,1,0,NA
TB,2020,155,2020-06-03,1,1.2,0.7,1212,1307,24,N,7,0,2,NA
TB,2020,183,2020-07-01,1,1.1,0.8,918,1022,26,NA,0,0,5,NA
TB,2020,218,2020-08-05,1,1.1,0.5,857,1000,20,NA,0,0,15,NA
TB,2020,253,2020-09-09,1,1.1,0.9,1216,1315,7,NA,0,0,100,NA
TB,2020,286,2020-10-12,1,1.1,0.7,1025,1215,6,W,6,0,100,NA
TB,2020,302,2020-10-28,1,1.1,0.5,1204,1313,0,W,3,0,100,NA
TB,2021,20,2021-01-20,1,NA,0.5,1235,1340,-10,S,6,NA,100,1
TB,2021,56,2021-02-25,1,NA,0.4,1300,1400,1,W,4,NA,30,1
TB,2021,99,2021-04-09,1,1.1,0.7,930,1032,5,E,5,0,99,NA
TB,2021,125,2021-05-05,1,1.1,0.8,1115,1205,9,N,3,0,50,NA
TB,2021,155,2021-06-04,1,1.2,0.4,1140,1235,23,NA,0,0,0,NA
TB,2021,181,2021-06-30,1,1.3,0.8,1417,1507,23,W,2,0,60,NA
TB,2021,209,2021-07-28,1,1.1,0.5,935,1024,26.5,W,1,0,50,NA
TB,2021,236,2021-08-24,1,1.2,0.9,959,1055,20,NA,0,0,100,NA
TB,2021,266,2021-09-23,1,1.6,1.1,915,1022,17,SSE,1,0,5,NA
TB,2021,291,2021-10-18,1,1.3,0.6,939,1055,7,NA,0,0,0,NA
TB,2021,320,2021-11-16,1,1.1,0.7,1339,1447,3,ESE,3,2,100,NA
TB,2022,38,2022-02-07,1,NA,1,1302,1352,-4,ENE,1,NA,0,1
TB,2022,47,2022-02-16,1,NA,1.2,1008,1113,1.2,NW,1,NA,100,1
TB,2022,74,2022-03-15,1,NA,1,1254,1340,9,S,6,NA,0,1
TB,2022,126,2022-05-06,1,1.1,1,930,1025,16,N,1,0,0,NA
TB,2022,137,2022-05-17,1,1.1,0.5,1243,1316,18,E,1,0,1,NA
TB,2022,153,2022-06-02,1,1.5,1,918,1044,20,NE,2,2,5,NA
TB,2022,165,2022-06-14,1,1,0.8,1320,1402,26,SE,4,1,55,NA
TB,2022,180,2022-06-29,1,1.1,0.8,1441,1542,24,NA,0,0,95,NA
TB,2022,192,2022-07-11,1,1.2,0.8,1233,1304,22.5,S,2,0,95,NA
TB,2022,207,2022-07-26,1,1.1,0.8,937,1050,21,SW,1,0,50,NA
TB,2022,220,2022-08-08,1,1,0.8,1425,1506,21.2,E,2,0,25,NA
TB,2022,238,2022-08-26,1,1.2,0.7,959,1125,22,S,2,1,1,NA
TB,2022,251,2022-09-08,1,0.9,0.7,1300,1336,29,NW,4,3,10,NA
TB,2022,263,2022-09-20,1,0.9,0.6,1411,1530,32,NA,0,1,65,NA
TB,2022,277,2022-10-04,1,0.9,0.6,955,1048,18,NA,0,1,95,NA
TB,2022,290,2022-10-17,1,0.9,0.6,1106,1250,2,WSW,9,3,100,NA
TB,2022,306,2022-11-02,1,0.8,0.7,931,1028,15,NNE,3,1,5,NA
TB,2022,319,2022-11-15,1,0.7,0.5,1500,1635,1.4,N/A,0,0,100,NA
TB,2023,19,2023-01-19,1,NA,0.6,1402,1451,1,NA,0,NA,100,1
TB,2023,46,2023-02-15,1,NA,0.7,1110,1214,1,NW,1,NA,100,1
TB,2023,75,2023-03-16,1,0.9,NA,1307,1357,7,NA,0,NA,100,1
TB,2023,125,2023-05-05,1,1.1,0.6,1330,1440,18,N,1,0,100,NA
TB,2023,152,2023-06-01,1,1.2,1,859,1050,23.4,NA,0,0,15,NA
TB,2023,164,2023-06-13,1,1.2,0.7,1000,1038,16.3,NE,2,1,100,NA
TB,2023,179,2023-06-28,1,1.2,0.7,902,1040,18.2,NA,0,0,100,NA
TB,2023,191,2023-07-10,1,0.9,0.7,1422,1522,24.2,NA,0,0,85,NA
TB,2023,205,2023-07-24,1,1.2,0.8,1352,1543,24.1,NW,3,NA,60,NA
TB,2023,220,2023-08-08,1,0.9,0.5,1355,1433,27,W,3,0,40,NA
TB,2023,235,2023-08-23,1,1.2,1,846,944,20.3,0.0,0,0,100,NA
TB,2023,249,2023-09-06,1,1.4,1.1,1414,1514,19,WNW,4,4,100,NA
TB,2023,261,2023-09-18,1,1.3,0.8,1408,1530,18,SE,2,1,40,NA
TB,2023,277,2023-10-04,1,1.6,1,917,1004,20,ESE,4,1,95,NA
TB,2023,291,2023-10-18,1,1.2,0.8,1253,1402,13,NA,0,0,100,NA
TB,2023,304,2023-10-31,1,1.3,0.7,1017,1122,2,NE,8,1,90,NA
TB,2023,319,2023-11-15,1,0.9,0.6,851,1019,11,NA,0,0,0,NA
TB,2024,8,2024-01-08,1,NA,0.7,1356,1501,-1,NE,1,NA,100,1
TB,2024,39,2024-02-08,1,NA,0.7,1307,1355,13,SE,1,NA,0,1
TB,2024,102,2024-04-11,1,1,0.7,1251,1400,16,S,2,0,90,NA
TB,2024,122,2024-05-01,1,1.5,1,1320,1415,12,W,3,0,100,NA
TB,2024,134,2024-05-13,1,1.4,0.9,959,1059,18,WNW,2,0,1,NA
TB,2024,150,2024-05-29,1,0.9,1.2,1358,1510,24,E,1,2,0,NA
TB,2024,162,2024-06-10,1,1.6,0.7,1520,1809,14,SW,1,1,4,NA
TB,2024,180,2024-06-28,1,1.2,0.6,1522,1622,16.4,SE,1,1,99,NA
TB,2024,190,2024-07-08,1,2.1,1.6,1353,1634,20,S,0,1,95,NA
TB,2024,204,2024-07-22,1,1.2,0.9,930,1038,27,E,1,1,5,NA
TB,2024,219,2024-08-06,1,1.1,0.7,1355,1540,22.2,E,0,1,5,NA
TB,2024,234,2024-08-21,1,0.7,0.7,1318,1357,22.3,NW,0,1,35,NA
TB,2024,249,2024-09-05,1,1.1,0.7,1459,1648,15.7,S,3,1,90,NA
TB,2024,261,2024-09-17,1,0.8,0.5,853,1005,23.1,N,1,0,5,NA
TB,2024,274,2024-09-30,1,0.9,0.6,857,1023,20.3,W,1,0,0,NA
TB,2024,289,2024-10-15,1,0.9,0.7,1342,1435,7.1,S,1,1,50,NA
TB,2024,303,2024-10-29,1,1.2,0.6,1418,1537,21.4,W,2,0,20,NA
TB,2024,326,2024-11-21,1,0.9,0.7,950,1157,5,E,5,2,100,NA
TB,2025,16,2025-01-16,1,NA,0.9,948,1041,1,NW,4,NA,100,1
TB,2025,52,2025-02-21,1,NA,1,1315,1435,3,N,2,NA,60,1
TB,2025,73,2025-03-14,1,NA,0.8,928,1015,9,SE,2,NA,80,1
TB,2025,112,2025-04-22,1,0.9,0.7,1054,1231,10,N,1,0,100,NA
TB,2025,132,2025-05-12,1,1.2,1,1345,1450,27.2,SW,1,1,0,NA
TB,2025,149,2025-05-29,1,1.4,0.9,1334,1442,21.3,E,3,1,20,NA
TB,2025,162,2025-06-11,1,0.9,0.8,1309,1437,23.1,N,2,1,100,NA
TB,2025,176,2025-06-25,1,1,0.7,1311,1353,20.3,W,1,0,100,NA
TB,2025,189,2025-07-08,1,1.2,0.9,914,1035,22.8,E,2,2,60,NA
TB,2025,202,2025-07-21,1,1,0.8,1418,1458,21.8,NE,2,2,100,NA
TB,2025,216,2025-08-04,1,1.3,1.8,1331,1510,28.7,NA,0,1,40,NA
TB,2025,230,2025-08-18,1,1,0.8,850,937,17,E,2,1,100,NA
TB,2025,247,2025-09-04,1,1.3,0.9,1255,1345,11.6,E,4,1,100,NA
TB,2025,259,2025-09-16,1,1.1,0.9,1002,1044,20.4,E,2,0,70,NA
TB,2025,272,2025-09-29,1,0.8,0.5,1536,1801,22.3,SW,0,0,30,NA
TB,2025,287,2025-10-14,1,0.9,0.6,1534,1654,12.4,NA,1,0,100,NA
TB,2025,300,2025-10-27,1,0.8,0.6,1336,1512,12,SE,2,0,0,NA
TB,2025,316,2025-11-12,1,1.3,0.6,1037,1200,6.9,W,10,2,10,NA
TR,1981,112,1981-04-22,2,NA,NA,NA,NA,8.8,NA,NA,NA,99,NA
TR,1981,140,1981-05-20,2,NA,NA,NA,NA,22,NA,NA,NA,95,NA
TR,1981,154,1981-06-03,2,NA,NA,NA,NA,15.6,SW,NA,NA,99,NA
TR,1981,169,1981-06-18,2,NA,NA,NA,NA,16.5,SW,23,NA,0,NA
TR,1981,183,1981-07-02,2,NA,NA,NA,NA,27,S,8,NA,NA,NA
TR,1981,194,1981-07-13,2,6.1,NA,NA,NA,24,NA,NA,23,NA,NA
TR,1981,210,1981-07-29,2,4.8,NA,NA,NA,20,NA,0,0,0,NA
TR,1981,222,1981-08-10,2,4.9,NA,NA,NA,19,NW,NA,2,50,NA
TR,1981,238,1981-08-26,2,4.3,NA,NA,NA,20.5,NE,NA,0,99,NA
TR,1981,254,1981-09-11,2,4.8,NA,NA,NA,19,SSW,3,4,2,NA
TR,1981,264,1981-09-21,2,5.2,NA,NA,NA,12.6,E,5,20,80,NA
TR,1981,294,1981-10-21,2,3.8,NA,NA,NA,-0.5,N,3,18,80,NA
TR,1981,337,1981-12-03,2,4,NA,NA,NA,3.8,NA,0,1,50,NA
TR,1982,19,1982-01-19,2,4.1,3.1,1015,1300,-8.2,SW,3,NA,99,1
TR,1982,61,1982-03-02,2,NA,5.7,1010,1405,-12,N,8,NA,10,1
TR,1982,96,1982-04-06,2,NA,4.8,1015,1150,-6.8,N,8,NA,25,1
TR,1982,133,1982-05-13,2,3.9,3.3,1003,1150,12.2,SSE,8,10,99,NA
TR,1982,146,1982-05-26,2,NA,4.1,1414,1635,21,S,10,15,15,NA
TR,1982,159,1982-06-08,2,NA,4.3,944,1140,16,W,3,3,90,NA
TR,1982,173,1982-06-22,2,6.6,5.2,945,1135,14,NNE,6,6,80,NA
TR,1982,188,1982-07-07,2,5.4,4.6,1110,1305,21,W,13,30,80,NA
TR,1982,200,1982-07-19,2,5.1,4.8,1017,1232,22,SE,3,4,20,NA
TR,1982,215,1982-08-03,2,4.7,3.5,945,1230,22,S,13,30,99,NA
TR,1982,229,1982-08-17,2,4.9,4.6,1444,1725,30,NA,0,0,10,NA
TR,1982,253,1982-09-10,2,NA,4.1,1133,1500,21,S,5,30,99,NA
TR,1982,270,1982-09-27,2,4.1,3.9,714,1120,9.5,NA,0,0,99,NA
TR,1982,277,1982-10-04,2,NA,4.4,1220,1500,15,S,8,30,80,NA
TR,1982,294,1982-10-21,2,4.5,3.6,1015,1247,1.7,W,5,10,99,NA
TR,1982,312,1982-11-08,2,4.1,3.6,945,1210,1.8,WNW,7,15,99,NA
TR,1982,333,1982-11-29,2,4.9,4.2,1125,1350,0.4,S,3,10,99,NA
TR,1983,10,1983-01-10,2,NA,5.1,945,1300,0.8,NA,0,NA,99,1
TR,1983,47,1983-02-16,2,NA,5.8,1135,1337,3.5,NA,0,NA,99,1
TR,1983,88,1983-03-29,2,NA,3,1000,1530,6,SE,5,NA,40,1
TR,1983,129,1983-05-09,2,4.5,4.3,1050,1230,8,NA,0,0,0,NA
TR,1983,144,1983-05-24,2,3.7,3.7,920,1220,14,SW,10,15,80,NA
TR,1983,158,1983-06-07,2,3.8,3.3,1025,1328,12,W,5,13,0,NA
TR,1983,171,1983-06-20,2,6.1,5.1,1030,1451,20.8,S,3,10,0,NA
TR,1983,187,1983-07-06,2,4.7,4.3,910,1250,17.5,S,3,4,0,NA
TR,1983,199,1983-07-18,2,NA,5,1020,1320,24,NA,0,0,99,NA
TR,1983,215,1983-08-03,2,6,6,940,1230,23.5,NA,0,1,99,NA
TR,1983,227,1983-08-15,2,5.1,4.3,1010,1300,23,S,1,5,30,NA
TR,1983,251,1983-09-08,2,NA,NA,1005,1250,22.9,S,6,60,10,NA
TR,1983,270,1983-09-27,2,4.3,3.6,1020,1310,15.8,S,10,10,99,NA
TR,1983,291,1983-10-18,2,5.1,4.2,942,1211,6,NNE,4,3,99,NA
TR,1983,321,1983-11-17,2,4,3.2,934,1210,-1.8,SE,3,2,99,NA
TR,1983,334,1983-11-30,2,5,3.7,940,1105,-4.8,NW,18,20,99,NA
TR,1984,9,1984-01-09,2,NA,4,1130,1415,-8,SSW,5,NA,99,1
TR,1984,52,1984-02-21,2,NA,5.1,1048,1355,1.2,S,5,NA,99,1
TR,1984,102,1984-04-11,2,NA,5.8,1103,1311,7.8,S,5,NA,95,1
TR,1984,128,1984-05-07,2,4,3.9,1028,1250,7.3,S,3,2,99,NA
TR,1984,143,1984-05-22,2,3.9,3.3,948,1245,14.2,W,5,11,87,NA
TR,1984,159,1984-06-07,2,4.9,4.3,815,NA,20,S,5,10,99,NA
TR,1984,171,1984-06-19,2,5.8,5.5,955,1310,26.1,N,2,0,8,NA
TR,1984,187,1984-07-05,2,6.1,5.2,821,1115,17.4,W,13,14,89,NA
TR,1984,198,1984-07-16,2,5.3,4.5,945,1230,22,W,6,8,63,NA
TR,1984,215,1984-08-02,2,5.4,5.1,1219,1500,20,SE,3,2,99,NA
TR,1984,228,1984-08-15,2,5.1,4.3,920,1204,23,SW,8,10,40,NA
TR,1984,248,1984-09-04,2,4.3,4,905,1135,12.3,N,5,15,90,NA
TR,1984,270,1984-09-26,2,4.5,4,1016,1320,7.9,W,11,15,70,NA
TR,1984,290,1984-10-16,2,5,3.9,920,1242,9.8,NE,6,8,5,NA
TR,1984,311,1984-11-06,2,NA,3.6,1255,1510,2.8,W,1,4,20,NA
TR,1984,332,1984-11-27,2,NA,3.4,1000,1226,8.8,SW,9,9,99,NA
TR,1985,8,1985-01-08,2,NA,4,920,1123,-15,NA,0,NA,20,1
TR,1985,56,1985-02-25,2,NA,4.9,845,1110,-0.2,S,5,NA,99,1
TR,1985,84,1985-03-25,2,NA,6,925,1215,3.3,S,1,NA,0,1
TR,1985,102,1985-04-12,2,NA,NA,850,1000,4,NA,0,NA,99,1
TR,1985,120,1985-04-30,2,5,4,945,1252,15.2,NA,0,0,99,NA
TR,1985,133,1985-05-13,2,4,3.7,925,1210,13,NW,5,25,0,NA
TR,1985,148,1985-05-28,2,4.9,4.4,850,1157,12,SE,6,5,20,NA
TR,1985,162,1985-06-11,2,6,5.5,854,1148,13.5,E,3,6,99,NA
TR,1985,177,1985-06-26,2,5.1,4.9,905,1110,22,SE,5,5,90,NA
TR,1985,189,1985-07-08,2,5.2,4.9,1340,1548,21,NNW,15,25,15,NA
TR,1985,206,1985-07-25,2,6,5.4,1017,1226,22,SSW,23,3,45,NA
TR,1985,218,1985-08-06,2,6.1,4.9,1325,1610,27,W,6,20,30,NA
TR,1985,232,1985-08-20,2,5.5,4,920,1214,14.5,NA,0,2,99,NA
TR,1985,255,1985-09-12,2,NA,5.3,1914,1157,13.5,ENE,4,7,0,NA
TR,1985,275,1985-10-02,2,4.9,4.1,833,1050,4.5,S,4,19,2,NA
TR,1985,294,1985-10-21,2,4.4,4,948,1225,8.5,SE,3,12,5,NA
TR,1985,319,1985-11-15,2,4.2,3.5,820,1055,-3,E,7,20,60,NA
TR,1986,9,1986-01-09,2,NA,4.3,1010,1220,0,W,25,NA,3,1
TR,1986,63,1986-03-04,2,NA,NA,945,1215,-0.5,NA,0,NA,96,1
TR,1986,93,1986-04-03,2,NA,NA,945,1135,5,S,8,NA,99,1
TR,1986,112,1986-04-22,2,5.2,4.8,949,1238,6,NA,0,0,15,NA
TR,1986,127,1986-05-07,2,4,4,1130,1315,12,S,1,0,25,NA
TR,1986,141,1986-05-21,2,5.1,5,920,1120,14,NNE,8,13,5,NA
TR,1986,155,1986-06-04,2,6,4.9,915,1120,NA,NNE,12,30,85,NA
TR,1986,168,1986-06-17,2,6,5.1,1340,1635,18.5,NW,10,10,0,NA
TR,1986,181,1986-06-30,2,5.7,4.7,1315,1527,20,SE,10,10,50,NA
TR,1986,196,1986-07-15,2,5,4,1310,NA,20,E,10,10,99,NA
TR,1986,209,1986-07-28,2,6.1,4.8,945,NA,25.5,NNE,10,10,10,NA
TR,1986,224,1986-08-12,2,4.8,3.8,1353,1645,22.5,SW,13,15,40,NA
TR,1986,241,1986-08-29,2,4.3,3.4,900,1045,14.8,W,8,10,5,NA
TR,1986,252,1986-09-09,2,3.8,3,1330,1530,14.8,S,14,15,99,NA
TR,1986,267,1986-09-24,2,4.5,4,956,1140,20,NA,0,0,0,NA
TR,1986,279,1986-10-06,2,4.4,3.7,1613,1735,8.1,W,18,40,50,NA
TR,1986,293,1986-10-20,2,4.6,4.4,920,1130,15,S,12,10,0,NA
TR,1986,308,1986-11-04,2,3.6,2.7,1440,1625,1.5,SW,14,30,0,NA
TR,1986,322,1986-11-18,2,4.1,3.5,900,1045,-3,NE,13,15,50,NA
TR,1987,13,1987-01-13,2,NA,5.1,917,1100,0,SE,5,NA,90,1
TR,1987,57,1987-02-26,2,NA,4.3,858,1120,0,SE,10,NA,5,1
TR,1987,57,1987-02-26,3,NA,NA,1130,1215,NA,NA,NA,NA,NA,1
TR,1987,57,1987-02-26,3,NA,NA,1130,1215,NA,NA,NA,NA,NA,1
TR,1987,85,1987-03-26,2,NA,5.1,921,1120,2.8,W,5,NA,99,1
TR,1987,112,1987-04-22,2,4.1,3.3,924,1145,6,W,10,6,99,NA
TR,1987,124,1987-05-04,2,4.1,4.1,839,959,9,S,5,6,0,NA
TR,1987,139,1987-05-19,2,4,3.2,935,NA,NA,SW,8,10,99,NA
TR,1987,152,1987-06-01,2,6.1,5,932,1123,NA,S,11,8,3,NA
TR,1987,163,1987-06-12,2,6.5,4.6,917,1140,NA,WNW,5,6,2,NA
TR,1987,181,1987-06-30,2,7.1,5.4,859,1030,NA,NW,3,4,2,NA
TR,1987,196,1987-07-15,2,5.9,4.5,953,1200,NA,S,7,3,99,NA
TR,1987,208,1987-07-27,2,7.1,6.5,1359,1522,NA,N,3,4,1,NA
TR,1987,222,1987-08-10,2,6.6,4.7,855,1137,NA,NE,13,11,70,NA
TR,1987,222,1987-08-10,3,NA,NA,1200,1233,NA,NA,NA,NA,NA,NA
TR,1987,237,1987-08-25,2,5.6,4.9,942,1134,NA,NA,0,5,99,NA
TR,1987,252,1987-09-09,2,6,5.2,901,1100,NA,SW,4,5,3,NA
TR,1987,265,1987-09-22,2,5.2,4.7,854,1047,NA,NE,10,8,40,NA
TR,1987,281,1987-10-08,2,4.5,3.2,916,1120,NA,N,8,8,99,NA
TR,1987,292,1987-10-19,2,4.5,3.5,1015,1200,NA,WSW,8,8,60,NA
TR,1987,307,1987-11-03,2,3.8,3,1327,1540,NA,S,9,6,99,NA
TR,1987,321,1987-11-17,2,3.9,2.7,925,1120,NA,NW,10,15,99,NA
TR,1988,18,1988-01-18,2,5.6,4.4,940,1203,-4,S,2,NA,98,1
TR,1988,63,1988-03-03,2,4.5,3.6,1025,1235,-4,NE,3,NA,0,1
TR,1988,63,1988-03-03,3,NA,NA,1248,1315,NA,NA,NA,NA,NA,1
TR,1988,63,1988-03-03,3,NA,NA,1248,1315,NA,NA,NA,NA,NA,1
TR,1988,98,1988-04-07,2,5,4.6,940,1130,8,NE,2,NA,5,1
TR,1988,119,1988-04-28,2,4.3,4,915,1210,12,N,5,8,10,NA
TR,1988,131,1988-05-10,2,4.1,4,1331,1605,NA,N,18,25,10,NA
TR,1988,144,1988-05-23,2,5,4.8,1312,1544,21,N,10,15,5,NA
TR,1988,159,1988-06-07,2,7.5,7,901,1115,32,NW,8,5,0,NA
TR,1988,173,1988-06-21,2,6,4.7,1404,1623,23,SW,10,10,98,NA
TR,1988,188,1988-07-06,2,6.2,5.3,922,1120,30,S,13,15,0,NA
TR,1988,201,1988-07-19,2,6.4,5.3,1332,1635,24,NW,11,13,60,NA
TR,1988,214,1988-08-01,2,5.1,4.5,1229,1422,28,SE,6,6,35,NA
TR,1988,228,1988-08-15,2,4.2,4,1423,1709,29,W,3,5,0,NA
TR,1988,242,1988-08-29,2,4.2,3.7,1320,1506,16,NW,12,20,80,NA
TR,1988,258,1988-09-14,2,5.7,4,1237,1520,18,N,8,15,5,NA
TR,1988,270,1988-09-26,2,4.1,3.9,939,1227,15,S,20,35,70,NA
TR,1988,286,1988-10-12,2,3.9,3.6,904,1210,5,N,13,25,60,NA
TR,1988,300,1988-10-26,2,3.6,3,907,1110,0,W,15,30,99,NA
TR,1988,312,1988-11-07,2,3.4,2.9,915,1149,1,NW,6,6,99,NA
TR,1989,16,1989-01-16,2,5.5,4.2,1015,1210,-5,SE,8,NA,90,1
TR,1989,52,1989-02-21,2,4.9,4.2,930,1140,-10,W,10,NA,0,1
TR,1989,87,1989-03-28,2,8.5,8.3,1200,1340,4,NW,11,NA,100,1
TR,1989,123,1989-05-03,2,5,4.4,1230,1440,13,W,3,2,15,NA
TR,1989,135,1989-05-15,2,4.8,4.1,1247,1515,18,NE,6,7,75,NA
TR,1989,151,1989-05-31,2,4.2,3.6,853,1150,11.5,N,15,15,100,NA
TR,1989,163,1989-06-12,2,4.6,4.1,900,1115,13,W,13,18,100,NA
TR,1989,179,1989-06-28,2,5.9,5.2,853,1150,14,NE,8,18,100,NA
TR,1989,192,1989-07-11,2,5.2,4.2,832,1029,22.5,SE,3,10,90,NA
TR,1989,207,1989-07-26,2,6.1,4.8,854,1146,26,SW,10,18,50,NA
TR,1989,219,1989-08-07,2,5.8,4.7,837,1023,17,NW,15,25,40,NA
TR,1989,235,1989-08-23,2,5.2,4.2,850,1130,19,ENE,3,7,99,NA
TR,1989,248,1989-09-05,2,6,5,847,1030,19.5,SW,3,10,0,NA
TR,1989,261,1989-09-18,2,5.7,5.1,1242,1500,21,S,23,45,10,NA
TR,1989,277,1989-10-04,2,5,4.3,840,1030,10,W,8,20,0,NA
TR,1989,290,1989-10-17,2,4.9,4.2,1239,1410,6,N,15,30,88,NA
TR,1989,306,1989-11-02,2,4.9,3.3,847,1050,0,W,8,10,85,NA
TR,1989,317,1989-11-13,2,4.4,3.2,837,1053,4,E,3,4,85,NA
TR,1990,16,1990-01-16,2,6.8,4.5,1015,1300,NA,S,8,NA,0,1
TR,1990,52,1990-02-21,2,5.5,2.9,955,1205,-1,SW,20,NA,95,1
TR,1990,89,1990-03-30,2,6.2,5.2,935,1100,8,SW,5,NA,5,1
TR,1990,122,1990-05-02,2,5,4.2,925,1133,8,W,10,14,50,NA
TR,1990,134,1990-05-14,2,4.3,3.4,854,1050,10,SE,6,9,100,NA
TR,1990,149,1990-05-29,2,5.8,5.5,851,1140,14,NNE,15,18,0,NA
TR,1990,162,1990-06-11,2,6,4.8,1155,1350,19.5,SE,23,25,95,NA
TR,1990,176,1990-06-25,2,7,6.1,1204,1505,24,W,13,8,20,NA
TR,1990,191,1990-07-10,2,5.9,5.5,844,1042,24,NE,8,7,40,NA
TR,1990,204,1990-07-23,2,6.1,6,850,1110,25,SW,3,2,50,NA
TR,1990,219,1990-08-07,2,4.5,4,1144,1350,27,NW,8,3,65,NA
TR,1990,232,1990-08-20,2,5.1,4.7,842,1058,21,SE,13,4,70,NA
TR,1990,248,1990-09-05,2,5.1,4.3,836,1045,23,SW,8,7,65,NA
TR,1990,261,1990-09-18,2,4.4,3.8,847,1055,16,S,18,13,85,NA
TR,1990,275,1990-10-02,2,4.5,3.7,1152,1412,18,S,18,25,50,NA
TR,1990,288,1990-10-15,2,4.3,3.8,855,1138,10.5,W,23,40,50,NA
TR,1990,303,1990-10-30,2,3.5,3.3,833,1055,11,W,3,1,35,NA
TR,1990,317,1990-11-13,2,3.3,2.9,902,1125,3,SE,8,3,50,NA
TR,1991,15,1991-01-15,2,4.8,4.5,945,1140,-4,W,4,NA,100,1
TR,1991,51,1991-02-20,2,5.6,3.1,1315,1512,0.5,S,8,NA,25,1
TR,1991,91,1991-04-01,2,5.1,4.5,955,1208,2,NW,8,NA,0,1
TR,1991,128,1991-05-08,2,4.2,2.9,919,1243,16,S,5,6,80,NA
TR,1991,140,1991-05-20,2,3.9,3.7,842,1153,21,S,3,7,5,NA
TR,1991,155,1991-06-04,2,5.8,5.2,924,1215,21,SE,11,8,5,NA
TR,1991,170,1991-06-19,2,5.5,5.2,1254,1435,28,W,8,5,20,NA
TR,1991,184,1991-07-03,2,5.2,4.2,853,1102,20,SW,8,10,100,NA
TR,1991,198,1991-07-17,2,6,5.5,833,1031,25,SW,15,13,10,NA
TR,1991,212,1991-07-31,2,5.6,4.5,841,1044,23,NW,15,12,40,NA
TR,1991,225,1991-08-13,2,6.1,5.2,1224,1452,29,NW,7,5,0,NA
TR,1991,240,1991-08-28,2,6.4,5.4,822,1039,27,S,6,4,0,NA
TR,1991,254,1991-09-11,2,5.3,4.6,900,1125,16,SE,7,5,100,NA
TR,1991,270,1991-09-27,2,5,3.8,932,1154,8,NW,15,15,25,NA
TR,1991,282,1991-10-09,2,4.3,3.8,839,1042,12,W,13,23,0,NA
TR,1991,315,1991-11-11,2,4.6,3.6,937,1135,0,S,3,2,100,NA
TR,1992,14,1992-01-14,2,NA,3.6,1030,1200,-8.5,NW,1,NA,100,1
TR,1992,64,1992-03-04,2,8.9,5.5,1040,1301,6,NA,0,NA,100,1
TR,1992,85,1992-03-25,2,7.5,5.3,1320,1530,4,SW,20,NA,30,1
TR,1992,132,1992-05-11,2,4.6,3.4,842,NA,18,S,18,13,50,NA
TR,1992,140,1992-05-19,2,3.8,3.4,946,1226,19,SE,4,25,0,NA
TR,1992,155,1992-06-03,2,7.9,6.8,1000,1330,21.4,SW,8,15,5,NA
TR,1992,168,1992-06-16,2,6.8,5.4,1015,1215,18,SW,13,25,100,NA
TR,1992,188,1992-07-06,2,6.3,5.1,835,1130,21,NA,0,0,0,NA
TR,1992,198,1992-07-16,2,5.7,5.2,955,1214,23,SW,4,8,10,NA
TR,1992,209,1992-07-27,2,5.5,4.9,840,1100,NA,N,11,45,15,NA
TR,1992,226,1992-08-13,2,6.1,4.4,915,1135,17,NE,8,10,3,NA
TR,1992,237,1992-08-24,2,3.5,3,1515,1845,23,W,23,30,90,NA
TR,1992,253,1992-09-09,2,3.9,3.1,925,1210,14,S,20,21,100,NA
TR,1992,265,1992-09-21,2,3.5,3,1300,1615,17.2,W,5,15,100,NA
TR,1992,280,1992-10-06,2,4.3,3.6,926,1128,15.5,W,5,15,90,NA
TR,1992,293,1992-10-19,2,3.7,3.4,1454,1747,4,S,18,18,100,NA
TR,1992,315,1992-11-10,2,3.4,2.8,908,1215,9.5,SW,10,30,100,NA
TR,1993,12,1993-01-12,2,5.2,4.3,1100,1315,-4.5,NE,13,NA,100,1
TR,1993,60,1993-03-01,2,5.8,3.8,1045,1415,9.5,SE,5,NA,5,1
TR,1993,81,1993-03-22,2,5.6,3.4,1000,1235,8,N,2,NA,90,1
TR,1993,130,1993-05-10,2,4.6,3.8,915,1115,18,NE,2,3,50,NA
TR,1993,137,1993-05-17,2,3.6,2.5,1418,1615,14.5,W,12,25,95,NA
TR,1993,152,1993-06-01,2,NA,3.1,918,1130,13,NW,20,30,2,NA
TR,1993,168,1993-06-17,2,3.3,4.3,910,1230,17.8,SE,1,1,100,NA
TR,1993,180,1993-06-29,2,4.5,4.2,916,1250,16.8,W,3,5,100,NA
TR,1993,194,1993-07-13,2,5,4.6,845,1120,20.4,SE,13,11,100,NA
TR,1993,208,1993-07-27,2,4.7,3.8,1427,1727,28.5,S,3,3,85,NA
TR,1993,222,1993-08-10,2,5.1,4.4,852,1150,28.5,SW,3,1,0,NA
TR,1993,237,1993-08-25,2,5.2,4.5,845,1250,26,SW,5,8,0,NA
TR,1993,250,1993-09-07,2,5.1,4.4,918,1210,16,W,10,15,5,NA
TR,1993,263,1993-09-20,2,4,3.2,950,1405,12.9,E,15,10,100,NA
TR,1993,278,1993-10-05,2,3.4,3.2,853,1127,8,SW,15,50,0,NA
TR,1993,291,1993-10-18,2,3.3,3.3,1457,1747,9,W,1,0,100,NA
TR,1993,312,1993-11-08,2,3.2,2.8,1258,1455,1,SW,5,10,100,NA
TR,1994,27,1994-01-27,2,NA,5.9,1115,1300,-6,N,5,NA,100,1
TR,1994,54,1994-02-23,2,NA,4.9,1410,1610,-8,N,15,NA,100,1
TR,1994,94,1994-04-04,2,NA,2.9,1045,1245,6,NW,3,NA,100,1
TR,1994,124,1994-05-04,2,4.7,3.6,1116,1324,NA,W,18,25,100,NA
TR,1994,138,1994-05-18,2,4.7,4.1,924,1040,17,NA,0,0,5,NA
TR,1994,154,1994-06-03,2,5.2,4.3,937,1255,NA,S,6,9,50,NA
TR,1994,165,1994-06-14,2,6.4,3.1,1335,1600,NA,S,28,13,15,NA
TR,1994,179,1994-06-28,2,4.5,3.1,908,1213,18,W,18,13,70,NA
TR,1994,194,1994-07-13,2,4.1,3.5,914,1100,18,E,8,8,70,NA
TR,1994,207,1994-07-26,2,4,3.2,918,1200,17,NW,8,8,100,NA
TR,1994,220,1994-08-08,2,4.3,3,912,1057,15,N,23,15,100,NA
TR,1994,235,1994-08-23,2,3.7,3.2,1145,1450,24,SE,13,15,100,NA
TR,1994,250,1994-09-07,2,6,5.4,935,1201,19,W,18,30,0,NA
TR,1994,262,1994-09-19,2,3.6,3.3,1440,1700,24,SW,2,5,5,NA
TR,1994,277,1994-10-04,2,3.4,2.6,915,1130,8,NE,8,7,100,NA
TR,1994,292,1994-10-19,2,3.7,2.7,900,1140,12,W,18,30,100,NA
TR,1994,304,1994-10-31,2,3.4,2.9,850,1035,4,NW,8,10,70,NA
TR,1994,319,1994-11-15,2,3.1,2.8,915,1135,4,W,5,10,5,NA
TR,1995,10,1995-01-10,2,NA,3.4,1000,1320,-8,S,15,NA,100,1
TR,1995,47,1995-02-16,2,NA,3.8,1125,1410,-6,W,5,NA,85,1
TR,1995,80,1995-03-21,2,NA,6.9,1200,1435,3,NW,15,NA,100,1
TR,1995,124,1995-05-04,2,6.2,6.2,914,1223,15,NA,0,0,90,NA
TR,1995,138,1995-05-18,2,4.7,4.5,855,1159,22,SW,8,10,0,NA
TR,1995,152,1995-06-01,2,4.1,3.8,834,1150,22,NA,0,0,90,NA
TR,1995,165,1995-06-14,2,5.3,4.4,1241,1459,30,S,9,12,35,NA
TR,1995,180,1995-06-29,2,5.2,4.7,806,1105,23,NW,5,5,95,NA
TR,1995,193,1995-07-12,2,5.6,4.9,1202,1403,25,S,7,15,90,NA
TR,1995,207,1995-07-26,2,5.1,4.5,1255,1547,28,NA,0,0,95,NA
TR,1995,221,1995-08-09,2,5.2,4.3,853,1042,25,S,12,32,100,NA
TR,1995,236,1995-08-24,2,4.5,3.9,847,1143,18,E,10,18,98,NA
TR,1995,251,1995-09-08,2,5,4.5,826,1025,15,S,1,3,20,NA
TR,1995,264,1995-09-21,2,5.3,4.8,945,1230,NA,NA,NA,NA,100,NA
TR,1995,277,1995-10-04,2,5.7,5,923,1107,15,S,5,8,40,NA
TR,1995,291,1995-10-18,2,4.5,4,1248,1542,14,NE,10,8,75,NA
TR,1995,306,1995-11-02,2,4,3.4,943,1149,3,SW,15,20,100,NA
TR,1995,319,1995-11-15,2,4.2,3.7,939,1244,10,SW,8,13,85,NA
TR,1996,26,1996-01-26,2,NA,3.4,1200,1415,-9,NW,18,NA,100,1
TR,1996,53,1996-02-22,2,NA,4.5,1025,1245,3,E,3,NA,99,1
TR,1996,93,1996-04-02,2,NA,4.9,1015,1215,1,N,8,NA,100,1
TR,1996,141,1996-05-20,2,5,4.6,954,1226,15,W,1,2,40,NA
TR,1996,152,1996-05-31,2,3.5,3.2,955,1300,23,S,12,20,1,NA
TR,1996,163,1996-06-11,2,4.2,4.1,1600,1900,24,W,2,4,45,NA
TR,1996,176,1996-06-24,2,5.1,4.4,904,1200,15,NNE,15,40,99,NA
TR,1996,191,1996-07-09,2,4.7,4.3,850,1216,19,N,15,32,80,NA
TR,1996,206,1996-07-24,2,5,4.5,910,1145,20.5,W,14,30,70,NA
TR,1996,218,1996-08-05,2,5.1,4.6,945,1400,25,S,18,50,100,NA
TR,1996,232,1996-08-19,2,4.9,4.1,1045,1330,25,S,13,15,90,NA
TR,1996,250,1996-09-06,2,5.5,5.3,850,1200,23,S,7,10,0,NA
TR,1996,260,1996-09-16,2,4.5,4,822,1045,14,N,9,6,100,NA
TR,1996,274,1996-09-30,2,5.3,4.7,850,1200,12.5,NW,10,9,95,NA
TR,1996,289,1996-10-15,2,4.7,3.6,930,1220,11,SW,18,23,100,NA
TR,1996,312,1996-11-07,2,4.6,3.4,910,1140,4,SW,18,21,95,NA
TR,1997,24,1997-01-24,2,NA,3.5,1015,1200,-5,N,3,NA,100,1
TR,1997,52,1997-02-21,2,NA,4,1025,1250,-5,NNW,20,NA,100,1
TR,1997,99,1997-04-09,2,NA,6,925,1111,-6,NA,0,NA,30,1
TR,1997,133,1997-05-13,2,4.2,3.5,940,NA,10,NA,0,0,40,NA
TR,1997,143,1997-05-23,2,4.2,3.6,957,1200,16.5,S,18,40,80,NA
TR,1997,156,1997-06-05,2,6,5.1,930,1230,16.5,S,8,6,100,NA
TR,1997,168,1997-06-17,2,6.5,5,1410,1640,19,S,13,25,100,NA
TR,1997,183,1997-07-02,2,6.6,4.8,845,1120,20.5,SW,18,100,100,NA
TR,1997,197,1997-07-16,2,6.2,5.8,1520,1630,24,SW,1,0,100,NA
TR,1997,211,1997-07-30,2,7.2,6.3,905,1130,23,W,3,5,0,NA
TR,1997,224,1997-08-12,2,7.2,5.9,1305,1400,19.5,S,3,2,100,NA
TR,1997,238,1997-08-26,2,7.2,6.3,1245,1535,21.5,SW,5,5,20,NA
TR,1997,252,1997-09-09,2,5.5,4.8,1015,1235,18,NW,3,9,50,NA
TR,1997,266,1997-09-23,2,5.5,5.1,1417,1624,18,S,3,1,0,NA
TR,1997,281,1997-10-08,2,5.3,3.4,814,1022,18,SE,18,18,95,NA
TR,1997,296,1997-10-23,2,4,3.6,920,1145,NA,SE,5,3,50,NA
TR,1997,315,1997-11-11,2,3.2,2.7,951,1223,-1,NW,8,11,40,NA
TR,1998,16,1998-01-16,2,NA,3.7,1025,1215,-4,SE,8,NA,100,1
TR,1998,51,1998-02-20,2,NA,4.5,1055,1255,0,N,10,NA,100,1
TR,1998,79,1998-03-20,2,NA,3.8,1000,1150,0,N,15,NA,5,1
TR,1998,111,1998-04-21,2,3,3,1343,1600,16,NA,0,0,50,NA
TR,1998,127,1998-05-07,2,6,5,911,1025,16,NE,18,10,70,NA
TR,1998,141,1998-05-21,2,7.5,5.4,955,1221,18,ENE,9,13,35,NA
TR,1998,155,1998-06-04,2,5.3,4.4,845,1020,11,N,18,20,80,NA
TR,1998,167,1998-06-16,2,5.9,6.3,840,1215,25,NE,3,1,45,NA
TR,1998,183,1998-07-02,2,7.2,6.9,905,1110,24,SW,8,7,5,NA
TR,1998,197,1998-07-16,2,5.7,5.4,845,1135,22,N,11,15,95,NA
TR,1998,210,1998-07-29,2,6.3,5,855,1030,21,W,10,15,30,NA
TR,1998,225,1998-08-13,2,5.5,4.8,930,1145,22,SW,8,15,100,NA
TR,1998,237,1998-08-25,2,5.8,5.8,1230,1425,25,NW,10,17,60,NA
TR,1998,254,1998-09-11,2,5.5,5.1,1045,1305,30,SW,8,15,0,NA
TR,1998,266,1998-09-23,2,5.6,4.9,930,1105,13,SW,8,10,50,NA
TR,1998,281,1998-10-08,2,4,3.5,905,1100,11,VAR,2,0,45,NA
TR,1998,294,1998-10-21,2,4.2,3.4,1315,1435,7,N,15,25,50,NA
TR,1998,317,1998-11-13,2,3.1,2.6,935,1130,3,N,8,10,3,NA
TR,1999,20,1999-01-20,2,NA,3.9,1035,1237,-2,NA,0,NA,100,1
TR,1999,57,1999-02-26,2,NA,3.8,1040,1240,2.6,SE,8,NA,85,1
TR,1999,85,1999-03-26,2,NA,5,950,1123,8,NA,0,NA,0,1
TR,1999,130,1999-05-10,2,5.3,4.8,1020,1610,16.1,SE,20,18,70,NA
TR,1999,137,1999-05-17,2,3.2,3.2,1226,1425,15.5,NW,8,10,100,NA
TR,1999,159,1999-06-08,2,5.4,5.2,1029,1332,29.3,E,3,2,50,NA
TR,1999,166,1999-06-15,2,4.9,4.6,1340,1607,19.2,W,13,7,95,NA
TR,1999,180,1999-06-29,2,5.1,4.9,1015,1435,22.7,NW,15,8,75,NA
TR,1999,193,1999-07-12,2,4.7,4.4,948,1254,25.2,N,8,6,5,NA
TR,1999,208,1999-07-27,2,4.9,4.6,944,1314,23.6,E,8,5,0,NA
TR,1999,221,1999-08-09,2,4.5,4.4,1238,NA,16.8,SE,23,15,100,NA
TR,1999,235,1999-08-23,2,3.8,3.6,1031,1343,18.7,W,13,6,100,NA
TR,1999,251,1999-09-08,2,4.4,4.3,931,1115,17.7,NW,23,13,15,NA
TR,1999,264,1999-09-21,2,3.6,3.5,1323,1548,11.5,W,13,9,80,NA
TR,1999,278,1999-10-05,2,3.5,3.5,956,1140,10.2,W,8,5,25,NA
TR,1999,291,1999-10-18,2,3.5,3.3,1009,1302,1.6,S,8,5,100,NA
TR,1999,312,1999-11-08,2,3,3,1044,1410,14.7,SW,8,5,20,NA
TR,2000,19,2000-01-19,2,NA,5,1140,1333,-4.5,N,3,NA,100,1
TR,2000,55,2000-02-24,2,NA,7.4,1045,1230,7.9,E,5,NA,50,1
TR,2000,101,2000-04-10,2,4.8,4.6,1225,1425,8,NA,0,0,5,NA
TR,2000,115,2000-04-24,2,4,3.9,922,1110,13.5,SE,3,1,0,NA
TR,2000,122,2000-05-01,2,3.2,3,1340,1530,10,W,20,50,100,NA
TR,2000,137,2000-05-16,2,3.9,3.7,1026,1212,15,NE,5,5,90,NA
TR,2000,152,2000-05-31,2,4.8,4.1,1000,1305,20.1,W,2,1,90,NA
TR,2000,164,2000-06-12,2,4.7,4.5,1002,1130,20,E,7,5,20,NA
TR,2000,179,2000-06-27,2,4.8,4.1,1515,1825,18.4,NW,18,10,50,NA
TR,2000,193,2000-07-11,2,4.8,4.4,1335,1537,24.6,W,4,3,30,NA
TR,2000,207,2000-07-25,2,3.2,2.7,1005,1210,21.5,SW,13,18,85,NA
TR,2000,220,2000-08-07,2,3.5,3,1020,1155,21.6,W,13,15,95,NA
TR,2000,235,2000-08-22,2,3.7,3.9,1000,1310,22.1,E,3,3,10,NA
TR,2000,249,2000-09-05,2,4,3.6,1316,1438,19.7,NE,1,4,15,NA
TR,2000,263,2000-09-19,2,3.5,2.9,1001,1214,17.7,E,5,20,100,NA
TR,2000,278,2000-10-04,2,3.7,3.5,1000,1123,8.1,E,13,30,0,NA
TR,2000,292,2000-10-18,2,3.6,3.6,1008,1202,11.9,NE,2,3,10,NA
TR,2000,305,2000-10-31,2,3.6,3.4,958,1122,14.1,NA,0,2,20,NA
TR,2000,327,2000-11-22,2,3.4,3,1055,1330,-4.2,SE,5,6,70,NA
TR,2001,25,2001-01-25,2,NA,3,1120,1320,-7,SSW,15,NA,0,1
TR,2001,58,2001-02-27,2,NA,4.3,1405,1600,-15,S,15,NA,0,1
TR,2001,96,2001-04-06,2,7.4,NA,1010,1130,4,NA,0,NA,100,1
TR,2001,122,2001-05-02,2,4.3,3.8,1055,1350,12.8,SW,13,8,99,NA
TR,2001,137,2001-05-17,2,4.2,3.7,955,1200,21.2,WNW,15,20,70,NA
TR,2001,150,2001-05-30,2,6,5.5,930,1230,19,W,2,1,0,NA
TR,2001,165,2001-06-14,2,5.5,5.1,955,1205,22.8,S,10,10,100,NA
TR,2001,178,2001-06-27,2,5.1,4.1,1325,1630,30.2,S,7,4,15,NA
TR,2001,192,2001-07-11,2,5.4,5.5,1330,1525,21.9,N,9,7,85,NA
TR,2001,207,2001-07-26,2,6,5.5,950,1240,20.4,N,7,7,1,NA
TR,2001,220,2001-08-08,2,5.5,4.9,935,1105,30.1,SW,5,3,90,NA
TR,2001,234,2001-08-22,2,6.4,6.6,1230,1502,26.5,NE,3,1,50,NA
TR,2001,250,2001-09-07,2,4.3,3.7,915,1110,22.3,SSW,9,25,100,NA
TR,2001,262,2001-09-19,2,4,2.9,1000,1156,15.2,NNE,7,10,100,NA
TR,2001,276,2001-10-03,2,4,3.3,1230,1336,11.1,N,9,15,100,NA
TR,2001,291,2001-10-18,2,4.3,3.5,943,1140,9.5,SSW,9,15,50,NA
TR,2001,305,2001-11-01,2,2.8,2.3,923,1045,12.5,SW,9,20,75,NA
TR,2001,318,2001-11-14,2,3.4,2.9,924,1125,11.6,SSW,2,4,100,NA
TR,2002,21,2002-01-21,2,NA,3.9,1040,1300,-5,W,18,NA,70,1
TR,2002,56,2002-02-25,2,NA,4.3,1120,1345,-6,NNE,10,NA,100,1
TR,2002,93,2002-04-03,2,NA,3.3,1230,1430,0,NW,12,NA,70,1
TR,2002,116,2002-04-26,2,5.4,5.2,1015,1205,3.4,W,8,10,0,NA
TR,2002,128,2002-05-08,2,4.6,3.4,1208,1415,5,E,8,5,100,NA
TR,2002,141,2002-05-21,2,3.6,4.4,910,1110,14,NA,0,1,5,NA
TR,2002,156,2002-06-05,2,4.2,4.2,835,1020,21,NA,0,0,10,NA
TR,2002,170,2002-06-19,2,5.1,3.9,905,1055,17,S,21,30,100,NA
TR,2002,183,2002-07-02,2,5.5,5.3,845,1030,27,W,7,20,60,NA
TR,2002,196,2002-07-15,2,6.5,6.2,1255,1525,33,SW,7,10,10,NA
TR,2002,210,2002-07-29,2,NA,6.3,925,1130,24.7,W,7,15,75,NA
TR,2002,225,2002-08-13,2,4.8,4.6,930,1145,20,S,3,10,75,NA
TR,2002,238,2002-08-26,2,5.8,5.7,855,1030,26,NA,0,0,10,NA
TR,2002,254,2002-09-11,2,4.8,4.8,835,1045,21,WSW,3,0,0,NA
TR,2002,268,2002-09-25,2,4.1,3.7,853,1035,11.6,S,12,50,100,NA
TR,2002,281,2002-10-08,2,4,3.6,1255,1445,11.6,S,6,10,100,NA
TR,2002,296,2002-10-23,2,3.6,3.2,915,1110,1,W,6,10,100,NA
TR,2002,310,2002-11-06,2,3.3,2.8,910,1120,2.5,W,12,40,100,NA
TR,2003,16,2003-01-16,2,NA,3.8,1115,1335,-10,W,15,NA,2,1
TR,2003,70,2003-03-11,2,NA,4.5,1150,1345,0,S,10,NA,70,1
TR,2003,93,2003-04-03,2,NA,3.5,1245,1425,-5,NE,10,NA,100,1
TR,2003,121,2003-05-01,2,4.8,NA,1420,1745,12,N,8,24,30,NA
TR,2003,133,2003-05-13,2,3.8,3.7,847,1030,16,NW,5,6,50,NA
TR,2003,149,2003-05-29,2,5,4.4,1000,1155,24,NA,0,1,50,NA
TR,2003,161,2003-06-10,2,5.8,4.4,914,1049,15,E,7,7,100,NA
TR,2003,175,2003-06-24,2,8.3,6.3,927,1143,31,NA,0,1,70,NA
TR,2003,189,2003-07-08,2,7.2,5.2,843,1054,20,WNW,14,20,100,NA
TR,2003,203,2003-07-22,2,7.9,4.9,909,1115,27,N,25,25,90,NA
TR,2003,217,2003-08-05,2,6.1,5.6,911,1035,31,NA,0,0,63,NA
TR,2003,231,2003-08-19,2,5.5,5.1,910,1215,33,S,6,10,80,NA
TR,2003,248,2003-09-05,2,5.2,5,903,1037,NA,SW,8,10,1,NA
TR,2003,265,2003-09-22,2,4.2,4.2,936,1225,15.8,WSW,6,7,100,NA
TR,2003,273,2003-09-30,2,3.8,3.3,914,1143,5,NNW,15,40,75,NA
TR,2003,288,2003-10-15,2,4,3.8,900,1155,10.6,WNW,18,57,65,NA
TR,2003,300,2003-10-27,2,4.3,4.2,1233,1442,4,SW,3,4,60,NA
TR,2003,325,2003-11-21,2,3.4,3,1050,1230,0,W,1,5,80,NA
TR,2004,27,2004-01-27,2,NA,3.1,1215,1355,-7,NW,18,NA,70,1
TR,2004,47,2004-02-16,2,NA,3.9,1130,1350,-6,S,18,NA,20,1
TR,2004,90,2004-03-30,2,NA,8.6,1210,1350,1,NW,16,NA,100,1
TR,2004,119,2004-04-28,2,3.9,3.7,1005,1148,12,S,8,10,3,NA
TR,2004,135,2004-05-14,2,3.3,3,1125,1225,4,NNW,15,20,100,NA
TR,2004,147,2004-05-26,2,3.7,3.6,1040,1500,22,SW,6,10,15,NA
TR,2004,162,2004-06-10,2,5.7,5.1,945,1335,19,SE,8,5,10,NA
TR,2004,175,2004-06-23,2,4.5,4.2,1330,1540,21,WSW,6,5,95,NA
TR,2004,190,2004-07-08,2,4.4,4.3,1340,1610,18,NE,7,12,41,NA
TR,2004,202,2004-07-20,2,5.3,5.2,835,1100,24,NA,0,4,5,NA
TR,2004,217,2004-08-04,2,5,4.8,945,1220,27,NNW,8,25,25,NA
TR,2004,232,2004-08-19,2,3,2.7,1335,1525,16,WSW,10,25,15,NA
TR,2004,246,2004-09-02,2,4.3,5,1056,1234,27.5,S,6,5,3,NA
TR,2004,265,2004-09-21,2,3.8,3.8,900,1110,19,SW,6,5,15,NA
TR,2004,274,2004-09-30,2,4,3.5,1206,1405,16,S,19,25,15,NA
TR,2004,288,2004-10-14,2,3.7,3.4,944,1148,5.5,NE,8,10,100,NA
TR,2004,302,2004-10-28,2,4.5,4.2,930,1146,8.5,SE,8,5,100,NA
TR,2004,315,2004-11-10,2,3.8,2.9,1355,1558,5.5,N,7,10,100,NA
TR,2005,21,2005-01-21,2,NA,5.1,1100,1255,-8,SE,17,NA,100,1
TR,2005,62,2005-03-03,2,NA,6.1,1125,1322,-5,NA,0,NA,5,1
TR,2005,95,2005-04-05,2,NA,7.6,1230,1410,10,NA,0,NA,100,1
TR,2005,111,2005-04-21,2,5.4,5.4,1048,1245,10,NA,0,0,30,NA
TR,2005,123,2005-05-03,2,5.1,3.8,1020,1215,6,NW,9,15,3,NA
TR,2005,137,2005-05-17,2,3.2,3,1343,1530,14,SE,7,10,100,NA
TR,2005,153,2005-06-02,2,5.5,6.3,1025,1250,23,SSE,8,10,20,NA
TR,2005,167,2005-06-16,2,7.4,5.4,1035,1413,24,N,22,18,1,NA
TR,2005,182,2005-07-01,2,7.5,6.2,1450,1635,20,NW,8,8,10,NA
TR,2005,194,2005-07-13,2,6.9,6.1,1304,1545,30,NNE,7,6,30,NA
TR,2005,208,2005-07-27,2,5.5,4.8,1150,1310,23,NW,3,8,5,NA
TR,2005,223,2005-08-11,2,4.9,4.7,854,1125,22,SE,7,5,100,NA
TR,2005,236,2005-08-24,2,4.8,4.5,840,955,19,S,6,7,95,NA
TR,2005,250,2005-09-07,2,5.8,4.9,951,1248,19,N,6,10,98,NA
TR,2005,262,2005-09-19,2,5.7,5.2,1230,NA,17,W,28,40,100,NA
TR,2005,280,2005-10-07,2,4.6,4,1344,1545,6,NE,6,15,98,NA
TR,2005,291,2005-10-18,2,4.5,4.1,923,1055,9.5,NW,5,7,50,NA
TR,2005,318,2005-11-14,2,3.4,2.6,939,1125,1.5,E,7,10,75,NA
TR,2006,20,2006-01-20,2,NA,4.4,1100,1245,-4,SW,6,NA,100,1
TR,2006,45,2006-02-14,2,NA,4.8,1105,1300,-2,SW,8,NA,NA,1
TR,2006,95,2006-04-05,2,NA,8.7,1155,1340,5,NA,0,NA,15,1
TR,2006,111,2006-04-21,2,4,3,1000,1205,8,S,8,8,100,NA
TR,2006,125,2006-05-05,2,5.1,4.2,945,1115,5,NW,8,25,80,NA
TR,2006,137,2006-05-17,2,3.4,2.8,940,1158,11,NW,14,10,100,NA
TR,2006,153,2006-06-02,2,6.5,6.2,920,1045,19,NA,0,0,1,NA
TR,2006,165,2006-06-14,2,4.9,2.8,925,1236,22,ESE,7,7,20,NA
TR,2006,178,2006-06-27,2,5.3,4.9,920,1110,20,W,5,4,70,NA
TR,2006,191,2006-07-10,2,5,5,1415,1745,26.5,NA,0,2,60,NA
TR,2006,205,2006-07-24,2,4.3,4.3,930,1120,26.5,W,8,10,40,NA
TR,2006,220,2006-08-08,2,4.7,4.7,1012,1245,23,SE,8,20,2,NA
TR,2006,233,2006-08-21,2,3.8,3.3,1015,1210,22,WSW,9,25,80,NA
TR,2006,249,2006-09-06,2,4.5,4.4,921,1149,19,N,6,10,15,NA
TR,2006,263,2006-09-20,2,3.9,3.1,959,1111,9,W,20,30,65,NA
TR,2006,276,2006-10-03,2,4.4,4,1209,1347,19,SE,9,10,85,NA
TR,2006,290,2006-10-17,2,3.9,3.5,910,1033,8,SE,3,2,100,NA
TR,2006,303,2006-10-30,2,4,3.2,1302,1449,11,SE,13,30,15,NA
TR,2007,18,2007-01-18,2,NA,4.7,1035,1235,-7,SSW,9,NA,100,1
TR,2007,57,2007-02-26,2,NA,4.3,1040,1230,-4,NE,7,NA,100,1
TR,2007,88,2007-03-29,2,NA,5.3,1115,1250,4,SE,8,NA,90,1
TR,2007,116,2007-04-26,2,4.1,3.3,1100,1310,11,E,8,7,100,NA
TR,2007,128,2007-05-08,2,4.4,4.6,1350,1525,26,NA,0,0,35,NA
TR,2007,143,2007-05-23,2,4,2.9,934,1205,19,SW,20,30,50,NA
TR,2007,155,2007-06-04,2,4.9,4,1410,1600,16,N,7,12,100,NA
TR,2007,171,2007-06-20,2,6.8,5.2,955,1200,21,SW,20,30,5,NA
TR,2007,184,2007-07-03,2,6.9,5.2,920,1050,20,SW,5,4,100,NA
TR,2007,198,2007-07-17,2,5.5,5.3,835,1035,22,NA,0,0,3,NA
TR,2007,212,2007-07-31,2,6.3,5.3,854,1024,27,W,7,5,1,NA
TR,2007,226,2007-08-14,2,5.7,4.8,855,1040,21,SW,6,10,100,NA
TR,2007,240,2007-08-28,2,5.7,5.1,845,1005,20,W,12,5,60,NA
TR,2007,255,2007-09-12,2,5.4,5.3,1230,1424,16,N,3,1,5,NA
TR,2007,269,2007-09-26,2,5.2,4.9,917,1044,13,W,7,4,20,NA
TR,2007,284,2007-10-11,2,4.8,4.2,1351,1524,8,N,9,13,90,NA
TR,2007,297,2007-10-24,2,5.3,4.9,1316,1508,18,NW,12,13,3,NA
TR,2007,317,2007-11-13,2,4.4,3.7,932,1109,5,S,25,80,100,NA
TR,2008,32,2008-02-01,2,NA,8.6,1125,1310,-1,SE,4,NA,70,1
TR,2008,58,2008-02-27,2,NA,6.5,1235,1445,-7,N,24,NA,60,1
TR,2008,88,2008-03-28,2,NA,7.8,1050,1228,-2,N,2,NA,6,1
TR,2008,133,2008-05-12,2,4.1,3.1,1045,1244,9,WSW,8,8,30,NA
TR,2008,143,2008-05-22,2,4.1,3.6,1107,1220,13,N,5,8,90,NA
TR,2008,156,2008-06-04,2,6.3,4.8,1054,1340,15,SE,9,11,100,NA
TR,2008,171,2008-06-19,2,7.5,7.1,1025,1301,23,NE,8,20,55,NA
TR,2008,185,2008-07-03,2,6.5,6.3,1215,1643,29,NA,0,1,50,NA
TR,2008,199,2008-07-17,2,6.1,5.8,1322,1755,21,NA,0,4,100,NA
TR,2008,213,2008-07-31,2,7.9,7,1120,1630,31,W,4,8,85,NA
TR,2008,226,2008-08-13,2,6.6,6.8,935,1105,22,NA,0,0,85,NA
TR,2008,240,2008-08-27,2,5.5,4.9,1255,1528,22,S,7,8,80,NA
TR,2008,254,2008-09-10,2,5.9,5,912,1018,14,S,8,25,5,NA
TR,2008,269,2008-09-25,2,5.3,5,914,1140,15,SE,8,7,85,NA
TR,2008,284,2008-10-10,2,4.8,4.3,843,1012,7,N,4,1,100,NA
TR,2008,297,2008-10-23,2,4.9,4.1,852,1042,4,E,10,25,25,NA
TR,2008,316,2008-11-11,2,3.4,3.1,1349,1536,-1,E,6,12,98,NA
TR,2009,19,2009-01-19,2,NA,5.2,1150,1335,-10,W,4,NA,100,1
TR,2009,47,2009-02-16,2,NA,8.3,1055,1255,-7,SSW,17,NA,100,1
TR,2009,82,2009-03-23,2,NA,5.5,1110,1305,0,SE,23,NA,100,1
TR,2009,120,2009-04-30,2,4.1,3.3,1124,1350,9,S,9,10,100,NA
TR,2009,131,2009-05-11,2,4.3,4.1,1335,1500,12,W,5,10,90,NA
TR,2009,148,2009-05-28,2,5.1,4.9,1027,1429,17,NNE,7,10,2,NA
TR,2009,159,2009-06-08,2,4.9,4.2,925,1112,10,SSW,14,10,100,NA
TR,2009,175,2009-06-24,2,7.5,6.9,1050,1349,27,NW,3,7,20,NA
TR,2009,188,2009-07-07,2,9,8.2,951,1232,18,NNW,4,5,0,NA
TR,2009,201,2009-07-20,2,7.3,6.5,1540,1924,23,SSW,14,15,20,NA
TR,2009,215,2009-08-03,2,6.2,6,844,1038,18,NNW,5,5,90,NA
TR,2009,230,2009-08-18,2,7.4,6.5,917,1200,19,W,16,75,45,NA
TR,2009,243,2009-08-31,2,6.7,5.2,947,1214,20,NW,7,5,10,NA
TR,2009,258,2009-09-15,2,8.3,6.3,1017,1253,22,NNW,8,6,70,NA
TR,2009,273,2009-09-30,2,7.3,6,841,1028,12,NNE,5,5,30,NA
TR,2009,286,2009-10-13,2,5.5,5.5,1334,1600,4,WNW,6,5,75,NA
TR,2009,300,2009-10-27,2,4.1,4,849,1030,3,NA,0,1,100,NA
TR,2009,314,2009-11-10,2,4.6,4.6,1410,1643,7,NA,0,0,0,NA
TR,2010,13,2010-01-13,2,NA,6,1145,1330,-5,S,7,NA,0,1
TR,2010,41,2010-02-10,2,NA,6.1,1205,1435,-8,NNW,14,NA,85,1
TR,2010,104,2010-04-14,2,NA,NA,1325,1545,16,SW,8,12,40,NA
TR,2010,118,2010-04-28,2,6.5,6.5,1027,1152,12,NA,0,0,3,NA
TR,2010,133,2010-05-13,2,6.5,4.7,1048,1235,8,SE,7,15,100,NA
TR,2010,146,2010-05-26,2,9.4,7.6,1425,1630,19,NNW,9,8,10,NA
TR,2010,160,2010-06-09,2,8.2,6.3,1000,1340,20,W,10,45,90,NA
TR,2010,173,2010-06-22,2,9.5,6.7,855,1120,28,w,5,12,75,NA
TR,2010,188,2010-07-07,2,10.6,9,845,1245,31,NA,0,2,15,NA
TR,2010,202,2010-07-21,2,8.1,7.1,916,1141,25,NW,15,40,15,NA
TR,2010,216,2010-08-04,2,7.2,5.5,830,1145,25,NW,14,30,100,NA
TR,2010,230,2010-08-18,2,6.5,5,927,1130,22,W,15,40,100,NA
TR,2010,245,2010-09-02,2,6.2,4.4,1405,1645,22,WSW,4,12,100,NA
TR,2010,256,2010-09-13,2,6,3.9,848,1117,15,W,25,50,8,NA
TR,2010,272,2010-09-29,2,6.2,4.7,905,1151,17,SE,15,40,5,NA
TR,2010,284,2010-10-11,2,7.1,6.7,1302,1436,19,NA,0,0,95,NA
TR,2010,298,2010-10-25,2,6.5,5.5,1320,1545,14,SSE,10,18,75,NA
TR,2010,316,2010-11-12,2,6,5.2,903,1039,5,NW,4,4,100,NA
TR,2011,13,2011-01-13,2,NA,8.4,1215,1400,-6,S,5,NA,100,1
TR,2011,47,2011-02-16,2,NA,10.3,1040,1212,5,NA,0,NA,15,1
TR,2011,76,2011-03-17,2,NA,4.4,1030,1210,7,SSW,10,NA,100,1
TR,2011,124,2011-05-04,2,5.9,5.5,1020,1225,13,NA,0,0,2,NA
TR,2011,139,2011-05-19,2,5,4.9,930,1203,13,NNW,3,2,99,NA
TR,2011,153,2011-06-02,2,5.1,4.3,934,1217,21,ESE,9,6,0,NA
TR,2011,167,2011-06-16,2,5.3,5.1,919,1213,16,NA,0,1,100,NA
TR,2011,180,2011-06-29,2,7.4,5.8,1330,NA,26,SSE,6,12,2,NA
TR,2011,194,2011-07-13,2,7.4,6.2,1237,1505,23,NNE,6,8,100,NA
TR,2011,209,2011-07-28,2,6.5,6.1,955,1208,29,WSW,3,10,95,NA
TR,2011,223,2011-08-11,2,6.3,5.4,1003,1233,30,NW,8,7,40,NA
TR,2011,237,2011-08-25,2,7.1,6.5,915,1150,25,NW,2,12,0,NA
TR,2011,252,2011-09-09,2,7.1,6.8,1021,1230,24,NA,0,0,0,NA
TR,2011,264,2011-09-21,2,6.7,5,949,1215,12,S,9,30,95,NA
TR,2011,278,2011-10-05,2,5.7,5.7,1307,1459,27.5,S,8,20,70,NA
TR,2011,294,2011-10-21,2,5.8,5.5,1016,1222,10.5,WSW,5,15,10,NA
TR,2011,306,2011-11-02,2,6.3,4.9,1346,1605,8,N,8,22,100,NA
TR,2011,318,2011-11-14,2,5.9,4.4,939,1250,9,SSW,9,45,80,NA
TR,2012,16,2012-01-16,2,NA,6.8,1057,1242,-1,NNW,6,NA,100,1
TR,2012,53,2012-02-22,2,NA,6.9,1045,1305,-2,NW,10,NA,100,1
TR,2012,95,2012-04-04,2,5.4,5.1,1050,1250,10,NNW,6,7,30,NA
TR,2012,108,2012-04-17,2,5.1,3.7,1415,1525,8,SW,8,10,99,NA
TR,2012,122,2012-05-01,2,4.9,4.1,950,1150,15,SSE,10,20,35,NA
TR,2012,135,2012-05-14,2,5.5,5.1,1030,1150,21,SSW,3,4,0,NA
TR,2012,152,2012-05-31,2,6.4,5.5,920,1137,16,NNE,3,6,60,NA
TR,2012,164,2012-06-12,2,8.3,5.8,911,1058,16,WNW,14,48,60,NA
TR,2012,177,2012-06-25,2,9.2,7.3,1405,1625,30,SSW,2,4,2,NA
TR,2012,191,2012-07-09,2,8,5.9,936,1106,24,WNW,7,8,40,NA
TR,2012,206,2012-07-24,2,7.6,6.5,941,1138,34,WNW,2,0,10,NA
TR,2012,219,2012-08-06,2,6.1,5.1,907,1033,26,SSW,13,23,0,NA
TR,2012,234,2012-08-21,2,6.1,4.2,935,1145,28,NNW,8,12,10,NA
TR,2012,250,2012-09-06,2,5.9,5,912,1133,26.1,SSW,10,12,5,NA
TR,2012,265,2012-09-21,2,4.4,3.3,845,1040,9,W,10,20,70,NA
TR,2012,276,2012-10-02,2,5.4,5,959,1225,17,NW,5,2,5,NA
TR,2012,290,2012-10-16,2,4.9,3.3,903,1215,11,S,12,30,85,NA
TR,2012,306,2012-11-01,2,3.2,2.6,927,1125,3,NNE,10,18,90,NA
TR,2012,314,2012-11-09,2,4.3,3.9,956,1230,6.5,NE,6,8,85,NA
TR,2013,15,2013-01-15,2,NA,6.7,1250,1425,-5,SW,11,NA,5,1
TR,2013,52,2013-02-21,2,NA,5.5,1235,1415,-5,NE,6,NA,20,1
TR,2013,87,2013-03-28,2,NA,9.9,1050,1228,3,NW,4,NA,3,1
TR,2013,136,2013-05-16,2,5.9,5.3,1030,1240,17,NNW,7,8,30,NA
TR,2013,163,2013-06-12,2,5.6,6.1,930,1225,29,NA,0,0,45,NA
TR,2013,175,2013-06-24,2,6.1,4.7,1355,1605,28,W,8,20,90,NA
TR,2013,190,2013-07-09,2,7.5,6.8,905,1215,25,S,8,20,100,NA
TR,2013,218,2013-08-06,2,5.3,5.3,1015,1305,23,S,6,11,80,NA
TR,2013,232,2013-08-20,2,6.3,4.5,915,1125,23,S,9,18,0,NA
TR,2013,248,2013-09-05,2,6.6,6.3,1008,1229,25,WSW,3,4,0,NA
TR,2013,275,2013-10-02,2,6.1,5.7,1417,1628,21,S,2,2,20,NA
TR,2013,303,2013-10-30,2,5.2,5.3,947,1205,7,SSW,2,3,100,NA
TR,2013,318,2013-11-14,2,5,4,1002,1246,6,WSW,6,15,100,NA
TR,2014,16,2014-01-16,2,NA,4.5,1155,1330,-4,SW,8,NA,100,1
TR,2014,50,2014-02-19,2,NA,4.5,1145,1340,2,W,9,NA,1,1
TR,2014,85,2014-03-26,2,NA,4.9,1105,1245,-2,SSE,10,NA,100,1
TR,2014,142,2014-05-22,2,4.7,4.4,1000,1400,10.3,NW,5,12,90,NA
TR,2014,156,2014-06-05,2,5.7,5.5,930,1115,34,SSW,3,1,15,NA
TR,2014,170,2014-06-19,2,4.6,3.9,937,1300,20,SE,12,20,90,NA
TR,2014,183,2014-07-02,2,6.1,4.7,1150,1335,23,N,5,15,15,NA
TR,2014,197,2014-07-16,2,8.2,6.2,930,1230,27,NNW,5,10,70,NA
TR,2014,211,2014-07-30,2,7.2,6.2,1405,1615,25,W,6,15,60,NA
TR,2014,226,2014-08-14,2,6.6,6.3,1055,1310,25,NA,0,0,30,NA
TR,2014,239,2014-08-27,2,6.3,6.1,1300,1500,29,WNW,8,5,6,NA
TR,2014,254,2014-09-11,2,5.6,4.4,1020,1300,10,10,7,15,95,NA
TR,2014,266,2014-09-23,2,5.9,5.4,1345,1530,23,SSW,4,8,0,NA
TR,2014,282,2014-10-09,2,6.2,4.6,1015,1230,7.5,NW,7,8,98,NA
TR,2014,296,2014-10-23,2,6.8,5.5,1000,1220,9,S,5,10,100,NA
TR,2014,316,2014-11-12,2,NA,3.9,1318,1530,-2,WNW,10,30,100,NA
TR,2015,15,2015-01-15,2,NA,4.3,1150,1325,-1,SW,10,NA,100,1
TR,2015,61,2015-03-02,2,NA,5.6,1245,1434,-4,SW,3,NA,0,1
TR,2015,86,2015-03-27,2,NA,5.8,1325,1456,-5,NW,2,NA,0,1
TR,2015,114,2015-04-24,2,4.6,3.2,1150,1400,8,SSW,6,5,100,NA
TR,2015,127,2015-05-07,2,5.1,3.9,1030,1200,NA,S,25,50,50,NA
TR,2015,141,2015-05-21,2,5.2,4.6,1450,1740,16,NNW,15,45,1,NA
TR,2015,155,2015-06-04,2,6.3,5,1418,1638,21,NNE,10,20,50,NA
TR,2015,169,2015-06-18,2,6.9,4.8,1322,1556,16,N,9,15,50,NA
TR,2015,183,2015-07-02,2,8,7.2,922,1108,21,NNE,2,0,1,NA
TR,2015,197,2015-07-16,2,8,5.1,951,1217,24,S,15,25,85,NA
TR,2015,211,2015-07-30,2,8.1,5.9,1353,1540,27,W,15,60,85,NA
TR,2015,225,2015-08-13,2,8.6,5.9,945,1215,28,WSW,7,25,75,NA
TR,2015,239,2015-08-27,2,6.8,5.5,1347,1601,24,SSW,7,7,75,NA
TR,2015,254,2015-09-11,2,7,5.5,954,1320,14,NNW,9,7,75,NA
TR,2015,267,2015-09-24,2,6.4,5.8,1340,1535,21,S,5,4,100,NA
TR,2015,281,2015-10-08,2,6,5.5,1000,1332,11.5,SSW,6,10,100,NA
TR,2015,295,2015-10-22,2,6.6,6.5,1252,1506,13,N,4,4,10,NA
TR,2015,322,2015-11-18,2,5.2,4.2,1017,1130,NA,SSE,18,23,100,NA
TR,2016,32,2016-02-01,2,NA,5.4,1050,1245,0,SW,3,NA,100,1
TR,2016,61,2016-03-01,2,NA,5.1,1120,1345,-9,NW,12,NA,40,1
TR,2016,118,2016-04-27,2,5.1,4.6,1415,1615,10,N,12,10,80,NA
TR,2016,133,2016-05-12,2,4.8,4.1,1405,1600,14,WSW,5,10,100,NA
TR,2016,147,2016-05-26,2,6.6,6.6,1220,1530,25,NA,0,0,50,NA
TR,2016,161,2016-06-09,2,7.5,7.3,1330,1545,23.5,SE,1,5,8,NA
TR,2016,175,2016-06-23,2,7.1,6.5,935,1240,26,WNW,3,4,50,NA
TR,2016,190,2016-07-08,2,7.3,5.2,925,1120,19,WNW,5,10,100,NA
TR,2016,204,2016-07-22,2,8,6.8,1120,1420,29,WNW,6,15,0,NA
TR,2016,217,2016-08-04,2,7.8,5.4,910,1110,25,SW,11,80,100,NA
TR,2016,232,2016-08-19,2,8.8,5.6,1000,1310,20,WSW,8,20,100,NA
TR,2016,245,2016-09-01,2,7.7,6.3,915,1135,20,N,8,7,90,NA
TR,2016,259,2016-09-15,2,7.2,5.4,1255,1510,20,S,9,12,40,NA
TR,2016,273,2016-09-29,2,5.3,4.7,1230,1435,17,N,10,12,30,NA
TR,2016,287,2016-10-13,2,4.7,4.2,945,1235,7,WNW,5,7,100,NA
TR,2016,301,2016-10-27,2,6.4,4.6,900,1130,7,S,5,5,100,NA
TR,2016,320,2016-11-15,2,4.1,3.7,925,1230,6,SSW,6,6,100,NA
TR,2017,19,2017-01-19,2,NA,4.9,1020,1200,6,S,6,NA,50,1
TR,2017,44,2017-02-13,2,NA,5.7,1040,1230,2,SW,12,NA,10,1
TR,2017,81,2017-03-22,2,NA,6.4,1145,1330,3,NA,0,NA,20,1
TR,2017,111,2017-04-21,2,5,3.9,1110,1334,7,N,9,20,0,NA
TR,2017,124,2017-05-04,2,4.4,3.1,948,1125,8,N,10,20,85,NA
TR,2017,139,2017-05-19,2,4.9,4,1030,1230,8,NE,9,23,100,NA
TR,2017,153,2017-06-02,2,6,5.1,1356,1545,27,W,0,3,30,NA
TR,2017,167,2017-06-16,2,6.3,4.1,1050,1325,26,NE,12,15,80,NA
TR,2017,180,2017-06-29,2,6,4.3,930,1125,16,W,12,8,100,NA
TR,2017,194,2017-07-13,2,5.8,4.7,950,1230,16,NW,7,5,100,NA
TR,2017,208,2017-07-27,2,6.4,5.6,1240,1420,27,NA,0,0,30,NA
TR,2017,222,2017-08-10,2,5.6,4.8,940,1240,21,SW,7,6,85,NA
TR,2017,236,2017-08-24,2,5.3,5,755,910,21,NA,0,0,0,NA
TR,2017,251,2017-09-08,2,6.1,5.1,916,1212,17,NE,6,13,2,NA
TR,2017,264,2017-09-21,2,6.2,5,913,1058,18,SE,6,15,10,NA
TR,2017,278,2017-10-05,2,6.1,4.1,914,1130,15,W,18,23,98,NA
TR,2017,292,2017-10-19,2,5.3,3.8,1315,1520,16,SW,8,30,5,NA
TR,2017,318,2017-11-14,2,4.9,3.8,943,1251,2,SSW,7,18,100,NA
TR,2018,24,2018-01-24,2,NA,4.2,1305,1455,-9,NA,0,NA,75,1
TR,2018,52,2018-02-21,2,NA,5.1,1225,1431,-8,W,6,NA,5,1
TR,2018,88,2018-03-29,2,NA,9.1,1025,1206,3,NNW,7,NA,15,1
TR,2018,137,2018-05-17,2,5.5,4,925,1153,18,E,3,3,25,NA
TR,2018,152,2018-06-01,2,5.2,4.3,920,1109,18,NE,7,8,100,NA
TR,2018,165,2018-06-14,2,6.4,4.8,1057,1350,27,SW,8,6,60,NA
TR,2018,179,2018-06-28,2,6.1,5,1230,1500,32,SW,2,6,35,NA
TR,2018,193,2018-07-12,2,6.1,4.9,1130,1410,23,SW,8,8,100,NA
TR,2018,207,2018-07-26,2,6.4,4.6,930,1119,19,W,10,25,100,NA
TR,2018,221,2018-08-09,2,7.3,6.9,935,1220,34,NA,0,2,20,NA
TR,2018,235,2018-08-23,2,7.3,5.1,1251,1430,26,SW,10,25,15,NA
TR,2018,250,2018-09-07,2,6.9,5.8,950,1330,25,NE,5,10,10,NA
TR,2018,263,2018-09-20,2,6.9,6,945,1200,14,W,8,13,100,NA
TR,2018,277,2018-10-04,2,5.6,4.7,1255,1535,17,NW,7,16,50,NA
TR,2018,291,2018-10-18,2,5.1,3.8,1010,1230,9,SW,15,50,0,NA
TR,2018,318,2018-11-14,2,5.1,3.9,1150,1410,-2,E,6,10,20,NA
TR,2019,17,2019-01-17,2,NA,4.9,1140,1330,-8,W,6,NA,100,1
TR,2019,52,2019-02-21,2,NA,4.8,1050,1300,-4,SSW,8,NA,100,1
TR,2019,87,2019-03-28,2,NA,8.5,1005,1145,4,NNW,9,NA,93,1
TR,2019,130,2019-05-10,2,5.9,4.1,915,1148,8,W,8,15,98,NA
TR,2019,143,2019-05-23,2,4.4,3.5,1021,1210,11,WSW,12,25,100,NA
TR,2019,157,2019-06-06,2,4.9,3.9,952,1336,24,NA,0,1,2,NA
TR,2019,171,2019-06-20,2,5.9,4.8,1345,1610,22,NE,3,2,80,NA
TR,2019,184,2019-07-03,2,6,4.8,1410,1720,30,SSW,6,6,20,NA
TR,2019,199,2019-07-18,2,6.5,5.3,1429,1634,26,SW,12,30,90,NA
TR,2019,213,2019-08-01,2,5.7,3.9,943,1306,29,NA,0,5,20,NA
TR,2019,227,2019-08-15,2,7.3,6.1,953,1124,22,NA,0,1,30,NA
TR,2019,241,2019-08-29,2,6.3,4.1,1049,1300,12,WSW,10,30,100,NA
TR,2019,255,2019-09-12,2,6,3.6,1030,1200,9,SSE,8,20,100,NA
TR,2019,269,2019-09-26,2,6.9,5.8,925,1205,12,NW,10,40,15,NA
TR,2019,283,2019-10-10,2,4.9,3.8,836,1025,6,NW,7,14,95,NA
TR,2019,297,2019-10-24,2,5,3.9,1100,1345,1.3,NW,NA,15,98,NA
TR,2019,322,2019-11-18,2,5.7,3.9,1055,1330,-6,SW,NA,5,100,NA
TR,2020,23,2020-01-23,2,NA,3.5,1015,1215,-3,N,5,NA,100,1
TR,2020,55,2020-02-24,2,NA,5.4,1050,1240,2,NA,0,NA,20,1
TR,2020,126,2020-05-05,2,4.2,3.4,911,1142,6,SE,5,10,100,NA
TR,2020,157,2020-06-05,2,5.2,4.6,920,1130,25,NA,0,0,60,NA
TR,2020,188,2020-07-06,2,7.4,6.3,922,1113,26,SW,8,15,80,NA
TR,2020,219,2020-08-06,2,7.3,5.3,855,1120,13,SW,6,10,20,NA
TR,2020,254,2020-09-10,2,5.8,5.8,1030,1217,11,W,3,0,50,NA
TR,2020,290,2020-10-16,2,5,3.9,935,1125,0,SW,10,20,50,NA
TR,2020,310,2020-11-05,2,4.9,4.4,1100,1255,13,SE,2,0,2,NA
TR,2021,26,2021-01-26,2,NA,5.2,1215,1414,-10,N,7,NA,100,1
TR,2021,55,2021-02-24,2,NA,5.1,1020,1215,-8,N,9,NA,100,1
TR,2021,102,2021-04-12,2,5,3.6,930,1140,NA,SW,6,10,100,NA
TR,2021,126,2021-05-06,2,4.4,3.5,927,1122,6,NW,7,15,75,NA
TR,2021,158,2021-06-07,2,6.3,5.4,1225,1422,22,SSW,2,5,90,NA
TR,2021,182,2021-07-01,2,7,4,1028,1210,21,N,11,15,5,NA
TR,2021,210,2021-07-29,2,6.9,5.6,905,1110,20.5,N,11,25,95,NA
TR,2021,238,2021-08-26,2,6.5,5.7,900,1100,21.7,NNE,5,8,25,NA
TR,2021,267,2021-09-24,2,5.5,4,947,1135,18.6,S,6,15,75,NA
TR,2021,295,2021-10-22,2,4.8,4.1,1055,1245,6,W,6,10,85,NA
TR,2021,328,2021-11-24,2,3.6,4.4,950,1206,5.8,SSW,7,15,100,NA
TR,2022,39,2022-02-08,2,NA,4.3,1046,1230,-0.5,SSW,13,NA,60,1
TR,2022,60,2022-03-01,2,NA,5.6,950,1145,-4,NNW,8,NA,100,1
TR,2022,76,2022-03-17,2,NA,8.5,1215,1345,4,NW,2,NA,60,1
TR,2022,129,2022-05-09,2,5,3.9,945,1115,14,SSE,20,50,100,NA
TR,2022,139,2022-05-19,2,3.6,3.4,1026,1135,21,SE,2,5,100,NA
TR,2022,154,2022-06-03,2,3.8,2.9,1354,1625,17,NNW,11,25,10,NA
TR,2022,168,2022-06-17,2,5,3.8,915,1048,19,W,13,35,20,NA
TR,2022,182,2022-07-01,2,4.5,4,842,1048,18,SW,6,8,5,NA
TR,2022,195,2022-07-14,2,5.7,5.1,937,1110,22,SSW,6,5,10,NA
TR,2022,209,2022-07-28,2,5.1,3.7,953,1153,17.1,NW,17,20,55,NA
TR,2022,222,2022-08-10,2,5.4,4.5,1241,1358,22.7,NNW,8,7,15,NA
TR,2022,242,2022-08-30,2,6.1,5.1,845,1037,18.4,W,20,60,40,NA
TR,2022,252,2022-09-09,2,6.3,5.3,918,1110,25,SW,10,40,85,NA
TR,2022,266,2022-09-23,2,4.8,3.8,940,1215,17,SW,13,60,80,NA
TR,2022,278,2022-10-05,2,4.3,3.3,1231,1417,20,W,17,45,80,NA
TR,2022,294,2022-10-21,2,3.9,3.2,930,1158,14,W,9,20,40,NA
TR,2022,307,2022-11-03,2,3.8,3.2,1222,1356,16,SW,17,60,55,NA
TR,2022,319,2022-11-15,2,3.7,2.8,944,1236,1,ESE,6,5,99,NA
TR,2023,20,2023-01-20,2,NA,5,1025,1234,-3,W,3,NA,70,1
TR,2023,51,2023-02-20,2,NA,5,1047,1251,-4,SE,7,NA,99,1
TR,2023,80,2023-03-21,2,4.8,NA,1036,1217,-3,E,10,NA,99,1
TR,2023,130,2023-05-10,2,5.5,5.3,1328,1540,19,N,3,0,75,NA
TR,2023,153,2023-06-02,2,5,3.9,1129,1608,21.1,SE,9,7,95,NA
TR,2023,167,2023-06-16,2,6.2,5.1,953,1220,22.7,N,2,1,10,NA
TR,2023,181,2023-06-30,2,6.5,4.5,1149,1432,24.4,WNW,6,12,50,NA
TR,2023,194,2023-07-13,2,6.7,4.9,1200,1411,20.9,WSW,8,10,50,NA
TR,2023,208,2023-07-27,2,7.3,5.1,923,1112,22,SSE,8,10,60,NA
TR,2023,222,2023-08-10,2,7.1,6.1,1232,1420,21.8,SW,6,13,50,NA
TR,2023,235,2023-08-23,2,5.8,4.3,1106,1335,21.3,NNW,4,4,100,NA
TR,2023,251,2023-09-08,2,6,4.4,1005,1233,16.2,N,4,10,95,NA
TR,2023,264,2023-09-21,2,6.3,5.8,1327,1528,29,S,2,6,15,NA
TR,2023,278,2023-10-05,2,6,4.9,842,1037,14,S,14,35,80,NA
TR,2023,296,2023-10-23,2,4.7,3.8,930,1147,8,S,9,20,95,NA
TR,2023,307,2023-11-03,2,5.1,4.2,1330,1525,7,NNW,12,20,10,NA
TR,2023,319,2023-11-15,2,4.5,3.1,1210,1445,10,W,15,25,0,NA
TR,2024,22,2024-01-22,2,NA,4.6,1206,1350,-3,N,3,NA,100,1
TR,2024,43,2024-02-12,2,NA,5,1334,1530,-2,NW,8,NA,100,1
TR,2024,106,2024-04-15,2,5.1,4.3,1125,1347,12,NNW,7,15,10,NA
TR,2024,121,2024-04-30,2,4.5,3.7,923,1103,7,W,6,20,90,NA
TR,2024,138,2024-05-17,2,5.4,5.4,1010,1150,21,S,1,5,75,NA
TR,2024,151,2024-05-30,2,4.9,4.4,925,1138,17,S,10,20,15,NA
TR,2024,166,2024-06-14,2,4.9,4.3,926,1317,28,NE,4,5,30,NA
TR,2024,178,2024-06-26,2,4.8,3.3,1002,1205,16,N,15,30,95,NA
TR,2024,194,2024-07-12,2,6,5.6,912,1114,25,W,1,1,15,NA
TR,2024,207,2024-07-25,2,6.4,6.2,1404,1619,26.8,W,0,5,15,NA
TR,2024,221,2024-08-08,2,6.5,4.3,832,1147,16.8,NW,8,15,95,NA
TR,2024,235,2024-08-22,2,6.3,4.6,1309,1444,25.4,W,10,20,35,NA
TR,2024,249,2024-09-05,2,5.6,4.2,934,1209,17.2,W,8,20,100,NA
TR,2024,263,2024-09-19,2,6.5,4.4,1332,1529,23.1,N,7,32,90,NA
TR,2024,277,2024-10-03,2,6.1,4.5,911,1316,14.2,SW,7,18,60,NA
TR,2024,290,2024-10-16,2,5.2,4.7,1304,1533,11.2,W,7,16,10,NA
TR,2024,303,2024-10-29,2,5.4,4.7,912,1150,16.6,NA,0,0,40,NA
TR,2024,325,2024-11-20,2,4.6,3.8,906,1418,3,W,8,25,60,NA
TR,2025,12,2025-01-12,2,NA,3.9,1316,1450,-2,WSW,5,NA,100,1
TR,2025,55,2025-02-24,2,NA,6.1,1110,1303,6,WNW,13,NA,85,1
TR,2025,71,2025-03-12,2,NA,7.1,1237,1422,5,SSE,6,NA,90,1
TR,2025,120,2025-04-30,2,4.4,3.8,1052,1250,10,NE,11,21,30,NA
TR,2025,134,2025-05-14,2,5.1,4.7,1011,1203,25.2,NW,2,2,60,NA
TR,2025,150,2025-05-30,2,6.7,4.5,1240,1455,20.4,NW,13,17,90,NA
TR,2025,163,2025-06-12,2,5.7,4.5,921,1156,16.4,NE,5,12,50,NA
TR,2025,178,2025-06-27,2,6.5,4.6,908,1125,16.5,W,10,32,100,NA
TR,2025,191,2025-07-10,2,6.8,6.8,923,1233,24.1,SW,4,8,95,NA
TR,2025,205,2025-07-24,2,6.5,4.5,1208,1349,22.9,N,10,18,70,NA
TR,2025,219,2025-08-07,2,8,7,903,1136,23.6,S,6,12,70,NA
TR,2025,233,2025-08-21,2,6.6,6.1,936,1115,21.2,NE,2,2,70,NA
TR,2025,245,2025-09-02,2,6.2,4.7,1352,1533,20,SSW,7,20,95,NA
TR,2025,261,2025-09-18,2,6,5,1323,1529,21.2,E,6,5,88,NA
TR,2025,275,2025-10-02,2,7,5.5,954,1145,18.5,S,8,15,10,NA
TR,2025,289,2025-10-16,2,5.4,3.8,1348,1553,12.5,SSE,13,15,99,NA
TR,2025,303,2025-10-30,2,5.8,4.6,1035,1252,7.7,N,1,0,100,NA
TR,2025,322,2025-11-18,2,5.2,3.4,1109,1332,4,NW,2,1,5,NA
WI,1996,44,1996-02-13,1,NA,3,1200,1320,1.5,NA,NA,NA,99,1
WI,1996,103,1996-04-12,1,NA,1.1,1024,1100,8.6,NE,10,NA,100,NA
WI,1996,123,1996-05-02,1,NA,1.2,1345,1415,11.2,W,8,10,NA,NA
WI,1996,136,1996-05-15,1,NA,0.8,1430,1507,13.4,E,3,0,100,NA
WI,1996,151,1996-05-30,1,NA,1.3,1455,1540,22.2,SE,5,2,0,NA
WI,1996,163,1996-06-11,1,NA,2,1600,1650,20.4,N,5,3,85,NA
WI,1996,176,1996-06-24,1,NA,0.9,1130,1245,19,N,10,5,100,NA
WI,1996,192,1996-07-10,1,NA,0.8,935,1015,18.7,NW,5,5,0,NA
WI,1996,206,1996-07-24,1,NA,0.6,930,NA,20.7,W,5,3,90,NA
WI,1996,220,1996-08-07,1,NA,0.65,1400,1435,27.6,SW,10,10,20,NA
WI,1996,234,1996-08-21,1,NA,0.9,1230,1330,17.5,S,5,2,50,NA
WI,1996,250,1996-09-06,1,NA,0.7,1554,1623,25.2,SE,7,5,60,NA
WI,1996,275,1996-10-01,1,NA,0.75,1330,1407,20.5,SW,10,7,20,NA
WI,1996,289,1996-10-15,1,NA,0.8,1520,1557,18,WSW,3,3,15,NA
WI,1996,312,1996-11-07,1,NA,0.7,1115,NA,7.2,W,5,3,100,NA
WI,1997,15,1997-01-15,1,NA,0.95,1415,1455,-8,S,8,NA,100,1
WI,1997,100,1997-04-10,1,NA,0.7,1415,1515,4,NA,1,0,100,NA
WI,1997,125,1997-05-05,1,NA,0.8,1418,1530,18.2,W,20,NA,60,NA
WI,1997,136,1997-05-16,1,NA,0.75,1055,1147,9.3,W,10,6,100,NA
WI,1997,162,1997-06-11,1,NA,0.5,NA,NA,21.8,W,8,7,40,NA
WI,1997,163,1997-06-12,1,NA,0.8,1430,NA,25,SW,5,2,70,NA
WI,1997,175,1997-06-24,1,NA,0.6,1030,1127,26.8,SW,8,3,5,NA
WI,1997,189,1997-07-08,1,NA,0.6,1500,1545,27.8,N,7,5,40,NA
WI,1997,206,1997-07-25,1,NA,0.6,935,NA,NA,SE,5,3,100,NA
WI,1997,231,1997-08-19,1,NA,0.55,1452,1543,NA,SE,3,0,100,NA
WI,1997,254,1997-09-11,1,NA,0.7,1355,1435,21.2,NW,8,5,40,NA
WI,1997,301,1997-10-28,1,NA,0.7,910,1015,7.6,W,15,10,NA,NA
WI,1997,324,1997-11-20,1,NA,1.4,950,1025,7,0,0,0,100,NA
WI,1998,37,1998-02-06,2,NA,NA,1400,1410,8,NA,5,NA,30,NA
WI,1998,84,1998-03-25,1,NA,0.7,1130,1158,8.1,SW,13,30,100,NA
WI,1998,105,1998-04-15,1,NA,0.7,1430,1530,9.2,NA,NA,20,50,NA
WI,1998,113,1998-04-23,1,NA,0.8,1515,1615,18.7,NW,10,10,10,NA
WI,1998,132,1998-05-12,1,NA,0.9,1330,1407,23.1,SE,10,10,25,NA
WI,1998,144,1998-05-24,1,NA,0.9,1230,NA,25.3,SE,8,5,30,NA
WI,1998,161,1998-06-10,1,NA,0.8,1300,1400,19.4,NA,0,0,100,NA
WI,1998,175,1998-06-24,1,NA,1,1402,1444,28.9,SW,13,5,10,NA
WI,1998,188,1998-07-07,1,NA,0.8,1330,NA,23,W,2,2,100,NA
WI,1998,205,1998-07-24,1,NA,0.7,910,951,21.7,SW,5,5,0,NA
WI,1998,219,1998-08-07,1,NA,0.6,1015,1100,25.2,SE,13,25,97,NA
WI,1998,231,1998-08-19,1,NA,0.6,1305,1400,24.4,SW,15,5,50,NA
WI,1998,243,1998-08-31,1,NA,0.6,1300,1330,24.2,NE,5,5,15,NA
WI,1998,272,1998-09-29,1,NA,0.7,NA,NA,23,SW,3,3,30,NA
WI,1998,299,1998-10-26,1,NA,0.8,1305,1330,19.5,SW,5,5,5,NA
WI,1998,328,1998-11-24,1,NA,1,1200,1300,10.3,S,2,3,75,NA
WI,1999,26,1999-01-26,1,NA,2.6,915,1200,-4,SW,5,NA,70,1
WI,1999,55,1999-02-24,1,NA,1.6,915,1015,-2,E,10,NA,100,1
WI,1999,89,1999-03-30,1,NA,1,1300,1330,20,SW,25,40,50,NA
WI,1999,103,1999-04-13,1,NA,0.8,1400,1455,18,NE,5,3,15,NA
WI,1999,118,1999-04-28,1,NA,1,1330,1420,13,NE,20,40,10,NA
WI,1999,131,1999-05-11,1,NA,1.4,1345,1445,21,SE,5,15,50,NA
WI,1999,144,1999-05-24,1,NA,0.9,930,1115,13,NW,10,10,100,NA
WI,1999,159,1999-06-08,1,NA,0.8,930,1035,31.5,W,3,3,30,NA
WI,1999,173,1999-06-22,1,NA,0.7,930,1040,28,S,5,5,20,NA
WI,1999,190,1999-07-09,1,NA,0.6,805,915,25,W,15,10,50,NA
WI,1999,200,1999-07-19,1,NA,0.6,1330,1450,29,S,5,0,100,NA
WI,1999,215,1999-08-03,1,NA,0.7,845,945,26,WSW,8,10,0,NA
WI,1999,229,1999-08-17,1,NA,0.5,1255,1450,26,NW,13,6,25,NA
WI,1999,243,1999-08-31,1,NA,0.7,920,1020,23,SSE,5,5,20,NA
WI,1999,271,1999-09-28,1,NA,0.7,1330,1415,14,N,10,10,100,NA
WI,1999,298,1999-10-25,1,NA,0.7,1120,1225,16,SSE,13,20,5,NA
WI,1999,333,1999-11-29,1,NA,1.4,935,1040,1,NW,8,5,0,NA
WI,2000,26,2000-01-26,1,NA,1.2,1030,1130,-9,NW,5,NA,0,1
WI,2000,55,2000-02-24,1,NA,2.2,930,1130,12,N,5,NA,100,1
WI,2000,76,2000-03-16,1,NA,1.2,935,1030,-2,N,10,10,10,NA
WI,2000,87,2000-03-27,1,NA,1.3,1045,1155,11,WSW,20,25,60,NA
WI,2000,103,2000-04-12,1,NA,1.7,930,1035,6.5,NNW,8,10,10,NA
WI,2000,117,2000-04-26,1,NA,1.3,925,1005,17,NE,3,1,10,NA
WI,2000,131,2000-05-10,1,NA,1.2,945,1035,21,S,5,3,70,NA
WI,2000,145,2000-05-24,1,NA,1.5,915,1010,24.5,W,10,10,0,NA
WI,2000,157,2000-06-05,1,NA,1.3,1005,1110,18.8,NE,10,10,50,NA
WI,2000,172,2000-06-20,1,NA,0.9,1245,1400,24,SSE,27,10,100,NA
WI,2000,186,2000-07-04,1,NA,0.68,915,1000,25,NE,5,5,60,NA
WI,2000,200,2000-07-18,1,NA,0.62,925,1030,19,ENE,5,3,70,NA
WI,2000,214,2000-08-01,1,NA,0.6,950,1045,25,NA,0,0,100,NA
WI,2000,227,2000-08-14,1,NA,0.59,935,1030,26.5,SSE,2,3,95,NA
WI,2000,242,2000-08-29,1,NA,0.85,1005,1100,26,NNW,8,5,100,NA
WI,2000,270,2000-09-26,1,NA,0.62,920,1005,16,S,5,4,5,NA
WI,2000,297,2000-10-23,1,NA,1.1,840,930,15,-,0,0,100,NA
WI,2000,325,2000-11-20,1,NA,1.4,945,1028,-4.5,NW,13,10,100,NA
WI,2001,8,2001-01-08,1,NA,3.1,1045,1236,-6,NW,5,NA,90,1
WI,2001,102,2001-04-12,1,NA,1,1000,1100,9,WNW,30,40,100,NA
WI,2001,113,2001-04-23,1,NA,0.8,1430,1530,13,W,30,40,80,NA
WI,2001,127,2001-05-07,1,NA,0.65,1320,1420,19,W,8,5,25,NA
WI,2001,143,2001-05-23,1,NA,0.4,1340,1440,10.8,SW,5,10,100,NA
WI,2001,157,2001-06-06,1,NA,0.4,1330,1430,15.1,NE,5,5,100,NA
WI,2001,169,2001-06-18,1,NA,0.5,1525,1630,26.9,SW,10,10,90,NA
WI,2001,184,2001-07-03,1,NA,0.5,1325,1423,26.9,S,5,5,30,NA
WI,2001,197,2001-07-16,1,NA,0.5,1115,1230,29.2,S,10,10,50,NA
WI,2001,213,2001-08-01,1,NA,0.7,1345,1455,32.3,SSW,8,10,80,NA
WI,2001,227,2001-08-15,1,NA,0.4,1315,1440,20,S,3,2,100,NA
WI,2001,240,2001-08-28,1,NA,0.7,1219,1305,29.4,E,2,2,5,NA
WI,2001,267,2001-09-24,1,NA,0.4,1030,1145,11.7,NE,12,20,65,NA
WI,2001,298,2001-10-25,1,NA,0.4,930,1015,NA,W,35,20,100,NA
WI,2001,333,2001-11-29,1,NA,0.5,910,1010,1.7,N,10,10,100,NA
WI,2002,78,2002-03-19,1,NA,0.8,1000,1045,4.8,-,0,0,100,NA
WI,2002,85,2002-03-26,1,NA,0.7,1100,1215,0.4,N,8,15,100,NA
WI,2002,99,2002-04-09,1,NA,0.9,1100,1130,10.9,N,5,5,50,NA
WI,2002,112,2002-04-22,1,NA,0.8,1115,1200,5.7,W,8,15,80,NA
WI,2002,127,2002-05-07,1,NA,0.7,1415,1545,15,E,10,15,20,NA
WI,2002,143,2002-05-23,1,NA,0.4,930,1015,17.6,SW,5,5,0,NA
WI,2002,157,2002-06-06,1,NA,0.6,1000,1100,22.2,0,0,0,0,NA
WI,2002,171,2002-06-20,1,NA,0.5,1030,1130,22.5,W,5,5,5,NA
WI,2002,184,2002-07-03,1,NA,0.5,1030,1200,33.5,SW,10,10,5,NA
WI,2002,199,2002-07-18,1,NA,0.5,1030,1230,35.5,0,0,0,10,NA
WI,2002,212,2002-07-31,1,NA,0.5,1130,1330,31.9,SW,15,10,0,NA
WI,2002,227,2002-08-15,1,NA,0.2,1030,1230,26.6,W,20,20,0,NA
WI,2002,240,2002-08-28,1,NA,0.4,1100,1200,22.7,SE,5,0,100,NA
WI,2002,269,2002-09-26,1,NA,0.4,1130,1230,26.4,0,0,0,0,NA
WI,2002,297,2002-10-24,1,NA,0.5,1100,1300,3.8,NA,0,0,100,NA
WI,2002,324,2002-11-20,1,NA,NA,1130,1300,10,NA,NA,NA,NA,NA
WI,2003,28,2003-01-28,1,NA,1.1,1030,1200,-7.1,W,5,NA,5,1
WI,2003,93,2003-04-03,1,NA,1,1030,1130,5.2,E,15,20,100,NA
WI,2003,107,2003-04-17,1,NA,0.6,1115,1200,4,W,10,10,15,NA
WI,2003,121,2003-05-01,1,NA,0.5,1215,1300,15,W,10,5,75,NA
WI,2003,135,2003-05-15,1,NA,0.6,1045,1115,12,N,5,3,100,NA
WI,2003,149,2003-05-29,1,NA,0.5,1200,1245,25,NE,10,10,50,NA
WI,2003,163,2003-06-12,1,NA,0.5,1100,1145,24,N,5,5,100,NA
WI,2003,176,2003-06-25,1,NA,0.5,1100,1215,32.3,S,10,5,75,NA
WI,2003,191,2003-07-10,1,NA,0.4,1045,1120,23,S,5,5,100,NA
WI,2003,202,2003-07-21,1,NA,0.5,1110,1200,25,N,15,5,25,NA
WI,2003,219,2003-08-07,1,NA,0.4,1025,1115,26,NE,5,5,50,NA
WI,2003,234,2003-08-22,1,NA,0.4,1110,1150,28,N,5,5,5,NA
WI,2003,247,2003-09-04,1,NA,0.35,1200,1300,24,NE,10,10,10,NA
WI,2003,275,2003-10-02,1,NA,0.4,1100,1200,11,NA,0,0,5,NA
WI,2003,310,2003-11-06,1,NA,0.5,1230,1345,9,NW,10,10,0,NA
WI,2003,330,2003-11-26,1,NA,0.6,930,1115,2,NA,0,0,80,NA
WI,2004,40,2004-02-09,1,NA,0.4,1030,1130,-1,S,15,NA,100,1
WI,2004,91,2004-03-31,1,NA,0.4,930,1030,4,NE,10,10,95,NA
WI,2004,106,2004-04-15,1,NA,0.6,1020,1100,18,S,10,5,50,NA
WI,2004,120,2004-04-29,1,NA,0.7,1030,1115,20,SW,25,30,80,NA
WI,2004,134,2004-05-13,1,NA,0.9,1120,1200,22,SW,5,5,100,NA
WI,2004,147,2004-05-26,1,NA,1.2,1130,1200,14,NW,5,10,60,NA
WI,2004,162,2004-06-10,1,NA,1.4,1030,1115,12,E,10,10,100,NA
WI,2004,176,2004-06-24,1,NA,0.9,1030,1115,18.8,NA,0,0,100,NA
WI,2004,191,2004-07-09,1,NA,0.6,1030,1115,23.5,N,5,5,100,NA
WI,2004,204,2004-07-22,1,NA,0.7,1215,1300,27,NE,5,5,95,NA
WI,2004,217,2004-08-04,1,NA,0.7,1030,1130,22,E,15,20,95,NA
WI,2004,231,2004-08-18,1,NA,0.5,1015,1030,26,W,5,5,10,NA
WI,2004,282,2004-10-08,1,NA,0.6,1200,1330,18,SW,5,5,50,NA
WI,2004,313,2004-11-08,1,NA,0.5,1130,1330,8,W,5,5,95,NA
WI,2005,40,2005-02-09,1,NA,1.3,1130,1300,-2,N,5,NA,90,1
WI,2005,101,2005-04-11,1,NA,0.4,1200,1315,15,E,20,20,95,NA
WI,2005,119,2005-04-29,1,NA,0.8,1200,1315,12,S,5,2,50,NA
WI,2005,132,2005-05-12,1,NA,0.5,1130,1230,9,E,20,20,100,NA
WI,2005,145,2005-05-25,1,NA,1,1130,1230,19,SW,2,2,50,NA
WI,2005,159,2005-06-08,1,NA,1,1200,1300,28,N,15,10,75,NA
WI,2005,173,2005-06-22,1,NA,0.9,1130,1200,31,NE,5,2,10,NA
WI,2005,187,2005-07-06,1,NA,0.7,1030,1115,19,NA,0,0,100,NA
WI,2005,203,2005-07-22,1,NA,0.7,1030,1130,28,NE,5,2,10,NA
WI,2005,216,2005-08-04,1,NA,0.6,1045,1130,25,NW,10,5,90,NA
WI,2005,228,2005-08-16,1,NA,1.1,1130,1215,28,NE,2,2,25,NA
WI,2005,243,2005-08-31,1,NA,0.85,1150,1225,25,NW,5,4,25,NA
WI,2005,272,2005-09-29,1,NA,0.6,930,1030,10,NW,5,5,30,NA
WI,2005,299,2005-10-26,1,NA,0.6,1030,1115,11,NA,0,0,80,NA
WI,2005,326,2005-11-22,1,NA,0.9,1200,1300,1,NW,5,5,0,NA
WI,2006,53,2006-02-22,1,NA,0.5,1215,1330,2,W,3,NA,5,1
WI,2006,100,2006-04-10,1,NA,0.6,1300,1330,18,NE,20,13,0,NA
WI,2006,109,2006-04-19,1,NA,0.6,1415,1445,18,SW,8,3,100,NA
WI,2006,128,2006-05-08,1,NA,0.8,1300,1345,18,SW,10,10,100,NA
WI,2006,137,2006-05-17,1,NA,0.9,1200,1230,16,NW,12,3,100,NA
WI,2006,152,2006-06-01,1,NA,1.1,1050,1120,25,NE,2,0,20,NA
WI,2006,165,2006-06-14,1,NA,0.8,1130,1200,18,SE,5,0,100,NA
WI,2006,179,2006-06-28,1,NA,0.5,1200,1230,21,NW,5,3,70,NA
WI,2006,193,2006-07-12,1,NA,0.7,1045,1115,25,E,8,15,90,NA
WI,2006,207,2006-07-26,1,NA,0.6,1045,1120,27,SW,5,10,20,NA
WI,2006,221,2006-08-09,1,NA,0.7,1100,1130,23,S,5,3,95,NA
WI,2006,234,2006-08-22,1,NA,0.75,1100,1120,26,NA,0,0,25,NA
WI,2006,257,2006-09-14,1,NA,0.6,1100,1200,21,SE,5,5,30,NA
WI,2006,277,2006-10-04,1,NA,0.8,1140,1215,10,NE,15,20,100,NA
WI,2006,306,2006-11-02,1,NA,0.9,1100,1200,3,NW,20,15,95,NA
WI,2006,332,2006-11-28,1,NA,1.2,1130,1215,12,SW,10,10,100,NA
WI,2007,67,2007-03-08,1,NA,0.8,1100,1200,-2,SW,5,NA,0,1
WI,2007,93,2007-04-03,1,NA,0.8,1200,1300,11,E,5,3,100,NA
WI,2007,108,2007-04-18,1,NA,0.6,1100,1130,8,NE,20,20,100,NA
WI,2007,123,2007-05-03,1,NA,1.2,1100,1200,14,E,15,20,10,NA
WI,2007,135,2007-05-15,1,NA,1,1100,1200,20,N,5,2,100,NA
WI,2007,150,2007-05-30,1,NA,1,1210,1245,25,S,10,4,80,NA
WI,2007,164,2007-06-13,1,NA,0.9,1000,1030,25,NE,5,3,5,NA
WI,2007,177,2007-06-26,1,NA,0.5,937,957,27,S,2,1,30,NA
WI,2007,192,2007-07-11,1,NA,0.5,945,1015,24,W,5,10,5,NA
WI,2007,205,2007-07-24,1,NA,0.6,1015,1032,24,SW,5,5,95,NA
WI,2007,220,2007-08-08,1,NA,0.8,920,950,26,SE,15,15,40,NA
WI,2007,233,2007-08-21,1,NA,0.9,953,1015,19,E,5,5,100,NA
WI,2007,248,2007-09-05,1,NA,1,934,1005,26,N,2,2,30,NA
WI,2007,276,2007-10-03,1,NA,0.5,1000,1100,18,NW,5,5,0,NA
WI,2007,304,2007-10-31,1,NA,0.7,932,959,10,SW,15,15,75,NA
WI,2008,49,2008-02-18,1,NA,3.5,1230,1400,-8,W,15,NA,100,1
WI,2008,106,2008-04-15,1,NA,1.1,1400,1530,14,SW,30,40,20,NA
WI,2008,120,2008-04-29,1,NA,1,1206,1235,1,S,3,2,100,NA
WI,2008,134,2008-05-13,1,NA,1.9,1250,1317,17,S,15,17,60,NA
WI,2008,150,2008-05-29,1,NA,1.8,1103,1122,17,S,2,2,100,NA
WI,2008,163,2008-06-11,1,NA,1.3,1154,1252,23,SW,10,10,95,NA
WI,2008,177,2008-06-25,1,NA,1.2,1100,1130,27,SW,6,3,70,NA
WI,2008,191,2008-07-09,1,NA,1,853,930,23,NW,5,7,10,NA
WI,2008,204,2008-07-22,1,NA,1.1,1024,1042,22,NA,0,3,30,NA
WI,2008,219,2008-08-06,1,NA,0.8,903,946,27,W,2,5,30,NA
WI,2008,232,2008-08-19,1,NA,0.7,1000,1027,22,E,5,5,85,NA
WI,2008,252,2008-09-08,1,NA,1,1100,1130,14,nw,2,2,100,NA
WI,2008,280,2008-10-06,1,NA,1.6,1100,1130,15,SE,10,15,90,NA
WI,2008,308,2008-11-03,1,NA,1.6,1025,1053,20,SW,5,5,10,NA
WI,2009,47,2009-02-16,1,NA,1.6,1120,1300,-10,W,5,NA,20,1
WI,2009,103,2009-04-13,1,NA,1.1,1130,1330,4,E,20,25,100,NA
WI,2009,119,2009-04-29,1,NA,1.3,1015,1115,13,E,5,10,100,NA
WI,2009,132,2009-05-12,1,NA,3.8,1043,1120,20,S,10,10,10,NA
WI,2009,147,2009-05-27,1,NA,1.5,1200,1300,14,E,10,10,100,NA
WI,2009,162,2009-06-11,1,NA,1.1,1030,1115,16,NE,5,5,100,NA
WI,2009,173,2009-06-22,1,NA,1.2,1000,1030,27,NA,0,0,50,NA
WI,2009,188,2009-07-07,1,NA,0.9,1000,1040,22,E,5,2,15,NA
WI,2009,202,2009-07-21,1,NA,1.3,930,1005,20,S,5,2,80,NA
WI,2009,215,2009-08-03,1,NA,1,1355,1410,21,SW,5,5,50,NA
WI,2009,229,2009-08-17,1,NA,1.6,1250,1320,25,SW,5,2,70,NA
WI,2009,243,2009-08-31,1,NA,1.4,1045,1130,21,NA,0,2,30,NA
WI,2009,275,2009-10-02,1,NA,1.5,1115,1155,7,SW,15,15,90,NA
WI,2009,308,2009-11-04,1,NA,1.6,1030,1100,6,S,5,5,50,NA
WI,2010,36,2010-02-05,1,NA,2,1100,1135,-1,E,10,NA,100,1
WI,2010,89,2010-03-30,1,NA,1.6,1200,1330,10,S,15,15,90,NA
WI,2010,104,2010-04-14,1,NA,1,825,905,13,SE,5,5,25,NA
WI,2010,117,2010-04-27,1,NA,1,1230,1400,14,NE,10,15,0,NA
WI,2010,132,2010-05-12,1,NA,0.9,1100,1215,9,E,5,10,100,NA
WI,2010,146,2010-05-26,1,NA,0.8,945,1030,27,NA,0,1,30,NA
WI,2010,161,2010-06-10,1,NA,1.1,900,1000,26,NE,3,1,30,NA
WI,2010,173,2010-06-22,1,NA,1.1,845,930,20,W,1,0,90,NA
WI,2010,188,2010-07-07,1,NA,1.2,845,930,27,NA,0,0,50,NA
WI,2010,202,2010-07-21,1,NA,0.9,1030,1145,28,N,5,5,10,NA
WI,2010,217,2010-08-05,1,NA,0.9,1030,1145,25,NW,15,10,20,NA
WI,2010,229,2010-08-17,1,NA,0.9,945,1045,23,NW,7,5,80,NA
WI,2010,243,2010-08-31,1,NA,0.9,900,945,22,SW,11,10,100,NA
WI,2010,281,2010-10-08,1,NA,0.7,1030,1130,25,w,10,15,0,NA
WI,2010,314,2010-11-10,1,NA,1.1,1115,1215,15,w,5,1,75,NA
WI,2011,27,2011-01-27,1,NA,1.1,1200,1300,-2,NA,0,NA,0,1
WI,2011,75,2011-03-16,1,1.3,NA,1100,1300,10,w,5,NA,20,NA
WI,2011,110,2011-04-20,1,1.3,NA,1200,1300,3,nw,5,10,100,NA
WI,2011,124,2011-05-04,1,NA,1.5,1100,1200,16,NA,0,0,0,NA
WI,2011,138,2011-05-18,1,NA,1.9,1200,1300,13,ne,5,5,100,NA
WI,2011,152,2011-06-01,1,NA,1.1,1000,1100,22,SW,20,15,10,NA
WI,2011,166,2011-06-15,1,NA,1.3,945,1030,17,NE,7,8,100,NA
WI,2011,179,2011-06-28,1,NA,1.2,1000,1045,20,WNW,10,5,0,NA
WI,2011,194,2011-07-13,1,NA,1.2,1010,1100,23,E,5,5,100,NA
WI,2011,207,2011-07-26,1,NA,1.4,1030,1130,28,E,5,10,20,NA
WI,2011,222,2011-08-10,1,NA,0.9,1100,1200,24,N,5,5,40,NA
WI,2011,235,2011-08-23,1,NA,1.1,1025,1044,21,SW,10,15,100,NA
WI,2011,258,2011-09-15,1,NA,1.2,1115,1200,14,NE,5,5,5,NA
WI,2011,278,2011-10-05,1,NA,1.8,1030,1130,22,SW,5,2,0,NA
WI,2011,305,2011-11-01,1,NA,2.9,1000,1100,11,S,10,10,10,NA
WI,2012,47,2012-02-16,1,NA,2.6,1300,1430,5,SW,10,NA,10,1
WI,2012,95,2012-04-04,1,NA,1.5,1200,1400,13,E,10,15,30,NA
WI,2012,109,2012-04-18,1,NA,1.9,1200,1300,20,SW,20,25,50,NA
WI,2012,124,2012-05-03,1,NA,2.6,1000,1100,23,SW,10,10,90,NA
WI,2012,138,2012-05-17,1,NA,2.9,1030,1130,21,S,10,5,20,NA
WI,2012,151,2012-05-30,1,NA,1.5,930,1015,15,W,5,5,95,NA
WI,2012,165,2012-06-13,1,NA,2,1115,1215,21,SE,5,5,50,NA
WI,2012,178,2012-06-26,1,NA,1.6,1045,1115,26,SE,5,5,5,NA
WI,2012,194,2012-07-12,1,NA,2.5,919,1000,25,NA,0,0,50,NA
WI,2012,206,2012-07-24,1,NA,1.1,1140,1215,23,E,8,10,95,NA
WI,2012,221,2012-08-08,1,NA,1.1,945,1045,24,SE,3,5,100,NA
WI,2012,237,2012-08-24,1,NA,1.4,945,1030,24,SW,2,2,90,NA
WI,2012,249,2012-09-05,1,NA,1.8,1000,1100,24,SW,10,15,10,NA
WI,2012,276,2012-10-02,1,NA,2.2,1015,1100,16,NE,3,4,0,NA
WI,2012,304,2012-10-30,1,NA,1.4,1130,1230,8,N,25,20,80,NA
WI,2013,56,2013-02-25,1,1.2,NA,1100,1300,-3,w,10,NA,40,1
WI,2013,120,2013-04-30,1,NA,1.1,10,12,25,SW,20,15,20,NA
WI,2013,135,2013-05-15,1,NA,1.2,11,11,25,N,5,2,10,NA
WI,2013,149,2013-05-29,1,NA,2.9,11,11,25,SW,5,10,20,NA
WI,2013,163,2013-06-12,1,NA,1.5,10,11,22,E,5,0,100,NA
WI,2013,175,2013-06-24,1,NA,1.4,13,14,22,SW,5,2,100,NA
WI,2013,191,2013-07-10,1,NA,0.8,14,15,24,N,5,2,30,NA
WI,2013,203,2013-07-22,1,NA,0.6,14,14,26,W,5,5,10,NA
WI,2013,220,2013-08-08,1,NA,0.8,10,11,23,E,3,3,70,NA
WI,2013,231,2013-08-19,1,NA,0.8,10,11,22,W,5,2,10,NA
WI,2013,252,2013-09-09,1,NA,1,9,11,23,SW,5,2,50,NA
WI,2013,275,2013-10-02,1,NA,1.1,11,12,23,E,2,2,0,NA
WI,2013,304,2013-10-31,1,NA,1.9,11,12,15,W,5,2,100,NA
WI,2014,122,2014-05-02,1,NA,1.1,10,11,8,W,5,5,100,NA
WI,2014,135,2014-05-15,1,NA,1,10,11,9,N,10,5,100,NA
WI,2014,154,2014-06-03,1,NA,1.1,1000,1100,20,NW,10,5,0,NA
WI,2014,163,2014-06-12,1,NA,1.2,1045,1130,22,SW,7,5,90,NA
WI,2014,175,2014-06-24,1,NA,1.1,1030,1115,26,NW,5,2,20,NA
WI,2014,191,2014-07-10,1,NA,1,1030,1115,24,SW,7,5,80,NA
WI,2014,204,2014-07-23,1,NA,1.1,1000,1030,23,NE,7,5,10,NA
WI,2014,218,2014-08-06,1,NA,1.1,1100,1200,22,E,2,2,90,NA
WI,2014,231,2014-08-19,1,NA,1.2,1030,1200,25,W,2,5,50,NA
WI,2014,251,2014-09-08,1,NA,1,1015,1053,22,SW,7,5,10,NA
WI,2014,273,2014-09-30,1,NA,1.2,1130,1200,8,E,7,5,100,NA
WI,2014,307,2014-11-03,1,NA,2,1100,1145,11,SW,12,10,90,NA
WI,2015,28,2015-01-28,1,NA,1.6,1130,1230,-2,S,10,NA,100,1
WI,2015,90,2015-03-31,1,NA,1.9,1115,1200,9,W,2,5,10,NA
WI,2015,107,2015-04-17,1,NA,1.1,1030,1100,20,NW,2,2,0,NA
WI,2015,117,2015-04-27,1,NA,1.2,1130,1200,13,NW,5,5,5,NA
WI,2015,132,2015-05-12,1,NA,1,1245,1345,11,W,10,10,100,NA
WI,2015,148,2015-05-28,1,NA,1,1030,1100,24,SW,5,5,50,NA
WI,2015,162,2015-06-11,1,NA,1.1,1030,1130,18,NW,7,2,100,NA
WI,2015,175,2015-06-24,1,NA,1.4,1130,1200,25,SW,2,2,70,NA
WI,2015,191,2015-07-10,1,NA,1.6,1035,1105,25,NA,0,0,30,NA
WI,2015,204,2015-07-23,1,NA,1.9,1050,1120,26,SW,2,1,50,NA
WI,2015,217,2015-08-05,1,NA,1.3,1115,1145,26,E,2,1,20,NA
WI,2015,229,2015-08-17,1,NA,1.9,1030,1045,27,W,7,5,40,NA
WI,2015,251,2015-09-08,1,NA,1.6,1100,1130,24,S,7,5,100,NA
WI,2015,288,2015-10-15,1,NA,1.9,1230,1300,14,W,15,5,90,NA
WI,2015,313,2015-11-09,1,NA,1.2,1100,1130,11,SW,10,2,0,NA
WI,2016,36,2016-02-05,1,NA,2.2,1100,1200,-2,W,2,NA,10,1
WI,2016,90,2016-03-30,1,NA,1.3,1300,1400,7,NA,0,0,100,NA
WI,2016,105,2016-04-14,1,NA,1.1,11,12,10,S,5,10,10,NA
WI,2016,118,2016-04-27,1,NA,0.8,12,13,10,E,25,30,100,NA
WI,2016,137,2016-05-16,1,NA,1.3,1030,11,16,W,12,5,50,NA
WI,2016,146,2016-05-25,1,NA,1.3,11,11,23,S,5,2,90,NA
WI,2016,161,2016-06-09,1,NA,2.3,1100,1130,18,S,3,0,100,NA
WI,2016,173,2016-06-21,1,NA,2.4,1020,1050,21,NW,7,10,0,NA
WI,2016,189,2016-07-07,1,NA,1.5,1015,1045,23,E,5,0,100,NA
WI,2016,202,2016-07-20,1,NA,1.3,1100,1130,25,SW,5,2,60,NA
WI,2016,216,2016-08-03,1,NA,1.6,1200,1240,28,W,5,3,70,NA
WI,2016,230,2016-08-17,1,NA,1.4,1300,1320,25,N,5,0,20,NA
WI,2016,252,2016-09-08,1,NA,1.3,1045,1130,23,W,5,3,95,NA
WI,2016,273,2016-09-29,1,NA,1.4,1100,1200,19,NE,10,10,10,NA
WI,2016,306,2016-11-01,1,NA,1,1000,1030,13,NA,0,1,50,NA
WI,2017,47,2017-02-16,1,NA,1.5,1200,1300,2,SW,10,NA,70,1
WI,2017,108,2017-04-18,1,NA,0.8,1200,1230,18,SW,15,20,100,NA
WI,2017,124,2017-05-04,1,NA,1.2,1130,1215,13,E,5,10,50,NA
WI,2017,138,2017-05-18,1,NA,1.2,1100,1130,18,W,10,20,100,NA
WI,2017,152,2017-06-01,1,NA,0.9,1000,1030,16.6,W,6,1,0,6
WI,2017,165,2017-06-14,1,NA,1.3,1115,1150,28,S,5,5,50,6
WI,2017,178,2017-06-27,1,NA,1.5,1000,1030,19,NW,5,3,0,NA
WI,2017,193,2017-07-12,1,NA,0.7,1015,1045,22,W,5,5,60,7
WI,2017,207,2017-07-26,1,NA,0.9,1020,1045,23,N,5,0,100,NA
WI,2017,221,2017-08-09,1,NA,0.7,1030,1115,21,SW,5,5,10,NA
WI,2017,233,2017-08-21,1,NA,0.7,1030,1100,21,E,2,2,95,8
WI,2017,251,2017-09-08,1,NA,0.9,1015,1050,13,NE,5,5,95,NA
WI,2017,275,2017-10-02,1,NA,0.9,1215,1245,22,s,10,5,75,NA
WI,2017,304,2017-10-31,1,NA,0.8,15,15,2,W,5,3,100,NA
WI,2018,57,2018-02-26,1,NA,0.7,1130,1215,7,W,10,NA,0,1
WI,2018,116,2018-04-26,1,NA,0.9,1100,1130,12,SW,5,3,100,NA
WI,2018,136,2018-05-16,1,NA,1.6,1215,1245,25,NA,0,0,10,NA
WI,2018,151,2018-05-31,1,NA,2.4,1130,1215,24,W,7,5,10,NA
WI,2018,165,2018-06-14,1,NA,2,1030,1100,22,SW,3,1,100,NA
WI,2018,179,2018-06-28,1,NA,2,1045,1115,25,--,0,0,40,NA
WI,2018,194,2018-07-13,1,NA,1.5,1000,1045,26,SW,5,3,50,NA
WI,2018,205,2018-07-24,1,NA,1,1115,1130,27,NW,5,3,50,NA
WI,2018,221,2018-08-09,1,NA,0.9,1045,1130,24,W,3,3,100,NA
WI,2018,233,2018-08-21,1,NA,0.8,1000,1030,20,N,10,5,100,8
WI,2018,249,2018-09-06,1,NA,0.9,1045,1115,18,NE,10,10,70,NA
WI,2018,285,2018-10-12,1,NA,0.8,1045,1100,2,W,5,3,100,9
WI,2018,305,2018-11-01,1,NA,1.2,1145,1245,8,E,3,5,100,NA
WI,2019,60,2019-03-01,1,NA,2.5,1145,1215,-4,W,5,0,100,1
WI,2019,108,2019-04-18,1,NA,1.1,1030,1100,3,NW,10,7,100,NA
WI,2019,121,2019-05-01,1,NA,1,1200,1245,8,NW,5,3,100,NA
WI,2019,135,2019-05-15,1,NA,1.4,1125,1155,19,NW,2,1,5,NA
WI,2019,150,2019-05-30,1,NA,2.1,1215,1310,20.5,NA,0,0,80,NA
WI,2019,165,2019-06-14,1,NA,1.3,1145,1230,25,SW,15,20,50,NA
WI,2019,177,2019-06-26,1,NA,1.5,1240,1330,27.2,NA,0,0,35,NA
WI,2019,192,2019-07-11,1,NA,1.3,1100,1135,23.3,N,9,5,10,NA
WI,2019,205,2019-07-24,1,NA,1,1125,1205,24.4,NE,1,0,0,NA
WI,2019,219,2019-08-07,1,NA,0.9,1300,1405,27,SW,9,5,20,NA
WI,2019,231,2019-08-19,1,NA,0.9,1115,1140,24,E,5,3,0,NA
WI,2019,252,2019-09-09,1,NA,1.9,1315,1410,19,E,15,10,100,NA
WI,2019,282,2019-10-09,1,NA,1.1,1220,1305,20,SE,13,5,0,NA
WI,2019,303,2019-10-30,1,NA,1.4,1300,1345,2,N,10,3,100,NA
WI,2020,52,2020-02-21,1,NA,1.5,15,16,1.1,S,20,NA,0,1
WI,2020,160,2020-06-08,1,NA,1.8,13,1345,NA,SE,10,5,0,NA
WI,2020,219,2020-08-06,1,NA,NA,1545,1645,25,S,1,0,60,NA
WI,2020,276,2020-10-02,1,NA,2.1,1245,14,12,NW,5,0,80,NA
WI,2020,316,2020-11-11,1,NA,1.4,1330,1415,6.2,W,5,2,0,NA
WI,2021,55,2021-02-24,1,NA,2.4,1230,NA,3,W,14,NA,100,1
WI,2021,105,2021-04-15,1,NA,0.9,1330,1430,7.3,N,11,5,95,NA
WI,2021,132,2021-05-12,1,NA,2.2,1500,1545,18,E,5,5,25,1
WI,2021,155,2021-06-04,1,NA,0.95,1430,1515,28,W,16,5,0,NA
WI,2021,168,2021-06-17,1,NA,1.6,1130,1215,24.9,S,10,5,10,NA
WI,2021,183,2021-07-02,1,NA,1.5,1330,1420,21.5,N,5,3,25,NA
WI,2021,201,2021-07-20,1,NA,1.1,1330,1415,26.4,NW,5,1,30,NA
WI,2021,210,2021-07-29,1,NA,1,1515,1545,28.3,N,5,2,50,NA
WI,2021,223,2021-08-11,1,NA,0.9,11,1145,26.4,SW,20,10,100,NA
WI,2021,245,2021-09-02,1,NA,1.1,1500,NA,23.4,S,6,2,80,NA
WI,2021,257,2021-09-14,1,NA,0.9,1345,1430,21,W,18,3,100,NA
WI,2021,278,2021-10-05,1,NA,1,1315,1400,18.7,NE,7,10,100,NA
WI,2021,314,2021-11-10,1,NA,1.6,1300,1345,12,E,15,10,100,NA
WI,2022,40,2022-02-09,1,NA,1.5,1230,1330,2.2,W,15,NA,95,1
WI,2022,115,2022-04-25,1,NA,1,1245,1330,4.8,W,15,10,100,NA
WI,2022,126,2022-05-06,1,NA,1.3,1130,1200,10.5,NE,10,5,100,NA
WI,2022,138,2022-05-18,1,NA,1.25,1245,1330,12,SE,12,10,100,NA
WI,2022,154,2022-06-03,1,NA,1,1400,1415,19.8,W,16,5,0,NA
WI,2022,180,2022-06-29,1,NA,1.7,1230,1315,22.9,N,4,2,10,NA
WI,2022,201,2022-07-20,1,NA,1.1,1315,1345,25.1,W,15,10,70,NA
WI,2022,208,2022-07-27,1,NA,1.2,1245,1315,24.1,NW,10,5,40,NA
WI,2022,224,2022-08-12,1,NA,1.5,1200,1245,18.9,S,4,1,100,NA
WI,2022,235,2022-08-23,1,NA,1.6,1115,1145,23.7,N,8,NA,NA,NA
WI,2022,252,2022-09-09,1,NA,1,1330,1415,20.6,NW,3,1,0,NA
WI,2022,283,2022-10-10,1,NA,1.5,1515,1545,21.6,SE,2,1,0,NA
WI,2022,307,2022-11-03,1,NA,1.6,1400,1430,19,S,17,10,50,NA
WI,2023,37,2023-02-06,1,NA,1.5,1500,1545,2,SE,15,NA,85,1
WI,2023,100,2023-04-10,1,NA,1.6,1300,1330,20,SW,10,NA,20,NA
WI,2023,123,2023-05-03,1,NA,1.9,1345,1415,13,NE,2,1,2,NA
WI,2023,135,2023-05-15,1,NA,3.6,1130,1215,14.6,E,4,5,75,NA
WI,2023,152,2023-06-01,1,NA,1.6,1100,1130,25.8,E,2,1,15,NA
WI,2023,164,2023-06-13,1,NA,1.7,1130,1200,17,NW,10,3,100,NA
WI,2023,177,2023-06-26,1,NA,1.75,1200,1245,19.3,NW,15,2,100,NA
WI,2023,193,2023-07-12,1,NA,1.3,1130,1215,19,E,15,2,100,NA
WI,2023,207,2023-07-26,1,NA,1.8,1345,1430,25,N,4,1,55,NA
WI,2023,221,2023-08-09,1,NA,1.1,1130,1200,26,NE,8,1,95,NA
WI,2023,234,2023-08-22,1,NA,1,1125,1155,27,SE,8,3,0,NA
WI,2023,248,2023-09-05,1,NA,0.7,1140,1220,25.2,S,10,3,90,NA
WI,2023,277,2023-10-04,1,NA,0.5,1106,1145,23,SW,15,4,65,NA
WI,2023,310,2023-11-06,1,NA,0.75,1056,1200,16,W,16,6,20,NA
WI,2024,61,2024-03-01,1,NA,2.1,1151,1245,7.7,SW,15,4,100,NA
WI,2024,113,2024-04-22,1,NA,0.9,1230,1315,16.6,SW,14,12,85,NA
WI,2024,120,2024-04-29,1,NA,1.1,1130,1200,16,NE,12,4,100,NA
WI,2024,137,2024-05-16,1,NA,1.1,1130,1230,17.8,S,8,5,50,NA
WI,2024,151,2024-05-30,1,NA,1.1,1030,1115,18,SE,6,3,5,NA
WI,2024,164,2024-06-12,1,NA,0.9,1130,1200,27.8,SW,9,10,5,NA
WI,2024,176,2024-06-24,1,NA,1.5,1115,1200,26.6,NW,8,2,10,NA
WI,2024,193,2024-07-11,1,NA,1.1,1045,1124,23,E,6,1,80,NA
WI,2024,206,2024-07-24,1,NA,1.1,1110,1145,20,NE,6,2,100,NA
WI,2024,219,2024-08-06,1,NA,1.1,1130,1218,19,NE,16,7,100,NA
WI,2024,233,2024-08-20,1,NA,1.15,1320,1400,21.7,E,6,5,50,NA
WI,2024,249,2024-09-05,1,NA,1.4,1055,1140,22.2,SW,12,6,95,NA
WI,2024,262,2024-09-18,1,NA,1.2,1215,1315,22.8,N,1,0,60,NA
WI,2024,275,2024-10-01,1,NA,1.4,1220,1300,17,NW,14,5,5,NA
WI,2024,289,2024-10-15,1,NA,1.7,1149,1230,8,N,18,5,30,NA
WI,2024,303,2024-10-29,1,NA,1.1,1145,1230,21.6,SW,20,20,0,NA
WI,2024,316,2024-11-11,1,NA,1.2,1130,1215,7.7,NW,20,15,50,NA
WI,2025,55,2025-02-24,1,NA,1.1,1215,1330,8,SW,10,NA,95,1
WI,2025,71,2025-03-12,1,NA,1.1,1215,1330,6.6,S,3,1,50,NA
WI,2025,105,2025-04-15,1,NA,1.3,1300,1345,9,NW,19,5,80,NA
WI,2025,118,2025-04-28,1,NA,1,1300,1345,20,S,20,20,0,NA
WI,2025,135,2025-05-15,1,NA,1,1045,1115,21.8,S,15,10,95,NA
WI,2025,148,2025-05-28,1,NA,2.75,1115,1145,12.7,N,5,1,100,NA
WI,2025,160,2025-06-09,1,NA,1.5,1100,1130,15,W,14,8,100,NA
WI,2025,174,2025-06-23,1,NA,1.4,1050,1135,30,SW,16,8,20,NA
WI,2025,190,2025-07-09,1,NA,1,1105,1200,25,NE,6,2,15,NA
WI,2025,204,2025-07-23,1,NA,0.8,1111,1146,27,S,10,5,95,NA
WI,2025,218,2025-08-06,1,NA,0.25,1050,1145,25,SE,7,1,30,NA
WI,2025,230,2025-08-18,1,NA,0.7,1400,1430,27,S,3,1,100,NA
WI,2025,248,2025-09-05,1,NA,0.5,1045,1115,13.2,W,20,15,50,NA
WI,2025,262,2025-09-19,1,NA,0.7,1430,1500,27,S,5,3,100,NA
WI,2025,275,2025-10-02,1,NA,0.6,1115,1215,20.6,SE,2,2,10,NA
WI,2025,293,2025-10-20,1,NA,0.8,1130,1200,15.3,S,15,15,0,NA
WI,2025,311,2025-11-07,1,NA,0.9,1045,1115,11.3,W,15,7,50,NA
WI,2025,322,2025-11-18,1,NA,1.25,1215,1245,3.7,E,11,15,100,NA
